사고번호,사고일시,요일,시군구,사고내용,사망자수,중상자수,경상자수,부상신고자수,사고유형,법규위반,노면상태,기상상태,도로형태,가해운전자 차종,가해운전자 성별,가해운전자 연령,가해운전자 상해정도,피해운전자 차종,피해운전자 성별,피해운전자 연령,피해운전자 상해정도
2020072200100372,2020년 7월 22일 15시,수요일,충청남도 천안시 서북구 성성동,경상사고,0,0,1,0,차대차 - 정면충돌,안전운전불이행,건조,맑음,단일로 - 기타,승용,남,54세,상해없음,승용,여,43세,경상
2020072200100401,2020년 7월 22일 16시,수요일,충청남도 천안시 동남구 원성동,경상사고,0,0,2,0,차대차 - 측면충돌,안전운전불이행,건조,맑음,단일로 - 기타,승용,남,77세,상해없음,승용,여,62세,경상
2020072200100443,2020년 7월 22일 17시,수요일,충청남도 천안시 동남구 청당동,중상사고,0,1,0,0,차대차 - 추돌,안전운전불이행,건조,맑음,교차로 - 교차로부근,승용,여,56세,상해없음,승용,여,42세,중상
2020072200100491,2020년 7월 22일 18시,수요일,충청남도 천안시 서북구 두정동,경상사고,0,0,1,0,차대차 - 기타,안전운전불이행,건조,맑음,교차로 - 교차로부근,이륜,남,25세,상해없음,승합,남,60세,상해없음
2020072200100536,2020년 7월 22일 19시,수요일,충청남도 천안시 서북구 불당동,경상사고,0,0,1,0,차대차 - 측면충돌,신호위반,건조,맑음,교차로 - 교차로안,승합,남,41세,상해없음,승용,남,37세,경상
2020072200100604,2020년 7월 22일 21시,수요일,충청남도 천안시 서북구 쌍용동,경상사고,0,0,1,0,차대차 - 후진중충돌,안전운전불이행,건조,맑음,단일로 - 기타,승용,여,55세,상해없음,이륜,남,37세,경상
2020072200100605,2020년 7월 22일 21시,수요일,충청남도 천안시 서북구 백석동,경상사고,0,0,4,0,차대차 - 추돌,안전운전불이행,건조,맑음,교차로 - 교차로부근,승용,남,32세,상해없음,승용,여,25세,경상
2020072200100633,2020년 7월 22일 22시,수요일,충청남도 천안시 서북구 두정동,경상사고,0,0,1,0,차대사람 - 횡단중,안전운전불이행,건조,맑음,교차로 - 교차로횡단보도내,승용,남,63세,상해없음,보행자,남,36세,경상
2020072300100007,2020년 7월 23일 00시,목요일,충청남도 천안시 서북구 쌍용동,경상사고,0,0,5,0,차대차 - 추돌,안전운전불이행,건조,맑음,단일로 - 기타,승합,남,40세,상해없음,승용,남,63세,경상
2020072300100140,2020년 7월 23일 09시,목요일,충청남도 천안시 서북구 성거읍,중상사고,0,1,0,0,차대차 - 측면충돌,안전운전불이행,젖음/습기,비,교차로 - 교차로부근,화물,남,61세,상해없음,승용,여,47세,중상
2020072300100167,2020년 7월 23일 10시,목요일,충청남도 천안시 서북구 성거읍,경상사고,0,0,2,0,차대차 - 추돌,안전운전불이행,건조,맑음,단일로 - 기타,승용,남,24세,상해없음,화물,남,60세,경상
2020072300100346,2020년 7월 23일 16시,목요일,충청남도 천안시 서북구 백석동,경상사고,0,0,1,0,차대차 - 기타,안전운전불이행,건조,맑음,단일로 - 기타,승용,남,25세,기타불명,승용,여,42세,경상
2020072300100347,2020년 7월 23일 16시,목요일,충청남도 천안시 동남구 원성동,경상사고,0,0,1,0,차대차 - 측면충돌,안전거리미확보,젖음/습기,비,교차로 - 교차로안,승용,여,39세,상해없음,승용,남,25세,상해없음
2020072300100440,2020년 7월 23일 18시,목요일,충청남도 천안시 동남구 신부동,경상사고,0,0,1,0,차대차 - 측면충돌,안전거리미확보,젖음/습기,비,단일로 - 기타,승용,남,39세,상해없음,승용,남,41세,상해없음
2020072300100543,2020년 7월 23일 20시,목요일,충청남도 천안시 서북구 두정동,경상사고,0,0,1,0,차대차 - 측면충돌,안전거리미확보,건조,맑음,단일로 - 기타,승용,남,53세,상해없음,승용,남,32세,상해없음
2020072300100544,2020년 7월 23일 20시,목요일,충청남도 천안시 동남구 신방동,경상사고,0,0,1,0,차대차 - 기타,신호위반,젖음/습기,비,교차로 - 교차로안,기타불명,기타불명,미분류,기타불명,이륜,남,33세,경상
2020072300100545,2020년 7월 23일 20시,목요일,충청남도 천안시 동남구 신부동,경상사고,0,0,1,0,차대차 - 측면충돌,중앙선침범,젖음/습기,비,단일로 - 기타,이륜,남,29세,상해없음,승용,남,66세,상해없음
2020072300100597,2020년 7월 23일 21시,목요일,충청남도 천안시 서북구 두정동,경상사고,0,0,1,0,차대차 - 측면충돌,안전운전불이행,젖음/습기,비,단일로 - 기타,승용,남,30세,상해없음,이륜,남,35세,경상
2020072300100647,2020년 7월 23일 22시,목요일,충청남도 천안시 서북구 불당동,중상사고,0,1,0,0,차대차 - 측면충돌,신호위반,젖음/습기,비,교차로 - 교차로안,승용,남,32세,상해없음,이륜,남,38세,중상
2020072400100184,2020년 7월 24일 11시,금요일,충청남도 천안시 서북구 쌍용동,경상사고,0,0,1,0,차대차 - 측면충돌,안전운전불이행,건조,맑음,교차로 - 교차로부근,승용,여,50세,상해없음,승용,여,60세,경상
2020072400100482,2020년 7월 24일 19시,금요일,충청남도 천안시 동남구 성황동,경상사고,0,0,1,0,차대차 - 기타,교차로운행방법위반,젖음/습기,흐림,교차로 - 교차로안,승용,남,62세,상해없음,승용,여,48세,경상
2020072500100036,2020년 7월 25일 01시,토요일,충청남도 천안시 서북구 두정동,경상사고,0,0,3,0,차대차 - 측면충돌,신호위반,건조,흐림,교차로 - 교차로안,승용,남,31세,상해없음,승용,남,50세,경상
2020072500100131,2020년 7월 25일 08시,토요일,충청남도 천안시 서북구 입장면,중상사고,0,2,0,0,차대차 - 기타,과속,건조,맑음,단일로 - 기타,승용,남,22세,상해없음,승용,남,66세,중상
2020072500100361,2020년 7월 25일 15시,토요일,충청남도 천안시 동남구 다가동,경상사고,0,0,1,0,차대사람 - 횡단중,보행자보호의무위반,건조,맑음,교차로 - 교차로안,승용,남,50세,상해없음,보행자,여,40세,경상
2020072500100362,2020년 7월 25일 15시,토요일,충청남도 천안시 동남구 신부동,경상사고,0,0,3,0,차대차 - 측면충돌,안전운전불이행,건조,맑음,교차로 - 교차로부근,승합,남,53세,상해없음,승용,남,58세,경상
2020072500100539,2020년 7월 25일 20시,토요일,충청남도 천안시 동남구 목천읍,경상사고,0,0,1,0,차대차 - 측면충돌,중앙선침범,건조,맑음,단일로 - 기타,승용,남,55세,상해없음,자전거,남,17세,경상
2020072500100628,2020년 7월 25일 23시,토요일,충청남도 천안시 서북구 두정동,경상사고,0,0,1,0,차대사람 - 기타,안전운전불이행,건조,맑음,단일로 - 기타,승용,남,32세,기타불명,보행자,남,33세,경상
2020072600100092,2020년 7월 26일 08시,일요일,충청남도 천안시 동남구 성황동,경상사고,0,0,1,0,차대차 - 측면충돌,안전운전불이행,건조,맑음,단일로 - 기타,승용,남,54세,상해없음,이륜,남,40세,경상
2020072600100355,2020년 7월 26일 18시,일요일,충청남도 천안시 서북구 입장면,경상사고,0,0,2,0,차대차 - 추돌,안전운전불이행,젖음/습기,비,단일로 - 기타,승용,남,62세,상해없음,승용,여,30세,경상
2020072600100401,2020년 7월 26일 20시,일요일,충청남도 천안시 서북구 성정동,경상사고,0,0,1,0,차량단독 - 기타,안전운전불이행,건조,맑음,단일로 - 기타,승합,남,39세,상해없음,,,,
2020072600100419,2020년 7월 26일 21시,일요일,충청남도 천안시 동남구 신부동,경상사고,0,0,1,0,차대차 - 측면충돌,신호위반,건조,맑음,단일로 - 기타,승용,남,64세,상해없음,이륜,남,21세,경상
2020072700100098,2020년 7월 27일 08시,월요일,충청남도 천안시 서북구 두정동,경상사고,0,0,1,0,차대차 - 측면충돌,안전운전불이행,젖음/습기,흐림,단일로 - 기타,승용,남,24세,상해없음,승용,여,26세,경상
2020072700100139,2020년 7월 27일 09시,월요일,충청남도 천안시 서북구 성성동,경상사고,0,0,1,0,차대차 - 추돌,안전운전불이행,건조,흐림,단일로 - 기타,승용,남,47세,상해없음,화물,남,54세,경상
2020072700100248,2020년 7월 27일 12시,월요일,충청남도 천안시 동남구 청당동,중상사고,0,2,0,0,차대차 - 추돌,안전운전불이행,건조,맑음,교차로 - 교차로부근,건설기계,남,70세,상해없음,화물,남,36세,중상
2020072700100399,2020년 7월 27일 16시,월요일,충청남도 천안시 동남구 봉명동,경상사고,0,0,1,0,차대차 - 기타,안전운전불이행,기타,흐림,교차로 - 교차로안,이륜,남,34세,기타불명,승용,남,36세,경상
2020072700100431,2020년 7월 27일 17시,월요일,충청남도 천안시 동남구 신방동,경상사고,0,0,1,0,차대차 - 기타,안전운전불이행,젖음/습기,흐림,교차로 - 교차로안,승용,여,54세,상해없음,이륜,남,25세,경상
2020072700100473,2020년 7월 27일 18시,월요일,충청남도 천안시 서북구 성거읍,경상사고,0,0,1,1,차량단독 - 기타,안전운전불이행,건조,맑음,단일로 - 기타,승합,남,44세,상해없음,,,,
2020072700100474,2020년 7월 27일 18시,월요일,충청남도 천안시 서북구 백석동,경상사고,0,0,1,0,차량단독 - 기타,안전운전불이행,건조,맑음,단일로 - 기타,승합,남,59세,기타불명,,,,
2020072700100595,2020년 7월 27일 22시,월요일,충청남도 천안시 서북구 성정동,경상사고,0,0,1,0,차대차 - 기타,안전운전불이행,젖음/습기,비,교차로 - 교차로안,승용,여,22세,상해없음,승용,남,57세,경상
2020072800100008,2020년 7월 28일 00시,화요일,충청남도 천안시 동남구 신부동,경상사고,0,0,2,1,차대차 - 기타,안전운전불이행,젖음/습기,흐림,교차로 - 교차로안,승용,남,34세,상해없음,승용,남,22세,경상
2020072800100101,2020년 7월 28일 08시,화요일,충청남도 천안시 서북구 쌍용동,경상사고,0,0,1,0,차대차 - 추돌,안전운전불이행,건조,맑음,교차로 - 교차로부근,승합,남,58세,상해없음,이륜,남,28세,경상
2020072800100199,2020년 7월 28일 12시,화요일,충청남도 천안시 서북구 두정동,경상사고,0,0,1,0,차대차 - 추돌,안전운전불이행,건조,맑음,교차로 - 교차로부근,승용,남,25세,상해없음,승용,여,47세,경상
2020072800100287,2020년 7월 28일 15시,화요일,충청남도 천안시 동남구 신방동,경상사고,0,0,1,0,차대차 - 측면충돌,안전운전불이행,건조,맑음,교차로 - 교차로부근,승용,남,35세,기타불명,승용,여,44세,경상
2020072800100399,2020년 7월 28일 18시,화요일,충청남도 천안시 서북구 쌍용동,중상사고,0,1,0,0,차대차 - 기타,안전운전불이행,젖음/습기,비,교차로 - 교차로안,승용,여,59세,상해없음,이륜,남,46세,중상
2020072800100404,2020년 7월 28일 18시,화요일,충청남도 천안시 동남구 구성동,경상사고,0,0,1,0,차대차 - 기타,안전운전불이행,젖음/습기,비,교차로 - 교차로안,승용,남,44세,상해없음,원동기,남,54세,경상
2020072800100452,2020년 7월 28일 19시,화요일,충청남도 천안시 서북구 불당동,경상사고,0,0,1,0,차대사람 - 기타,안전운전불이행,건조,맑음,교차로 - 교차로부근,승용,남,42세,상해없음,보행자,남,30세,경상
2020072800100529,2020년 7월 28일 21시,화요일,충청남도 천안시 서북구 백석동,경상사고,0,0,1,0,차대차 - 측면충돌,교차로운행방법위반,건조,맑음,교차로 - 교차로안,승용,여,45세,경상,승용,남,50세,상해없음
2020072900100036,2020년 7월 29일 02시,수요일,충청남도 천안시 서북구 성환읍,경상사고,0,0,1,0,차대차 - 기타,안전운전불이행,젖음/습기,비,단일로 - 기타,승용,기타불명,미분류,기타불명,승용,남,59세,경상
2020072900100170,2020년 7월 29일 10시,수요일,충청남도 천안시 동남구 병천면,중상사고,0,1,0,0,차대차 - 정면충돌,신호위반,젖음/습기,비,교차로 - 교차로안,건설기계,남,70세,상해없음,승용,여,51세,중상
2020072900100237,2020년 7월 29일 12시,수요일,충청남도 천안시 동남구 유량동,경상사고,0,0,2,0,차대차 - 측면충돌,교차로운행방법위반,젖음/습기,비,교차로 - 교차로안,이륜,남,43세,경상,승용,남,49세,경상
2020072900100306,2020년 7월 29일 14시,수요일,충청남도 천안시 동남구 봉명동,경상사고,0,0,1,0,차대사람 - 횡단중,안전운전불이행,건조,맑음,단일로 - 기타,승용,여,26세,상해없음,보행자,여,62세,경상
2020072900100345,2020년 7월 29일 15시,수요일,충청남도 천안시 서북구 성정동,경상사고,0,0,2,0,차대차 - 측면충돌,안전거리미확보,건조,맑음,단일로 - 기타,승용,여,55세,상해없음,승용,여,41세,경상
2020072900100378,2020년 7월 29일 16시,수요일,충청남도 천안시 서북구 불당동,경상사고,0,0,2,0,차대차 - 측면충돌,안전거리미확보,건조,맑음,교차로 - 교차로안,승용,여,33세,상해없음,승용,여,28세,경상
2020072900100475,2020년 7월 29일 19시,수요일,충청남도 천안시 동남구 신부동,경상사고,0,0,1,0,차대차 - 측면충돌,안전운전불이행,건조,맑음,교차로 - 교차로안,승용,남,68세,상해없음,승용,여,29세,경상
2020072900100508,2020년 7월 29일 20시,수요일,충청남도 천안시 서북구 성정동,경상사고,0,0,1,0,차대차 - 측면충돌,안전운전불이행,젖음/습기,비,단일로 - 기타,이륜,남,31세,상해없음,승용,남,37세,경상
2020072900100509,2020년 7월 29일 20시,수요일,충청남도 천안시 서북구 쌍용동,중상사고,0,1,0,0,차대차 - 기타,안전운전불이행,젖음/습기,비,교차로 - 교차로안,승용,남,68세,상해없음,이륜,남,44세,중상
2020072900100565,2020년 7월 29일 22시,수요일,충청남도 천안시 동남구 신부동,경상사고,0,0,1,0,차대사람 - 기타,안전운전불이행,젖음/습기,비,단일로 - 기타,승용,여,47세,상해없음,보행자,여,47세,경상
2020072900100589,2020년 7월 29일 23시,수요일,충청남도 천안시 서북구 성정동,경상사고,0,0,1,0,차대차 - 정면충돌,안전운전불이행,젖음/습기,비,단일로 - 기타,승용,남,27세,상해없음,이륜,남,42세,경상
2020073000100062,2020년 7월 30일 06시,목요일,충청남도 천안시 서북구 두정동,경상사고,0,0,1,0,차대차 - 측면충돌,신호위반,건조,맑음,단일로 - 기타,승용,남,59세,상해없음,자전거,남,62세,경상
2020073000100107,2020년 7월 30일 08시,목요일,충청남도 천안시 동남구 풍세면,경상사고,0,0,1,0,차대차 - 측면충돌,안전운전불이행,건조,맑음,단일로 - 기타,화물,남,52세,상해없음,승용,여,55세,경상
2020073000100437,2020년 7월 30일 18시,목요일,충청남도 천안시 서북구 성정동,경상사고,0,0,1,0,차대차 - 측면충돌,안전운전불이행,건조,맑음,단일로 - 기타,승용,남,38세,상해없음,이륜,남,34세,경상
2020073000100478,2020년 7월 30일 19시,목요일,충청남도 천안시 서북구 두정동,경상사고,0,0,1,0,차대사람 - 횡단중,보행자보호의무위반,건조,맑음,교차로 - 교차로횡단보도내,승용,남,27세,상해없음,보행자,남,25세,경상
2020073000100479,2020년 7월 30일 19시,목요일,충청남도 천안시 서북구 두정동,경상사고,0,0,1,0,차대차 - 측면충돌,교차로운행방법위반,건조,맑음,교차로 - 교차로안,승용,남,42세,상해없음,이륜,남,33세,경상
2020073100100152,2020년 7월 31일 10시,금요일,충청남도 천안시 서북구 불당동,경상사고,0,0,1,0,차대차 - 측면충돌,안전운전불이행,건조,맑음,교차로 - 교차로부근,승용,여,47세,상해없음,이륜,남,28세,경상
2020073100100372,2020년 7월 31일 16시,금요일,충청남도 천안시 서북구 성정동,경상사고,0,0,3,0,차대차 - 측면충돌,교차로운행방법위반,젖음/습기,맑음,교차로 - 교차로안,승용,여,60세,경상,승용,남,46세,상해없음
2020073100100417,2020년 7월 31일 17시,금요일,충청남도 천안시 서북구 성환읍,경상사고,0,0,2,0,차대차 - 기타,중앙선침범,건조,맑음,단일로 - 기타,승용,남,23세,상해없음,승용,남,53세,경상
2020073100100523,2020년 7월 31일 19시,금요일,충청남도 천안시 서북구 성정동,경상사고,0,0,2,0,차대차 - 기타,안전운전불이행,건조,맑음,단일로 - 기타,승용,남,60세,상해없음,승용,남,33세,경상
2020073100100590,2020년 7월 31일 21시,금요일,충청남도 천안시 서북구 두정동,경상사고,0,0,1,0,차대차 - 기타,안전운전불이행,건조,맑음,교차로 - 교차로안,승용,남,29세,상해없음,승용,남,51세,경상
2020073100100592,2020년 7월 31일 21시,금요일,충청남도 천안시 동남구 원성동,중상사고,0,1,0,0,차대사람 - 횡단중,안전운전불이행,건조,맑음,교차로 - 교차로횡단보도내,승용,남,67세,상해없음,보행자,여,41세,중상
2020073100100593,2020년 7월 31일 21시,금요일,충청남도 천안시 동남구 목천읍,중상사고,0,1,0,0,차대차 - 측면충돌,안전운전불이행,젖음/습기,흐림,단일로 - 기타,기타불명,기타불명,미분류,기타불명,승용,여,48세,중상
2020073100100625,2020년 7월 31일 22시,금요일,충청남도 천안시 동남구 목천읍,중상사고,0,2,0,0,차대차 - 정면충돌,교차로운행방법위반,건조,맑음,교차로 - 교차로부근,승용,남,41세,상해없음,이륜,남,50세,중상
2020073100100626,2020년 7월 31일 22시,금요일,충청남도 천안시 동남구 안서동,중상사고,0,1,1,0,차대차 - 기타,안전운전불이행,건조,맑음,단일로 - 기타,화물,남,60세,상해없음,승용,여,52세,중상
2020080100100055,2020년 8월 1일 03시,토요일,충청남도 천안시 서북구 불당동,중상사고,0,1,1,0,차대사람 - 횡단중,안전운전불이행,건조,맑음,교차로 - 교차로안,승용,남,36세,상해없음,보행자,남,22세,중상
2020080100100100,2020년 8월 1일 08시,토요일,충청남도 천안시 서북구 성정동,중상사고,0,1,0,0,차대사람 - 기타,안전운전불이행,건조,맑음,단일로 - 지하차도(도로)내,기타불명,기타불명,미분류,기타불명,보행자,남,32세,중상
2020080100100101,2020년 8월 1일 08시,토요일,충청남도 천안시 동남구 안서동,경상사고,0,0,1,0,차대차 - 측면충돌,안전거리미확보,건조,흐림,단일로 - 기타,승용,남,57세,상해없음,승용,남,71세,경상
2020080100100148,2020년 8월 1일 10시,토요일,충청남도 천안시 서북구 불당동,경상사고,0,0,1,0,차대차 - 측면충돌,교차로운행방법위반,건조,맑음,교차로 - 교차로안,승용,여,56세,상해없음,승용,남,27세,경상
2020080100100179,2020년 8월 1일 11시,토요일,충청남도 천안시 동남구 청당동,경상사고,0,0,1,0,차대차 - 측면충돌,직진우회전진행방해,건조,맑음,교차로 - 교차로안,이륜,남,34세,상해없음,승용,여,31세,경상
2020080100100259,2020년 8월 1일 13시,토요일,충청남도 천안시 동남구 사직동,중상사고,0,1,0,0,차대사람 - 기타,안전운전불이행,건조,맑음,단일로 - 기타,화물,남,77세,상해없음,보행자,남,70세,중상
2020080100100295,2020년 8월 1일 14시,토요일,충청남도 천안시 서북구 백석동,경상사고,0,0,6,0,차대차 - 추돌,안전운전불이행,젖음/습기,비,단일로 - 기타,승용,여,47세,경상,승용,여,52세,상해없음
2020080100100332,2020년 8월 1일 15시,토요일,충청남도 천안시 동남구 다가동,경상사고,0,0,1,0,차대차 - 측면충돌,신호위반,젖음/습기,비,교차로 - 교차로횡단보도내,화물,남,65세,상해없음,자전거,남,12세,경상
2020080100100333,2020년 8월 1일 15시,토요일,충청남도 천안시 동남구 구성동,경상사고,0,0,3,0,차대차 - 추돌,안전거리미확보,건조,맑음,단일로 - 기타,승용,남,26세,상해없음,승용,여,41세,경상
2020080100100450,2020년 8월 1일 18시,토요일,충청남도 천안시 서북구 쌍용동,경상사고,0,0,1,0,차대차 - 기타,안전운전불이행,젖음/습기,흐림,교차로 - 교차로안,승용,남,29세,상해없음,승용,남,40세,경상
2020080100100538,2020년 8월 1일 21시,토요일,충청남도 천안시 동남구 신방동,경상사고,0,0,1,0,차대차 - 측면충돌,안전운전불이행,젖음/습기,비,교차로 - 교차로안,승용,남,56세,상해없음,이륜,남,39세,경상
2020080200100133,2020년 8월 2일 12시,일요일,충청남도 천안시 서북구 백석동,경상사고,0,0,1,0,차대차 - 측면충돌,신호위반,젖음/습기,비,교차로 - 교차로안,승용,남,25세,상해없음,화물,남,28세,경상
2020080200100183,2020년 8월 2일 14시,일요일,충청남도 천안시 동남구 신부동,중상사고,0,1,0,0,차대차 - 기타,안전운전불이행,건조,맑음,교차로 - 교차로안,승용,여,60세,상해없음,이륜,남,34세,중상
2020080300100044,2020년 8월 3일 05시,월요일,충청남도 천안시 서북구 신당동,경상사고,0,0,1,0,차대차 - 후진중충돌,안전운전불이행,건조,맑음,교차로 - 교차로부근,승용,남,51세,상해없음,승용,여,38세,경상
2020080300100262,2020년 8월 3일 13시,월요일,충청남도 천안시 서북구 불당동,경상사고,0,0,1,0,차대차 - 기타,안전운전불이행,젖음/습기,비,단일로 - 기타,승용,남,45세,상해없음,이륜,남,39세,경상
2020080300100266,2020년 8월 3일 13시,월요일,충청남도 천안시 동남구 성황동,경상사고,0,0,1,0,차량단독 - 공작물충돌,안전운전불이행,젖음/습기,비,단일로 - 기타,승용,남,63세,경상,,,,
2020080300100538,2020년 8월 3일 21시,월요일,충청남도 천안시 서북구 두정동,경상사고,0,0,1,0,차대사람 - 길가장자리구역통행중,안전운전불이행,젖음/습기,비,기타 - 기타,승용,여,25세,상해없음,보행자,남,48세,경상
2020080400100039,2020년 8월 4일 04시,화요일,충청남도 천안시 서북구 두정동,중상사고,0,1,0,0,차대차 - 추돌,안전운전불이행,건조,맑음,단일로 - 기타,승용,남,32세,중상,화물,남,59세,상해없음
2020080400100284,2020년 8월 4일 14시,화요일,충청남도 천안시 서북구 성정동,경상사고,0,0,1,0,차대사람 - 기타,안전운전불이행,젖음/습기,흐림,교차로 - 교차로부근,기타불명,기타불명,미분류,기타불명,보행자,남,30세,경상
2020080400100285,2020년 8월 4일 14시,화요일,충청남도 천안시 서북구 신당동,경상사고,0,0,2,0,차대차 - 측면충돌,안전거리미확보,건조,맑음,단일로 - 기타,화물,남,72세,상해없음,화물,남,47세,상해없음
2020080400100427,2020년 8월 4일 18시,화요일,충청남도 천안시 서북구 쌍용동,중상사고,0,2,0,0,차대차 - 기타,기타,건조,맑음,단일로 - 기타,승합,남,49세,상해없음,이륜,남,30세,중상
2020080400100428,2020년 8월 4일 18시,화요일,충청남도 천안시 서북구 두정동,경상사고,0,0,1,0,차대사람 - 횡단중,신호위반,건조,맑음,교차로 - 교차로횡단보도내,승용,여,28세,상해없음,보행자,여,12세,경상
2020080400100465,2020년 8월 4일 19시,화요일,충청남도 천안시 동남구 신방동,경상사고,0,0,1,0,차대차 - 정면충돌,안전운전불이행,건조,맑음,교차로 - 교차로안,승용,남,23세,상해없음,승용,남,60세,경상
2020080400100466,2020년 8월 4일 19시,화요일,충청남도 천안시 동남구 신부동,경상사고,0,0,1,0,차대차 - 추돌,안전운전불이행,건조,맑음,단일로 - 기타,승용,남,77세,상해없음,이륜,남,29세,경상
2020080400100495,2020년 8월 4일 20시,화요일,충청남도 천안시 서북구 성정동,경상사고,0,0,1,0,차대차 - 측면충돌,교차로운행방법위반,건조,맑음,교차로 - 교차로안,승용,남,48세,경상,승용,남,64세,상해없음
2020080400100583,2020년 8월 4일 23시,화요일,충청남도 천안시 동남구 신부동,경상사고,0,0,1,0,차대차 - 추돌,안전거리미확보,건조,맑음,교차로 - 교차로부근,이륜,남,19세,상해없음,특수,남,27세,경상
2020080500100010,2020년 8월 5일 00시,수요일,충청남도 천안시 서북구 직산읍,경상사고,0,0,1,0,차대차 - 추돌,안전운전불이행,젖음/습기,흐림,단일로 - 기타,승용,남,34세,상해없음,승용,남,22세,경상
2020080500100043,2020년 8월 5일 04시,수요일,충청남도 천안시 서북구 두정동,경상사고,0,0,4,0,차대차 - 후진중충돌,안전운전불이행,건조,맑음,단일로 - 기타,승용,남,24세,상해없음,승용,남,26세,경상
2020080500100201,2020년 8월 5일 12시,수요일,충청남도 천안시 동남구 원성동,경상사고,0,0,4,0,차대차 - 측면충돌,안전운전불이행,건조,맑음,단일로 - 기타,승합,여,38세,상해없음,승합,남,38세,경상
2020080500100360,2020년 8월 5일 17시,수요일,충청남도 천안시 서북구 두정동,경상사고,0,0,1,0,차대차 - 추돌,안전운전불이행,건조,맑음,단일로 - 교량,승용,남,45세,상해없음,승용,남,57세,경상
2020080500100403,2020년 8월 5일 18시,수요일,충청남도 천안시 서북구 성정동,경상사고,0,0,1,0,차대차 - 기타,안전운전불이행,건조,맑음,단일로 - 기타,승용,남,38세,상해없음,이륜,남,36세,경상
2020080500100406,2020년 8월 5일 18시,수요일,충청남도 천안시 동남구 신부동,경상사고,0,0,3,0,차대차 - 정면충돌,안전운전불이행,건조,맑음,교차로 - 교차로안,승용,남,40세,기타불명,승용,남,25세,경상
2020080500100447,2020년 8월 5일 19시,수요일,충청남도 천안시 서북구 두정동,중상사고,0,1,1,0,차대차 - 측면충돌,중앙선침범,건조,맑음,단일로 - 기타,이륜,남,24세,중상,승용,남,28세,경상
2020080500100449,2020년 8월 5일 19시,수요일,충청남도 천안시 동남구 신부동,경상사고,0,0,1,0,차대차 - 측면충돌,안전운전불이행,건조,흐림,기타 - 기타,승용,여,63세,상해없음,원동기,남,25세,경상
2020080500100480,2020년 8월 5일 20시,수요일,충청남도 천안시 동남구 성남면,중상사고,0,1,0,0,차대차 - 기타,안전운전불이행,건조,맑음,단일로 - 기타,승합,남,60세,상해없음,승용,여,59세,중상
2020080600100014,2020년 8월 6일 00시,목요일,충청남도 천안시 서북구 성정동,경상사고,0,0,1,0,차대사람 - 기타,안전운전불이행,기타,비,단일로 - 기타,승용,남,54세,상해없음,보행자,남,49세,경상
2020080600100268,2020년 8월 6일 13시,목요일,충청남도 천안시 서북구 성정동,경상사고,0,0,3,0,차대차 - 정면충돌,중앙선침범,건조,맑음,기타 - 기타,승용,남,38세,상해없음,승용,남,62세,경상
2020080600100269,2020년 8월 6일 13시,목요일,충청남도 천안시 동남구 영성동,경상사고,0,0,1,0,차대사람 - 기타,안전운전불이행,건조,맑음,단일로 - 기타,화물,남,59세,상해없음,보행자,여,66세,경상
2020080600100270,2020년 8월 6일 13시,목요일,충청남도 천안시 동남구 신부동,경상사고,0,0,1,0,차대차 - 기타,신호위반,건조,맑음,교차로 - 교차로안,이륜,남,52세,상해없음,승용,남,36세,경상
2020080600100314,2020년 8월 6일 14시,목요일,충청남도 천안시 서북구 쌍용동,경상사고,0,0,1,0,차대차 - 측면충돌,안전운전불이행,건조,맑음,기타 - 기타,승용,남,60세,상해없음,승합,남,24세,경상
2020080600100466,2020년 8월 6일 18시,목요일,충청남도 천안시 동남구 원성동,중상사고,0,1,0,0,차대차 - 기타,안전운전불이행,건조,맑음,교차로 - 교차로안,이륜,남,58세,중상,승용,남,76세,상해없음
2020080600100553,2020년 8월 6일 22시,목요일,충청남도 천안시 서북구 쌍용동,경상사고,0,0,1,0,차대차 - 기타,안전운전불이행,건조,맑음,교차로 - 교차로부근,승용,남,47세,기타불명,화물,남,45세,경상
2020080700100060,2020년 8월 7일 05시,금요일,충청남도 천안시 서북구 백석동,경상사고,0,0,1,0,차대차 - 기타,신호위반,건조,맑음,교차로 - 교차로안,승용,남,23세,상해없음,승용,남,30세,경상
2020080700100141,2020년 8월 7일 09시,금요일,충청남도 천안시 서북구 성환읍,경상사고,0,0,1,0,차대차 - 추돌,안전운전불이행,건조,맑음,교차로 - 교차로부근,승용,남,70세,상해없음,이륜,남,76세,경상
2020080700100169,2020년 8월 7일 10시,금요일,충청남도 천안시 동남구 병천면,경상사고,0,0,1,0,차대차 - 추돌,안전운전불이행,건조,맑음,교차로 - 교차로부근,건설기계,남,37세,상해없음,승용,여,32세,경상
2020080700100287,2020년 8월 7일 14시,금요일,충청남도 천안시 서북구 쌍용동,중상사고,0,1,0,0,차대사람 - 횡단중,안전운전불이행,젖음/습기,비,교차로 - 교차로안,승용,남,73세,상해없음,보행자,여,72세,중상
2020080700100400,2020년 8월 7일 17시,금요일,충청남도 천안시 서북구 불당동,경상사고,0,0,1,0,차대차 - 측면충돌,교차로운행방법위반,건조,맑음,교차로 - 교차로횡단보도내,특수,남,41세,상해없음,승용,남,64세,경상