사고번호,사고일시,요일,시군구,사고내용,사망자수,중상자수,경상자수,부상신고자수,사고유형,법규위반,노면상태,기상상태,도로형태,가해운전자 차종,가해운전자 성별,가해운전자 연령,가해운전자 상해정도,피해운전자 차종,피해운전자 성별,피해운전자 연령,피해운전자 상해정도
2020080700100560,2020년 8월 7일 21시,금요일,충청남도 천안시 서북구 성정동,경상사고,0,0,1,1,차대차 - 추돌,기타,건조,맑음,단일로 - 기타,이륜,남,21세,상해없음,이륜,남,20세,부상신고
2020080700100562,2020년 8월 7일 21시,금요일,충청남도 천안시 동남구 원성동,중상사고,0,1,0,0,차대차 - 측면충돌,중앙선침범,건조,맑음,단일로 - 기타,자전거,남,60세,중상,이륜,남,48세,상해없음
2020080800100081,2020년 8월 8일 06시,토요일,충청남도 천안시 서북구 성정동,경상사고,0,0,2,0,차대차 - 측면충돌,안전운전불이행,건조,맑음,단일로 - 기타,승용,남,28세,경상,승용,남,70세,상해없음
2020080800100185,2020년 8월 8일 11시,토요일,충청남도 천안시 동남구 수신면,사망사고,1,2,3,0,차대차 - 추돌,안전운전불이행,젖음/습기,비,단일로 - 기타,승용,남,25세,사망,승합,남,61세,중상
2020080800100228,2020년 8월 8일 12시,토요일,충청남도 천안시 동남구 신방동,경상사고,0,0,1,0,차대차 - 기타,교차로운행방법위반,젖음/습기,비,교차로 - 교차로안,승용,남,69세,상해없음,승합,여,29세,경상
2020080800100328,2020년 8월 8일 15시,토요일,충청남도 천안시 서북구 불당동,경상사고,0,0,2,0,차대사람 - 횡단중,신호위반,건조,맑음,단일로 - 기타,이륜,남,36세,상해없음,보행자,여,46세,경상
2020080800100492,2020년 8월 8일 20시,토요일,충청남도 천안시 서북구 부대동,경상사고,0,0,1,0,차대차 - 기타,안전거리미확보,건조,맑음,교차로 - 교차로안,승용,남,58세,상해없음,승용,여,23세,경상
2020080900100012,2020년 8월 9일 00시,일요일,충청남도 천안시 서북구 성환읍,경상사고,0,0,1,0,차대차 - 기타,안전운전불이행,건조,맑음,교차로 - 교차로안,기타불명,기타불명,미분류,기타불명,승용,남,35세,경상
2020080900100062,2020년 8월 9일 04시,일요일,충청남도 천안시 서북구 쌍용동,사망사고,1,0,0,0,차량단독 - 전도전복 - 전도,안전운전불이행,젖음/습기,비,단일로 - 기타,이륜,남,19세,사망,,,,
2020080900100087,2020년 8월 9일 07시,일요일,충청남도 천안시 서북구 두정동,중상사고,0,1,1,0,차대차 - 정면충돌,신호위반,젖음/습기,비,교차로 - 교차로안,승용,여,21세,상해없음,승용,남,60세,경상
2020080900100148,2020년 8월 9일 12시,일요일,충청남도 천안시 동남구 청수동,중상사고,0,1,0,0,차대사람 - 횡단중,보행자보호의무위반,젖음/습기,비,단일로 - 기타,승용,남,40세,상해없음,보행자,여,80세,중상
2020080900100177,2020년 8월 9일 13시,일요일,충청남도 천안시 동남구 목천읍,경상사고,0,0,1,0,차량단독 - 기타,안전운전불이행,젖음/습기,비,단일로 - 기타,이륜,여,72세,경상,,,,
2020080900100228,2020년 8월 9일 15시,일요일,충청남도 천안시 서북구 백석동,경상사고,0,0,1,0,차대차 - 측면충돌,안전운전불이행,건조,맑음,교차로 - 교차로부근,승용,남,57세,상해없음,승용,여,47세,경상
2020080900100263,2020년 8월 9일 16시,일요일,충청남도 천안시 동남구 광덕면,경상사고,0,0,16,0,차대차 - 기타,안전운전불이행,건조,맑음,단일로 - 터널,승용,남,41세,경상,승용,남,46세,경상
2020080900100353,2020년 8월 9일 19시,일요일,충청남도 천안시 서북구 쌍용동,경상사고,0,0,3,0,차대차 - 기타,안전거리미확보,건조,맑음,단일로 - 기타,승용,여,52세,상해없음,승용,남,29세,상해없음
2020080900100381,2020년 8월 9일 20시,일요일,충청남도 천안시 동남구 신방동,경상사고,0,0,1,0,차대차 - 측면충돌,안전거리미확보,건조,맑음,단일로 - 기타,승용,남,25세,상해없음,승용,남,41세,경상
2020080900100410,2020년 8월 9일 21시,일요일,충청남도 천안시 동남구 신부동,경상사고,0,0,2,0,차대차 - 추돌,안전운전불이행,건조,맑음,단일로 - 기타,승용,남,32세,상해없음,화물,남,55세,경상
2020080900100430,2020년 8월 9일 22시,일요일,충청남도 천안시 동남구 원성동,경상사고,0,0,1,0,차대차 - 측면충돌,직진우회전진행방해,건조,맑음,교차로 - 교차로안,승용,여,37세,상해없음,승용,남,51세,경상
2020081000100016,2020년 8월 10일 02시,월요일,충청남도 천안시 서북구 성정동,중상사고,0,1,0,0,차대차 - 측면충돌,안전운전불이행,건조,맑음,교차로 - 교차로안,승용,남,19세,상해없음,이륜,남,39세,중상
2020081000100078,2020년 8월 10일 08시,월요일,충청남도 천안시 서북구 백석동,경상사고,0,0,5,0,차대차 - 추돌,안전운전불이행,건조,맑음,단일로 - 기타,승용,남,25세,경상,승용,여,45세,경상
2020081000100172,2020년 8월 10일 11시,월요일,충청남도 천안시 동남구 광덕면,경상사고,0,0,3,0,차대차 - 추돌,안전운전불이행,건조,맑음,단일로 - 기타,승용,여,58세,상해없음,승용,남,54세,경상
2020081000100203,2020년 8월 10일 12시,월요일,충청남도 천안시 동남구 영성동,경상사고,0,0,1,0,차대차 - 측면충돌,안전운전불이행,건조,맑음,단일로 - 기타,화물,남,62세,상해없음,승용,남,40세,경상
2020081000100242,2020년 8월 10일 13시,월요일,충청남도 천안시 서북구 성환읍,경상사고,0,0,1,0,차대차 - 측면충돌,중앙선침범,젖음/습기,비,단일로 - 기타,승용,남,44세,상해없음,이륜,남,64세,경상
2020081000100311,2020년 8월 10일 15시,월요일,충청남도 천안시 서북구 성성동,경상사고,0,0,1,0,차대차 - 추돌,안전운전불이행,젖음/습기,흐림,단일로 - 기타,건설기계,남,71세,상해없음,승용,여,28세,경상
2020081000100312,2020년 8월 10일 15시,월요일,충청남도 천안시 서북구 성환읍,중상사고,0,2,0,0,차대차 - 측면충돌,기타,젖음/습기,비,단일로 - 기타,승용,여,31세,상해없음,승용,남,34세,중상
2020081000100313,2020년 8월 10일 15시,월요일,충청남도 천안시 서북구 두정동,경상사고,0,0,1,0,차대차 - 후진중충돌,안전운전불이행,젖음/습기,비,단일로 - 기타,승용,남,43세,상해없음,이륜,남,27세,경상
2020081000100552,2020년 8월 10일 22시,월요일,충청남도 천안시 서북구 두정동,경상사고,0,0,1,0,차대차 - 측면충돌,안전거리미확보,젖음/습기,비,단일로 - 기타,승용,남,32세,상해없음,승용,남,48세,경상
2020081000100553,2020년 8월 10일 22시,월요일,충청남도 천안시 동남구 신방동,중상사고,0,1,3,0,차대차 - 기타,안전운전불이행,젖음/습기,비,교차로 - 교차로안,승용,남,47세,상해없음,승합,남,57세,경상
2020081100100011,2020년 8월 11일 00시,화요일,충청남도 천안시 서북구 두정동,경상사고,0,0,1,0,차대차 - 기타,안전운전불이행,젖음/습기,비,단일로 - 기타,승용,남,30세,상해없음,승용,남,27세,상해없음
2020081100100160,2020년 8월 11일 09시,화요일,충청남도 천안시 서북구 불당동,경상사고,0,0,2,0,차대차 - 측면충돌,안전운전불이행,젖음/습기,비,단일로 - 기타,승용,남,61세,경상,화물,남,27세,경상
2020081100100161,2020년 8월 11일 09시,화요일,충청남도 천안시 동남구 봉명동,경상사고,0,0,1,0,차대사람 - 횡단중,안전운전불이행,젖음/습기,비,교차로 - 교차로부근,승용,남,60세,상해없음,보행자,남,50세,경상
2020081100100189,2020년 8월 11일 10시,화요일,충청남도 천안시 서북구 불당동,경상사고,0,0,1,0,차대차 - 기타,안전운전불이행,젖음/습기,비,단일로 - 기타,승용,남,31세,상해없음,승용,여,47세,경상
2020081100100233,2020년 8월 11일 11시,화요일,충청남도 천안시 서북구 성환읍,중상사고,0,2,0,0,차대차 - 정면충돌,신호위반,젖음/습기,비,교차로 - 교차로안,승용,여,31세,중상,승용,남,51세,중상
2020081100100326,2020년 8월 11일 14시,화요일,충청남도 천안시 서북구 두정동,중상사고,0,1,0,0,차대차 - 추돌,안전운전불이행,젖음/습기,비,교차로 - 교차로부근,승용,여,46세,상해없음,이륜,남,28세,중상
2020081100100395,2020년 8월 11일 16시,화요일,충청남도 천안시 서북구 불당동,경상사고,0,0,1,0,차대차 - 추돌,안전운전불이행,젖음/습기,흐림,교차로 - 교차로부근,승용,남,55세,상해없음,승용,여,53세,경상
2020081100100396,2020년 8월 11일 16시,화요일,충청남도 천안시 서북구 두정동,경상사고,0,0,3,0,차대차 - 추돌,안전운전불이행,젖음/습기,비,단일로 - 기타,승용,남,61세,경상,승용,남,50세,경상
2020081200100203,2020년 8월 12일 11시,수요일,충청남도 천안시 서북구 성환읍,경상사고,0,0,1,0,차대차 - 기타,안전거리미확보,건조,맑음,단일로 - 기타,화물,남,62세,상해없음,승용,남,32세,경상
2020081200100204,2020년 8월 12일 11시,수요일,충청남도 천안시 서북구 성환읍,경상사고,0,0,2,0,차대차 - 추돌,안전운전불이행,건조,맑음,단일로 - 기타,승용,여,29세,상해없음,화물,남,63세,경상
2020081200100207,2020년 8월 12일 11시,수요일,충청남도 천안시 동남구 신부동,경상사고,0,0,1,0,차대사람 - 기타,안전운전불이행,건조,맑음,단일로 - 기타,승용,남,70세,상해없음,보행자,남,32세,경상
2020081200100243,2020년 8월 12일 12시,수요일,충청남도 천안시 서북구 불당동,경상사고,0,0,1,0,차대차 - 기타,안전운전불이행,건조,맑음,단일로 - 기타,승용,남,25세,상해없음,승용,여,59세,경상
2020081200100313,2020년 8월 12일 14시,수요일,충청남도 천안시 서북구 백석동,경상사고,0,0,2,0,차대차 - 기타,안전거리미확보,젖음/습기,비,교차로 - 교차로안,승용,남,46세,상해없음,승용,남,62세,경상
2020081200100381,2020년 8월 12일 16시,수요일,충청남도 천안시 서북구 성정동,경상사고,0,0,1,0,차대사람 - 기타,안전운전불이행,건조,맑음,단일로 - 기타,기타불명,기타불명,미분류,기타불명,보행자,여,48세,경상
2020081200100383,2020년 8월 12일 16시,수요일,충청남도 천안시 동남구 신부동,경상사고,0,0,1,0,차대사람 - 기타,안전운전불이행,건조,맑음,기타 - 기타,승용,남,26세,상해없음,보행자,남,27세,경상
2020081200100424,2020년 8월 12일 17시,수요일,충청남도 천안시 서북구 입장면,중상사고,0,1,0,0,차대차 - 측면충돌,안전운전불이행,젖음/습기,비,교차로 - 교차로안,승용,남,73세,상해없음,자전거,여,51세,중상
2020081200100427,2020년 8월 12일 17시,수요일,충청남도 천안시 동남구 신부동,중상사고,0,1,0,0,차대차 - 기타,안전거리미확보,건조,맑음,단일로 - 기타,승용,남,47세,상해없음,이륜,남,25세,중상
2020081200100561,2020년 8월 12일 21시,수요일,충청남도 천안시 서북구 성정동,경상사고,0,0,1,0,차대사람 - 기타,안전운전불이행,건조,맑음,단일로 - 기타,승용,남,50세,상해없음,보행자,여,30세,경상
2020081200100590,2020년 8월 12일 22시,수요일,충청남도 천안시 서북구 백석동,경상사고,0,0,2,0,차대차 - 추돌,안전운전불이행,건조,맑음,교차로 - 교차로부근,승용,남,55세,상해없음,승용,남,38세,경상
2020081200100591,2020년 8월 12일 22시,수요일,충청남도 천안시 서북구 직산읍,경상사고,0,0,1,0,차대차 - 측면충돌,안전운전불이행,젖음/습기,비,교차로 - 교차로안,승용,남,35세,상해없음,승합,남,59세,경상
2020081200100618,2020년 8월 12일 23시,수요일,충청남도 천안시 서북구 두정동,경상사고,0,0,1,0,차대차 - 기타,안전운전불이행,건조,맑음,단일로 - 기타,승용,남,24세,상해없음,이륜,남,31세,경상
2020081300100181,2020년 8월 13일 11시,목요일,충청남도 천안시 동남구 신부동,경상사고,0,0,1,0,차량단독 - 기타,기타,건조,맑음,단일로 - 기타,승합,남,56세,상해없음,,,,
2020081300100252,2020년 8월 13일 13시,목요일,충청남도 천안시 서북구 성정동,경상사고,0,0,1,0,차대차 - 측면충돌,안전운전불이행,건조,맑음,단일로 - 기타,승용,남,57세,상해없음,승용,여,36세,경상
2020081300100330,2020년 8월 13일 15시,목요일,충청남도 천안시 동남구 원성동,사망사고,1,0,0,0,차대차 - 측면충돌,안전거리미확보,건조,맑음,단일로 - 기타,이륜,남,73세,사망,승용,남,61세,기타불명
2020081300100373,2020년 8월 13일 16시,목요일,충청남도 천안시 서북구 업성동,경상사고,0,0,1,0,차대차 - 측면충돌,신호위반,건조,맑음,교차로 - 교차로안,승용,남,51세,상해없음,승용,남,31세,경상
2020081300100451,2020년 8월 13일 18시,목요일,충청남도 천안시 동남구 원성동,경상사고,0,0,1,0,차대차 - 측면충돌,안전거리미확보,건조,맑음,단일로 - 기타,승용,남,65세,상해없음,이륜,남,77세,경상
2020081300100562,2020년 8월 13일 21시,목요일,충청남도 천안시 서북구 와촌동,경상사고,0,0,1,0,차대차 - 측면충돌,신호위반,건조,맑음,교차로 - 교차로안,승용,남,32세,상해없음,승용,여,66세,경상
2020081300100564,2020년 8월 13일 21시,목요일,충청남도 천안시 동남구 신부동,경상사고,0,0,1,0,차대차 - 측면충돌,차로위반,건조,맑음,단일로 - 기타,승용,남,50세,상해없음,이륜,남,28세,경상
2020081400100416,2020년 8월 14일 16시,금요일,충청남도 천안시 서북구 쌍용동,경상사고,0,0,1,0,차대차 - 추돌,안전운전불이행,건조,맑음,단일로 - 기타,승용,남,64세,상해없음,승용,여,37세,경상
2020081400100468,2020년 8월 14일 17시,금요일,충청남도 천안시 서북구 두정동,경상사고,0,0,2,0,차대차 - 후진중충돌,안전운전불이행,건조,맑음,교차로 - 교차로부근,승용,남,38세,상해없음,승용,여,31세,경상
2020081400100472,2020년 8월 14일 17시,금요일,충청남도 천안시 동남구 원성동,경상사고,0,0,1,0,차대차 - 측면충돌,차로위반,건조,맑음,단일로 - 기타,승용,남,29세,상해없음,승용,여,24세,경상
2020081400100571,2020년 8월 14일 19시,금요일,충청남도 천안시 서북구 백석동,경상사고,0,0,1,0,차대차 - 측면충돌,안전운전불이행,건조,맑음,교차로 - 교차로안,승용,여,48세,상해없음,승용,남,26세,경상
2020081400100602,2020년 8월 14일 20시,금요일,충청남도 천안시 동남구 신부동,경상사고,0,0,2,0,차대차 - 측면충돌,안전운전불이행,건조,맑음,교차로 - 교차로부근,승합,남,53세,상해없음,승용,남,32세,경상
2020081500100017,2020년 8월 15일 00시,토요일,충청남도 천안시 동남구 신부동,중상사고,0,1,0,0,차대차 - 기타,안전운전불이행,건조,맑음,단일로 - 기타,승용,남,30세,상해없음,이륜,남,18세,중상
2020081500100076,2020년 8월 15일 04시,토요일,충청남도 천안시 동남구 신방동,중상사고,0,1,0,1,차대차 - 기타,안전운전불이행,건조,맑음,단일로 - 기타,이륜,남,13세,부상신고,이륜,남,23세,중상
2020081500100113,2020년 8월 15일 07시,토요일,충청남도 천안시 동남구 대흥동,중상사고,0,1,2,0,차대차 - 추돌,안전운전불이행,건조,흐림,교차로 - 교차로부근,화물,남,60세,상해없음,승용,남,28세,중상
2020081500100190,2020년 8월 15일 11시,토요일,충청남도 천안시 서북구 쌍용동,경상사고,0,0,4,0,차대차 - 정면충돌,신호위반,건조,맑음,교차로 - 교차로안,승용,여,42세,상해없음,승용,여,26세,경상
2020081500100299,2020년 8월 15일 14시,토요일,충청남도 천안시 동남구 목천읍,경상사고,0,0,2,0,차대차 - 측면충돌,중앙선침범,건조,맑음,단일로 - 기타,승용,남,47세,상해없음,승용,여,50세,경상
2020081500100321,2020년 8월 15일 15시,토요일,충청남도 천안시 동남구 신부동,경상사고,0,0,1,0,차대차 - 기타,안전운전불이행,건조,맑음,단일로 - 기타,승용,남,25세,상해없음,승용,남,30세,경상
2020081500100383,2020년 8월 15일 17시,토요일,충청남도 천안시 서북구 입장면,경상사고,0,0,1,0,차대차 - 추돌,안전운전불이행,건조,맑음,교차로 - 교차로부근,화물,남,65세,상해없음,승용,남,67세,경상
2020081500100384,2020년 8월 15일 17시,토요일,충청남도 천안시 서북구 성정동,중상사고,0,2,0,0,차대차 - 측면충돌,교차로운행방법위반,건조,맑음,교차로 - 교차로안,이륜,남,18세,중상,승용,남,75세,상해없음
2020081500100460,2020년 8월 15일 19시,토요일,충청남도 천안시 동남구 풍세면,중상사고,0,1,0,0,차대사람 - 기타,안전운전불이행,건조,흐림,단일로 - 기타,승용,여,53세,상해없음,보행자,여,74세,중상
2020081600100064,2020년 8월 16일 04시,일요일,충청남도 천안시 서북구 성정동,경상사고,0,0,1,0,차대차 - 기타,중앙선침범,건조,맑음,단일로 - 기타,승용,기타불명,미분류,기타불명,승용,남,55세,경상
2020081600100316,2020년 8월 16일 16시,일요일,충청남도 천안시 서북구 불당동,경상사고,0,0,3,0,차대차 - 측면충돌,안전거리미확보,건조,맑음,단일로 - 기타,승용,여,35세,상해없음,승용,남,27세,경상
2020081600100318,2020년 8월 16일 16시,일요일,충청남도 천안시 동남구 유량동,경상사고,0,0,2,0,차대차 - 측면충돌,안전운전불이행,건조,맑음,단일로 - 기타,승용,여,62세,상해없음,승용,남,30세,경상
2020081600100395,2020년 8월 16일 18시,일요일,충청남도 천안시 동남구 신부동,중상사고,0,1,0,0,차대차 - 측면충돌,기타,건조,맑음,교차로 - 교차로부근,승용,남,59세,상해없음,이륜,남,64세,중상
2020081700100096,2020년 8월 17일 09시,월요일,충청남도 천안시 서북구 직산읍,경상사고,0,0,5,0,차대차 - 측면충돌,교차로운행방법위반,건조,맑음,교차로 - 교차로안,승용,여,40세,경상,승용,여,55세,경상
2020081700100345,2020년 8월 17일 16시,월요일,충청남도 천안시 서북구 입장면,중상사고,0,1,0,0,차대차 - 측면충돌,안전운전불이행,건조,맑음,단일로 - 기타,승용,남,60세,상해없음,이륜,남,38세,중상
2020081700100346,2020년 8월 17일 16시,월요일,충청남도 천안시 서북구 성환읍,중상사고,0,1,0,0,차대차 - 측면충돌,안전운전불이행,건조,맑음,교차로 - 교차로안,승용,남,61세,상해없음,이륜,남,30세,중상
2020081700100429,2020년 8월 17일 18시,월요일,충청남도 천안시 서북구 불당동,경상사고,0,0,1,1,차대차 - 측면충돌,교차로운행방법위반,건조,맑음,교차로 - 교차로안,이륜,남,23세,부상신고,승용,남,34세,경상
2020081700100509,2020년 8월 17일 20시,월요일,충청남도 천안시 서북구 불당동,경상사고,0,0,2,0,차대차 - 측면충돌,차로위반,건조,맑음,단일로 - 기타,승용,남,25세,경상,승용,남,26세,경상
2020081800100005,2020년 8월 18일 00시,화요일,충청남도 천안시 서북구 두정동,경상사고,0,0,2,0,차대차 - 측면충돌,신호위반,건조,맑음,교차로 - 교차로안,승용,여,35세,상해없음,승용,남,63세,경상
2020081800100042,2020년 8월 18일 05시,화요일,충청남도 천안시 서북구 불당동,중상사고,0,1,0,0,차대차 - 측면충돌,안전운전불이행,건조,맑음,교차로 - 교차로횡단보도내,승용,남,27세,상해없음,자전거,남,73세,중상
2020081800100207,2020년 8월 18일 11시,화요일,충청남도 천안시 동남구 목천읍,경상사고,0,0,1,0,차대차 - 기타,안전거리미확보,건조,맑음,교차로 - 교차로안,승용,여,49세,상해없음,승용,여,51세,경상
2020081800100380,2020년 8월 18일 15시,화요일,충청남도 천안시 동남구 목천읍,경상사고,0,0,1,0,차대사람 - 기타,안전운전불이행,건조,맑음,기타 - 기타,승용,여,22세,상해없음,보행자,남,57세,경상
2020081800100602,2020년 8월 18일 20시,화요일,충청남도 천안시 동남구 동면,중상사고,0,1,2,0,차대차 - 측면충돌,중앙선침범,건조,맑음,단일로 - 기타,기타불명,기타불명,미분류,기타불명,승용,남,39세,중상
2020081800100688,2020년 8월 18일 23시,화요일,충청남도 천안시 동남구 광덕면,사망사고,2,2,0,0,차대차 - 기타,안전운전불이행,건조,맑음,단일로 - 기타,화물,남,42세,중상,화물,남,50세,기타불명
2020081900100017,2020년 8월 19일 01시,수요일,충청남도 천안시 서북구 입장면,경상사고,0,0,1,0,차대사람 - 기타,안전운전불이행,건조,맑음,단일로 - 기타,승용,여,53세,상해없음,보행자,남,49세,경상
2020081900100239,2020년 8월 19일 12시,수요일,충청남도 천안시 서북구 두정동,경상사고,0,0,1,0,차대차 - 측면충돌,안전운전불이행,건조,맑음,교차로 - 교차로부근,화물,남,60세,상해없음,승용,여,26세,경상
2020081900100292,2020년 8월 19일 13시,수요일,충청남도 천안시 동남구 신부동,경상사고,0,0,1,0,차대차 - 측면충돌,안전운전불이행,건조,맑음,단일로 - 기타,이륜,남,21세,경상,승용,남,47세,상해없음
2020081900100323,2020년 8월 19일 14시,수요일,충청남도 천안시 서북구 성성동,중상사고,0,1,1,0,차대차 - 측면충돌,안전운전불이행,건조,맑음,단일로 - 기타,이륜,남,20세,상해없음,화물,남,26세,경상
2020081900100324,2020년 8월 19일 14시,수요일,충청남도 천안시 서북구 성정동,경상사고,0,0,3,0,차대차 - 추돌,안전거리미확보,건조,맑음,단일로 - 기타,화물,남,50세,경상,승용,남,55세,경상
2020081900100450,2020년 8월 19일 17시,수요일,충청남도 천안시 서북구 쌍용동,경상사고,0,0,1,0,차대차 - 추돌,안전운전불이행,건조,맑음,단일로 - 기타,승용,남,49세,상해없음,승용,남,26세,경상
2020081900100610,2020년 8월 19일 21시,수요일,충청남도 천안시 서북구 성정동,경상사고,0,0,3,0,차대차 - 측면충돌,안전거리미확보,건조,맑음,단일로 - 기타,승용,남,22세,상해없음,승용,남,34세,경상
2020081900100659,2020년 8월 19일 23시,수요일,충청남도 천안시 서북구 직산읍,경상사고,0,0,1,0,차대차 - 측면충돌,중앙선침범,건조,맑음,단일로 - 기타,승용,남,28세,상해없음,승용,여,26세,경상
2020082000100004,2020년 8월 20일 00시,목요일,충청남도 천안시 서북구 불당동,경상사고,0,0,2,0,차대차 - 측면충돌,안전운전불이행,건조,맑음,단일로 - 기타,승용,남,37세,상해없음,화물,남,41세,경상
2020082000100027,2020년 8월 20일 03시,목요일,충청남도 천안시 서북구 불당동,경상사고,0,0,3,0,차대차 - 측면충돌,안전운전불이행,건조,맑음,교차로 - 교차로부근,승용,남,62세,상해없음,승용,남,30세,경상
2020082000100047,2020년 8월 20일 06시,목요일,충청남도 천안시 서북구 성성동,경상사고,0,0,1,1,차대차 - 측면충돌,안전운전불이행,건조,맑음,교차로 - 교차로안,화물,남,34세,부상신고,화물,남,64세,경상
2020082000100488,2020년 8월 20일 18시,목요일,충청남도 천안시 서북구 두정동,중상사고,0,1,0,0,차량단독 - 공작물충돌,안전운전불이행,건조,맑음,단일로 - 기타,자전거,남,8세,중상,,,,
2020082000100490,2020년 8월 20일 18시,목요일,충청남도 천안시 동남구 봉명동,경상사고,0,0,1,0,차대차 - 기타,안전운전불이행,건조,맑음,단일로 - 기타,승용,남,59세,상해없음,승합,남,51세,경상
2020082000100534,2020년 8월 20일 19시,목요일,충청남도 천안시 서북구 불당동,중상사고,0,1,0,0,차대사람 - 차도통행중,안전운전불이행,건조,맑음,단일로 - 기타,이륜,남,37세,상해없음,보행자,여,15세,중상
2020082000100535,2020년 8월 20일 19시,목요일,충청남도 천안시 동남구 신부동,중상사고,0,1,0,0,차대차 - 기타,안전거리미확보,건조,맑음,단일로 - 기타,승용,남,50세,상해없음,이륜,남,19세,중상
2020082000100567,2020년 8월 20일 20시,목요일,충청남도 천안시 동남구 신부동,경상사고,0,0,2,0,차대차 - 기타,신호위반,건조,맑음,교차로 - 교차로안,이륜,남,23세,상해없음,승용,남,51세,경상
2020082100100104,2020년 8월 21일 08시,금요일,충청남도 천안시 동남구 원성동,중상사고,0,1,0,0,차대사람 - 기타,안전운전불이행,건조,맑음,교차로 - 교차로안,자전거,남,21세,상해없음,보행자,여,83세,중상
2020082100100192,2020년 8월 21일 11시,금요일,충청남도 천안시 서북구 성정동,경상사고,0,0,2,0,차대사람 - 기타,안전운전불이행,건조,맑음,교차로 - 교차로안,승용,남,49세,상해없음,보행자,여,24세,경상
2020082100100226,2020년 8월 21일 12시,금요일,충청남도 천안시 동남구 원성동,경상사고,0,0,1,0,차대차 - 측면충돌,신호위반,건조,맑음,교차로 - 교차로안,승용,남,44세,상해없음,승용,남,75세,경상
2020082100100295,2020년 8월 21일 14시,금요일,충청남도 천안시 서북구 성성동,경상사고,0,0,1,0,차대차 - 기타,안전운전불이행,건조,맑음,교차로 - 교차로안,승합,남,31세,상해없음,화물,남,37세,경상
2020082100100325,2020년 8월 21일 15시,금요일,충청남도 천안시 동남구 목천읍,중상사고,0,1,0,0,차대차 - 기타,안전운전불이행,건조,맑음,단일로 - 기타,승용,남,61세,상해없음,이륜,남,47세,중상
2020082100100326,2020년 8월 21일 15시,금요일,충청남도 천안시 동남구 신부동,경상사고,0,0,2,0,차대차 - 측면충돌,안전운전불이행,건조,맑음,단일로 - 기타,화물,남,53세,상해없음,승용,여,46세,경상
2020082100100437,2020년 8월 21일 18시,금요일,충청남도 천안시 동남구 청당동,중상사고,0,1,0,0,차대차 - 측면충돌,신호위반,건조,맑음,교차로 - 교차로안,승용,여,55세,상해없음,이륜,남,43세,중상
2020082100100485,2020년 8월 21일 19시,금요일,충청남도 천안시 서북구 성정동,경상사고,0,0,1,0,차대차 - 기타,안전운전불이행,건조,맑음,교차로 - 교차로부근,승용,남,60세,상해없음,이륜,남,36세,경상
2020082100100486,2020년 8월 21일 19시,금요일,충청남도 천안시 서북구 업성동,경상사고,0,0,2,0,차대차 - 추돌,안전운전불이행,건조,맑음,교차로 - 교차로부근,승용,남,47세,상해없음,승용,남,33세,경상
2020082200100008,2020년 8월 22일 00시,토요일,충청남도 천안시 서북구 불당동,경상사고,0,0,1,0,차대차 - 추돌,안전운전불이행,건조,맑음,단일로 - 기타,승용,남,29세,상해없음,이륜,남,28세,경상
2020082200100108,2020년 8월 22일 08시,토요일,충청남도 천안시 서북구 성정동,경상사고,0,0,1,0,차대차 - 측면충돌,교차로운행방법위반,건조,맑음,교차로 - 교차로부근,승용,남,56세,상해없음,승용,남,28세,경상
2020082200100271,2020년 8월 22일 13시,토요일,충청남도 천안시 동남구 신부동,경상사고,0,0,2,0,차대차 - 기타,기타,젖음/습기,비,단일로 - 기타,화물,남,70세,상해없음,승용,남,51세,경상
2020082200100300,2020년 8월 22일 14시,토요일,충청남도 천안시 동남구 신방동,경상사고,0,0,1,0,차량단독 - 전도전복 - 전복,안전운전불이행,젖음/습기,비,단일로 - 기타,이륜,남,33세,경상,,,,
2020082200100589,2020년 8월 22일 21시,토요일,충청남도 천안시 서북구 두정동,중상사고,0,1,0,0,차대차 - 기타,안전운전불이행,젖음/습기,비,단일로 - 기타,승용,여,40세,상해없음,이륜,남,32세,중상
2020082200100590,2020년 8월 22일 21시,토요일,충청남도 천안시 동남구 신부동,경상사고,0,0,1,0,차대차 - 기타,안전운전불이행,건조,맑음,교차로 - 교차로안,개인형이동수단(PM),남,46세,경상,승합,남,33세,상해없음
2020082300100023,2020년 8월 23일 01시,일요일,충청남도 천안시 서북구 쌍용동,중상사고,0,1,1,0,차대차 - 추돌,안전운전불이행,건조,맑음,단일로 - 기타,승용,여,31세,상해없음,승용,남,58세,중상
2020082300100035,2020년 8월 23일 02시,일요일,충청남도 천안시 서북구 성정동,경상사고,0,0,4,0,차대차 - 측면충돌,안전운전불이행,건조,맑음,단일로 - 기타,승용,남,21세,상해없음,승용,남,19세,경상
2020082300100101,2020년 8월 23일 09시,일요일,충청남도 천안시 서북구 두정동,경상사고,0,0,2,0,차대차 - 측면충돌,직진우회전진행방해,건조,맑음,교차로 - 교차로안,승용,남,29세,상해없음,화물,남,69세,경상
2020082300100102,2020년 8월 23일 09시,일요일,충청남도 천안시 서북구 성정동,경상사고,0,0,1,0,차대차 - 기타,신호위반,건조,맑음,교차로 - 교차로안,승용,남,18세,상해없음,승용,남,38세,경상