사고번호,사고일시,요일,시군구,사고내용,사망자수,중상자수,경상자수,부상신고자수,사고유형,법규위반,노면상태,기상상태,도로형태,가해운전자 차종,가해운전자 성별,가해운전자 연령,가해운전자 상해정도,피해운전자 차종,피해운전자 성별,피해운전자 연령,피해운전자 상해정도
2020100800100134,2020년 10월 8일 08시,목요일,충청남도 천안시 동남구 신부동,경상사고,0,0,2,0,차대차 - 기타,안전운전불이행,건조,맑음,단일로 - 기타,승용,남,71세,상해없음,승용,여,32세,경상
2020100800100225,2020년 10월 8일 10시,목요일,충청남도 천안시 서북구 쌍용동,경상사고,0,0,1,0,차대차 - 측면충돌,중앙선침범,건조,맑음,교차로 - 교차로안,승용,여,59세,상해없음,개인형이동수단(PM),남,23세,경상
2020100800100260,2020년 10월 8일 11시,목요일,충청남도 천안시 서북구 성정동,경상사고,0,0,1,0,차대차 - 측면충돌,안전거리미확보,건조,맑음,교차로 - 교차로부근,승용,남,80세,상해없음,승용,여,61세,경상
2020100800100501,2020년 10월 8일 17시,목요일,충청남도 천안시 동남구 신방동,중상사고,0,1,0,0,차대사람 - 기타,안전운전불이행,건조,맑음,단일로 - 기타,승용,남,72세,상해없음,보행자,남,59세,중상
2020100800100629,2020년 10월 8일 19시,목요일,충청남도 천안시 서북구 두정동,중상사고,0,1,1,0,차대차 - 측면충돌,교차로운행방법위반,건조,맑음,교차로 - 교차로안,이륜,남,26세,경상,이륜,남,24세,중상
2020100800100669,2020년 10월 8일 20시,목요일,충청남도 천안시 동남구 용곡동,경상사고,0,0,1,0,차량단독 - 전도전복 - 전도,안전운전불이행,건조,맑음,단일로 - 기타,이륜,남,53세,경상,,,,
2020100800100746,2020년 10월 8일 22시,목요일,충청남도 천안시 동남구 북면,중상사고,0,1,1,0,차대차 - 측면충돌,중앙선침범,건조,맑음,단일로 - 기타,승용,남,34세,상해없음,승용,여,24세,중상
2020100900100116,2020년 10월 9일 08시,금요일,충청남도 천안시 서북구 불당동,중상사고,0,1,0,0,차대차 - 기타,안전운전불이행,건조,맑음,교차로 - 교차로안,승용,여,65세,상해없음,개인형이동수단(PM),남,24세,중상
2020100900100187,2020년 10월 9일 11시,금요일,충청남도 천안시 동남구 사직동,중상사고,0,1,0,0,차대사람 - 횡단중,보행자보호의무위반,건조,맑음,교차로 - 교차로횡단보도내,승용,여,68세,상해없음,보행자,남,78세,중상
2020100900100226,2020년 10월 9일 12시,금요일,충청남도 천안시 동남구 신부동,중상사고,0,1,0,0,차대차 - 측면충돌,교차로운행방법위반,건조,맑음,교차로 - 교차로안,화물,남,24세,상해없음,이륜,남,76세,중상
2020100900100356,2020년 10월 9일 16시,금요일,충청남도 천안시 서북구 직산읍,경상사고,0,0,1,0,차대차 - 추돌,안전운전불이행,건조,맑음,교차로 - 교차로부근,승용,남,64세,상해없음,승용,여,50세,경상
2020100900100394,2020년 10월 9일 17시,금요일,충청남도 천안시 동남구 원성동,경상사고,0,0,4,0,차대차 - 추돌,안전운전불이행,건조,맑음,교차로 - 교차로부근,승용,여,59세,상해없음,승용,남,53세,경상
2020100900100427,2020년 10월 9일 18시,금요일,충청남도 천안시 서북구 성거읍,중상사고,0,1,0,0,차대차 - 정면충돌,안전운전불이행,건조,맑음,교차로 - 교차로안,화물,남,45세,상해없음,이륜,남,38세,중상
2020100900100545,2020년 10월 9일 21시,금요일,충청남도 천안시 서북구 성정동,경상사고,0,0,2,0,차대차 - 후진중충돌,안전운전불이행,건조,맑음,단일로 - 기타,승용,남,25세,상해없음,승용,남,28세,경상
2020101000100093,2020년 10월 10일 08시,토요일,충청남도 천안시 동남구 신부동,중상사고,0,1,0,0,차대사람 - 기타,안전운전불이행,건조,맑음,기타 - 기타,이륜,여,70세,상해없음,보행자,여,50세,중상
2020101000100094,2020년 10월 10일 08시,토요일,충청남도 천안시 동남구 구성동,경상사고,0,0,1,0,차대차 - 기타,안전운전불이행,건조,맑음,교차로 - 교차로부근,승용,남,70세,상해없음,승용,남,71세,상해없음
2020101000100181,2020년 10월 10일 11시,토요일,충청남도 천안시 서북구 차암동,중상사고,0,1,0,0,차대차 - 측면충돌,안전운전불이행,건조,맑음,교차로 - 교차로안,건설기계,남,49세,상해없음,승용,남,42세,중상
2020101000100300,2020년 10월 10일 14시,토요일,충청남도 천안시 동남구 신부동,경상사고,0,0,1,0,차대사람 - 기타,안전운전불이행,건조,맑음,단일로 - 기타,승용,여,29세,기타불명,보행자,남,27세,경상
2020101000100382,2020년 10월 10일 16시,토요일,충청남도 천안시 서북구 두정동,경상사고,0,0,1,0,차대차 - 측면충돌,안전운전불이행,건조,맑음,단일로 - 기타,승용,남,50세,상해없음,이륜,남,41세,경상
2020101000100383,2020년 10월 10일 16시,토요일,충청남도 천안시 서북구 직산읍,사망사고,1,0,0,0,차대사람 - 기타,안전운전불이행,건조,맑음,단일로 - 기타,화물,남,66세,상해없음,보행자,남,56세,사망
2020101000100586,2020년 10월 10일 23시,토요일,충청남도 천안시 동남구 구성동,경상사고,0,0,1,0,차대차 - 기타,안전거리미확보,건조,맑음,단일로 - 기타,승용,남,65세,상해없음,이륜,남,29세,경상
2020101100100009,2020년 10월 11일 00시,일요일,충청남도 천안시 서북구 성환읍,경상사고,0,0,1,0,차대사람 - 횡단중,안전운전불이행,건조,맑음,단일로 - 기타,승용,여,26세,상해없음,보행자,남,52세,경상
2020101100100010,2020년 10월 11일 00시,일요일,충청남도 천안시 서북구 성거읍,경상사고,0,0,2,0,차대차 - 추돌,안전운전불이행,건조,맑음,단일로 - 기타,승용,남,32세,상해없음,승용,남,60세,경상
2020101100100072,2020년 10월 11일 07시,일요일,충청남도 천안시 동남구 목천읍,경상사고,0,0,4,0,차대차 - 기타,안전운전불이행,건조,맑음,단일로 - 기타,승용,여,65세,경상,승합,남,72세,경상
2020101100100135,2020년 10월 11일 11시,일요일,충청남도 천안시 동남구 광덕면,경상사고,0,0,1,0,차대차 - 기타,직진우회전진행방해,건조,맑음,교차로 - 교차로안,승용,남,60세,상해없음,승용,남,35세,경상
2020101100100349,2020년 10월 11일 18시,일요일,충청남도 천안시 서북구 성정동,경상사고,0,0,2,0,차대차 - 측면충돌,교차로운행방법위반,건조,맑음,교차로 - 교차로안,승용,남,60세,상해없음,승용,여,59세,경상
2020101100100387,2020년 10월 11일 19시,일요일,충청남도 천안시 서북구 불당동,경상사고,0,0,1,0,차대차 - 기타,중앙선침범,건조,맑음,교차로 - 교차로부근,승용,여,37세,상해없음,이륜,남,54세,경상
2020101100100388,2020년 10월 11일 19시,일요일,충청남도 천안시 서북구 성정동,경상사고,0,0,1,0,차대사람 - 기타,안전운전불이행,건조,맑음,교차로 - 교차로안,승용,남,22세,상해없음,보행자,남,30세,경상
2020101200100051,2020년 10월 12일 06시,월요일,충청남도 천안시 동남구 봉명동,경상사고,0,0,1,0,차대사람 - 횡단중,보행자보호의무위반,젖음/습기,맑음,단일로 - 기타,승합,남,46세,상해없음,보행자,여,61세,경상
2020101200100052,2020년 10월 12일 06시,월요일,충청남도 천안시 동남구 신부동,경상사고,0,0,2,0,차대차 - 측면충돌,안전거리미확보,건조,맑음,단일로 - 기타,승용,여,36세,상해없음,승용,여,37세,경상
2020101200100112,2020년 10월 12일 08시,월요일,충청남도 천안시 동남구 목천읍,경상사고,0,0,2,1,차대차 - 추돌,안전운전불이행,건조,맑음,단일로 - 기타,승용,여,27세,부상신고,승용,여,36세,경상
2020101200100340,2020년 10월 12일 14시,월요일,충청남도 천안시 서북구 쌍용동,중상사고,0,1,0,0,차대차 - 추돌,안전운전불이행,건조,맑음,단일로 - 기타,승합,남,59세,상해없음,화물,남,65세,중상
2020101200100489,2020년 10월 12일 17시,월요일,충청남도 천안시 동남구 원성동,중상사고,0,1,0,0,차대차 - 추돌,안전운전불이행,건조,맑음,교차로 - 교차로안,화물,남,37세,상해없음,승용,여,29세,중상
2020101300100002,2020년 10월 13일 00시,화요일,충청남도 천안시 서북구 두정동,경상사고,0,0,2,0,차대차 - 측면충돌,신호위반,건조,맑음,교차로 - 교차로안,이륜,남,23세,경상,승용,여,23세,경상
2020101300100038,2020년 10월 13일 06시,화요일,충청남도 천안시 동남구 청당동,경상사고,0,0,1,0,차대사람 - 기타,안전운전불이행,건조,맑음,교차로 - 교차로부근,기타불명,기타불명,미분류,기타불명,보행자,여,21세,경상
2020101300100211,2020년 10월 13일 11시,화요일,충청남도 천안시 동남구 목천읍,경상사고,0,0,3,0,차대차 - 기타,안전운전불이행,건조,맑음,단일로 - 기타,이륜,남,79세,경상,승용,남,40세,경상
2020101300100286,2020년 10월 13일 13시,화요일,충청남도 천안시 서북구 업성동,경상사고,0,0,1,0,차대차 - 추돌,안전운전불이행,건조,맑음,교차로 - 교차로부근,승용,여,47세,상해없음,승용,남,22세,경상
2020101300100503,2020년 10월 13일 18시,화요일,충청남도 천안시 서북구 쌍용동,경상사고,0,0,1,0,차대차 - 측면충돌,신호위반,건조,맑음,교차로 - 교차로안,승합,남,57세,상해없음,이륜,남,37세,경상
2020101300100505,2020년 10월 13일 18시,화요일,충청남도 천안시 동남구 성황동,경상사고,0,0,1,0,차대차 - 추돌,안전운전불이행,건조,맑음,교차로 - 교차로안,화물,남,62세,상해없음,승용,여,27세,경상
2020101300100560,2020년 10월 13일 19시,화요일,충청남도 천안시 서북구 쌍용동,경상사고,0,0,1,0,차대차 - 측면충돌,중앙선침범,건조,맑음,단일로 - 기타,승용,여,47세,상해없음,이륜,남,21세,경상
2020101300100616,2020년 10월 13일 21시,화요일,충청남도 천안시 서북구 두정동,경상사고,0,0,2,0,차대차 - 측면충돌,안전운전불이행,건조,맑음,교차로 - 교차로부근,승용,남,52세,상해없음,승용,남,26세,경상
2020101400100108,2020년 10월 14일 08시,수요일,충청남도 천안시 서북구 쌍용동,경상사고,0,0,1,0,차대차 - 측면충돌,안전운전불이행,건조,맑음,교차로 - 교차로부근,화물,남,53세,상해없음,승용,여,54세,경상
2020101400100206,2020년 10월 14일 11시,수요일,충청남도 천안시 서북구 쌍용동,경상사고,0,0,1,0,차대차 - 측면충돌,신호위반,건조,맑음,교차로 - 교차로안,승용,남,23세,상해없음,승용,남,30세,경상
2020101400100243,2020년 10월 14일 12시,수요일,충청남도 천안시 서북구 쌍용동,경상사고,0,0,1,0,차대차 - 측면충돌,교차로운행방법위반,건조,맑음,교차로 - 교차로안,승용,남,76세,상해없음,승용,여,38세,경상
2020101400100279,2020년 10월 14일 13시,수요일,충청남도 천안시 동남구 원성동,경상사고,0,0,2,0,차대차 - 측면충돌,교차로운행방법위반,건조,맑음,교차로 - 교차로안,건설기계,남,36세,상해없음,승용,남,58세,경상
2020101400100308,2020년 10월 14일 14시,수요일,충청남도 천안시 동남구 봉명동,경상사고,0,0,2,0,차대차 - 추돌,안전운전불이행,건조,맑음,교차로 - 교차로부근,승용,남,24세,상해없음,승용,남,40세,경상
2020101400100468,2020년 10월 14일 18시,수요일,충청남도 천안시 동남구 병천면,중상사고,0,1,0,0,차대사람 - 기타,안전운전불이행,건조,맑음,교차로 - 교차로안,승용,남,30세,상해없음,보행자,여,93세,중상
2020101400100526,2020년 10월 14일 19시,수요일,충청남도 천안시 동남구 신부동,중상사고,0,1,0,0,차대차 - 측면충돌,안전운전불이행,건조,맑음,단일로 - 기타,승합,남,56세,상해없음,이륜,남,52세,중상
2020101400100527,2020년 10월 14일 19시,수요일,충청남도 천안시 동남구 신부동,경상사고,0,0,1,0,차대차 - 측면충돌,안전운전불이행,건조,맑음,단일로 - 기타,승용,남,55세,상해없음,승용,여,43세,경상
2020101400100558,2020년 10월 14일 20시,수요일,충청남도 천안시 서북구 쌍용동,중상사고,0,2,0,0,차대차 - 측면충돌,안전운전불이행,건조,맑음,교차로 - 교차로안,승용,여,45세,상해없음,이륜,남,39세,중상
2020101400100559,2020년 10월 14일 20시,수요일,충청남도 천안시 서북구 두정동,경상사고,0,0,1,0,차대차 - 추돌,안전운전불이행,건조,맑음,교차로 - 교차로부근,승용,남,44세,기타불명,승용,남,39세,경상
2020101400100560,2020년 10월 14일 20시,수요일,충청남도 천안시 동남구 광덕면,경상사고,0,0,1,0,차대차 - 기타,신호위반,건조,맑음,교차로 - 교차로안,승용,여,38세,상해없음,승용,남,62세,경상
2020101400100591,2020년 10월 14일 21시,수요일,충청남도 천안시 서북구 두정동,경상사고,0,0,1,0,차대차 - 측면충돌,직진우회전진행방해,건조,맑음,교차로 - 교차로안,승용,남,35세,상해없음,이륜,남,39세,경상
2020101400100592,2020년 10월 14일 21시,수요일,충청남도 천안시 서북구 두정동,경상사고,0,0,1,0,차대차 - 기타,안전운전불이행,건조,맑음,교차로 - 교차로안,승용,남,36세,상해없음,승합,남,57세,상해없음
2020101400100593,2020년 10월 14일 21시,수요일,충청남도 천안시 서북구 성성동,경상사고,0,0,2,0,차대차 - 추돌,안전운전불이행,건조,맑음,단일로 - 기타,승용,남,34세,상해없음,승용,남,27세,경상
2020101500100009,2020년 10월 15일 00시,목요일,충청남도 천안시 동남구 신방동,경상사고,0,0,4,0,차대차 - 측면충돌,안전운전불이행,건조,맑음,단일로 - 기타,승용,남,31세,경상,화물,남,49세,경상
2020101500100182,2020년 10월 15일 10시,목요일,충청남도 천안시 동남구 안서동,경상사고,0,0,1,0,차대차 - 측면충돌,교차로운행방법위반,건조,맑음,단일로 - 기타,승용,남,58세,경상,승용,남,72세,상해없음
2020101500100214,2020년 10월 15일 11시,목요일,충청남도 천안시 서북구 백석동,경상사고,0,0,1,0,차대차 - 측면충돌,신호위반,건조,맑음,교차로 - 교차로안,승용,남,53세,상해없음,이륜,남,29세,경상
2020101500100217,2020년 10월 15일 11시,목요일,충청남도 천안시 동남구 신부동,중상사고,0,1,0,0,차대차 - 기타,안전거리미확보,건조,맑음,단일로 - 기타,승용,남,62세,상해없음,승합,남,50세,상해없음
2020101500100254,2020년 10월 15일 12시,목요일,충청남도 천안시 동남구 성남면,중상사고,0,1,1,0,차대차 - 기타,교차로운행방법위반,건조,맑음,교차로 - 교차로안,화물,남,64세,상해없음,화물,남,81세,경상
2020101500100255,2020년 10월 15일 12시,목요일,충청남도 천안시 동남구 신부동,중상사고,0,1,0,0,차대차 - 기타,안전운전불이행,건조,맑음,교차로 - 교차로부근,승용,남,33세,상해없음,이륜,남,38세,중상
2020101500100298,2020년 10월 15일 13시,목요일,충청남도 천안시 동남구 구성동,경상사고,0,0,1,0,차대차 - 측면충돌,안전운전불이행,건조,맑음,단일로 - 기타,건설기계,남,45세,상해없음,승용,여,32세,경상
2020101500100375,2020년 10월 15일 15시,목요일,충청남도 천안시 동남구 용곡동,경상사고,0,0,1,0,차대차 - 측면충돌,안전운전불이행,건조,맑음,교차로 - 교차로안,승용,여,41세,경상,승용,남,60세,상해없음
2020101500100530,2020년 10월 15일 18시,목요일,충청남도 천안시 서북구 불당동,중상사고,0,1,0,0,차대차 - 측면충돌,교차로운행방법위반,건조,맑음,교차로 - 교차로안,승용,여,57세,상해없음,이륜,남,28세,중상
2020101500100533,2020년 10월 15일 18시,목요일,충청남도 천안시 동남구 신방동,경상사고,0,0,1,0,차대차 - 측면충돌,안전거리미확보,건조,맑음,단일로 - 기타,승용,여,50세,상해없음,승용,여,70세,경상
2020101500100603,2020년 10월 15일 19시,목요일,충청남도 천안시 서북구 불당동,경상사고,0,0,1,0,차대차 - 추돌,안전운전불이행,건조,맑음,단일로 - 기타,승용,여,24세,상해없음,승용,남,50세,경상
2020101500100604,2020년 10월 15일 19시,목요일,충청남도 천안시 서북구 입장면,경상사고,0,0,2,0,차대차 - 측면충돌,과속,건조,맑음,단일로 - 기타,승용,남,32세,상해없음,승용,남,27세,경상
2020101500100658,2020년 10월 15일 21시,목요일,충청남도 천안시 서북구 성정동,경상사고,0,0,1,0,차대사람 - 횡단중,안전운전불이행,건조,맑음,교차로 - 교차로횡단보도내,승용,여,54세,상해없음,보행자,남,47세,경상
2020101500100697,2020년 10월 15일 23시,목요일,충청남도 천안시 서북구 성정동,경상사고,0,0,1,0,차대차 - 후진중충돌,안전운전불이행,건조,맑음,단일로 - 기타,승용,여,33세,상해없음,승용,남,29세,경상
2020101600100029,2020년 10월 16일 03시,금요일,충청남도 천안시 서북구 두정동,경상사고,0,0,2,0,차대차 - 후진중충돌,안전운전불이행,건조,맑음,단일로 - 기타,승용,남,46세,상해없음,승용,남,20세,경상
2020101600100188,2020년 10월 16일 11시,금요일,충청남도 천안시 서북구 백석동,경상사고,0,0,1,0,차대차 - 추돌,안전운전불이행,건조,맑음,단일로 - 기타,승용,남,29세,상해없음,승용,여,41세,경상
2020101600100362,2020년 10월 16일 16시,금요일,충청남도 천안시 서북구 백석동,중상사고,0,1,0,1,차대차 - 측면충돌,직진우회전진행방해,건조,맑음,교차로 - 교차로안,승용,남,27세,부상신고,화물,여,44세,중상
2020101600100364,2020년 10월 16일 16시,금요일,충청남도 천안시 동남구 신부동,중상사고,0,1,0,0,차대사람 - 기타,안전운전불이행,건조,맑음,단일로 - 기타,승용,여,48세,상해없음,보행자,여,24세,중상
2020101600100410,2020년 10월 16일 17시,금요일,충청남도 천안시 서북구 성환읍,경상사고,0,0,2,0,차대차 - 측면충돌,안전운전불이행,건조,맑음,교차로 - 교차로안,승용,여,49세,상해없음,승용,남,21세,경상
2020101600100411,2020년 10월 16일 17시,금요일,충청남도 천안시 서북구 불당동,경상사고,0,0,1,0,차대차 - 측면충돌,안전운전불이행,건조,맑음,단일로 - 기타,승용,여,42세,상해없음,이륜,남,40세,경상
2020101600100477,2020년 10월 16일 18시,금요일,충청남도 천안시 서북구 두정동,경상사고,0,0,1,0,차대차 - 측면충돌,안전운전불이행,건조,맑음,단일로 - 기타,승용,남,25세,상해없음,승용,여,38세,경상
2020101600100675,2020년 10월 16일 23시,금요일,충청남도 천안시 동남구 목천읍,경상사고,0,0,3,0,차대차 - 추돌,과속,건조,맑음,기타 - 기타,승용,남,25세,경상,승합,남,54세,경상
2020101700100114,2020년 10월 17일 08시,토요일,충청남도 천안시 동남구 신방동,경상사고,0,0,1,0,차대차 - 추돌,안전운전불이행,건조,맑음,교차로 - 교차로부근,승용,남,36세,기타불명,승용,여,35세,경상
2020101700100178,2020년 10월 17일 10시,토요일,충청남도 천안시 서북구 성환읍,경상사고,0,0,1,0,차대차 - 측면충돌,신호위반,건조,맑음,교차로 - 교차로안,승용,여,48세,상해없음,화물,남,69세,경상
2020101700100179,2020년 10월 17일 10시,토요일,충청남도 천안시 서북구 쌍용동,경상사고,0,0,1,0,차대차 - 추돌,안전운전불이행,건조,맑음,교차로 - 교차로안,승용,남,40세,상해없음,승합,남,75세,경상
2020101700100180,2020년 10월 17일 10시,토요일,충청남도 천안시 서북구 성정동,경상사고,0,0,1,0,차대사람 - 횡단중,기타,건조,맑음,기타 - 기타,승용,남,40세,상해없음,보행자,남,38세,경상
2020101700100206,2020년 10월 17일 11시,토요일,충청남도 천안시 서북구 성환읍,중상사고,0,1,0,0,차대차 - 측면충돌,신호위반,건조,맑음,교차로 - 교차로안,화물,남,65세,상해없음,이륜,남,54세,중상
2020101700100256,2020년 10월 17일 12시,토요일,충청남도 천안시 서북구 성정동,경상사고,0,0,1,0,차대차 - 기타,안전거리미확보,건조,맑음,단일로 - 기타,승용,남,23세,상해없음,이륜,남,32세,경상
2020101700100257,2020년 10월 17일 12시,토요일,충청남도 천안시 서북구 백석동,중상사고,0,1,0,0,차대차 - 측면충돌,신호위반,건조,맑음,교차로 - 교차로안,승용,남,43세,상해없음,이륜,남,38세,중상
2020101700100258,2020년 10월 17일 12시,토요일,충청남도 천안시 동남구 병천면,경상사고,0,0,1,0,차대차 - 측면충돌,안전운전불이행,건조,맑음,주차장 - 주차장,승용,남,34세,상해없음,승용,남,33세,경상
2020101700100355,2020년 10월 17일 14시,토요일,충청남도 천안시 서북구 쌍용동,경상사고,0,0,1,0,차대차 - 측면충돌,직진우회전진행방해,건조,맑음,교차로 - 교차로안,이륜,남,53세,상해없음,이륜,남,22세,경상
2020101700100676,2020년 10월 17일 21시,토요일,충청남도 천안시 동남구 삼룡동,경상사고,0,0,1,0,차대차 - 정면충돌,교차로운행방법위반,건조,맑음,교차로 - 교차로안,화물,남,63세,상해없음,이륜,남,45세,경상
2020101700100700,2020년 10월 17일 22시,토요일,충청남도 천안시 서북구 성정동,경상사고,0,0,1,0,차대차 - 기타,안전운전불이행,건조,맑음,교차로 - 교차로부근,승용,남,52세,기타불명,승용,여,37세,경상
2020101700100701,2020년 10월 17일 22시,토요일,충청남도 천안시 서북구 성정동,경상사고,0,0,2,0,차대차 - 정면충돌,중앙선침범,건조,맑음,교차로 - 교차로부근,승용,남,25세,상해없음,승용,남,28세,경상
2020101800100022,2020년 10월 18일 01시,일요일,충청남도 천안시 서북구 두정동,경상사고,0,0,1,0,차대차 - 측면충돌,교차로운행방법위반,건조,맑음,교차로 - 교차로안,이륜,남,29세,상해없음,승용,남,31세,경상
2020101800100116,2020년 10월 18일 09시,일요일,충청남도 천안시 동남구 북면,경상사고,0,0,1,0,차대차 - 측면충돌,안전운전불이행,건조,맑음,단일로 - 기타,이륜,남,67세,경상,화물,남,32세,상해없음
2020101800100195,2020년 10월 18일 12시,일요일,충청남도 천안시 서북구 불당동,중상사고,0,1,0,0,차대사람 - 횡단중,보행자보호의무위반,건조,맑음,교차로 - 교차로횡단보도내,승용,남,26세,상해없음,보행자,남,57세,중상
2020101800100248,2020년 10월 18일 14시,일요일,충청남도 천안시 서북구 백석동,중상사고,0,1,2,0,차대차 - 측면충돌,신호위반,건조,맑음,교차로 - 교차로안,이륜,남,29세,중상,승용,여,51세,경상
2020101800100294,2020년 10월 18일 15시,일요일,충청남도 천안시 서북구 입장면,경상사고,0,0,2,1,차대차 - 측면충돌,중앙선침범,건조,맑음,단일로 - 기타,이륜,남,61세,부상신고,승용,남,36세,경상
2020101800100393,2020년 10월 18일 17시,일요일,충청남도 천안시 동남구 안서동,경상사고,0,0,1,0,차대차 - 기타,안전운전불이행,건조,맑음,교차로 - 교차로부근,승용,남,53세,상해없음,이륜,남,32세,경상
2020101800100482,2020년 10월 18일 19시,일요일,충청남도 천안시 서북구 성정동,중상사고,0,1,0,0,차대차 - 기타,안전운전불이행,건조,맑음,단일로 - 기타,승용,여,56세,상해없음,이륜,남,32세,중상
2020101800100510,2020년 10월 18일 20시,일요일,충청남도 천안시 동남구 다가동,경상사고,0,0,1,0,차대차 - 기타,안전운전불이행,건조,맑음,교차로 - 교차로안,승용,여,48세,상해없음,이륜,여,26세,경상
2020101800100529,2020년 10월 18일 21시,일요일,충청남도 천안시 서북구 두정동,경상사고,0,0,1,0,차대차 - 기타,안전운전불이행,건조,맑음,교차로 - 교차로안,승용,남,38세,상해없음,이륜,남,27세,경상
2020101900100119,2020년 10월 19일 08시,월요일,충청남도 천안시 동남구 성황동,경상사고,0,0,2,0,차대차 - 추돌,안전운전불이행,건조,맑음,교차로 - 교차로안,화물,남,48세,상해없음,승용,여,44세,경상
2020101900100120,2020년 10월 19일 08시,월요일,충청남도 천안시 동남구 신방동,경상사고,0,0,1,0,차대차 - 추돌,안전운전불이행,건조,맑음,단일로 - 기타,특수,남,50세,상해없음,승용,여,49세,경상
2020101900100291,2020년 10월 19일 12시,월요일,충청남도 천안시 서북구 성환읍,경상사고,0,0,1,0,차대차 - 기타,기타,건조,맑음,단일로 - 기타,화물,남,45세,상해없음,자전거,남,68세,경상
2020101900100334,2020년 10월 19일 13시,월요일,충청남도 천안시 서북구 성환읍,경상사고,0,0,3,0,차대차 - 측면충돌,교차로운행방법위반,건조,맑음,교차로 - 교차로안,승용,남,61세,상해없음,승합,남,73세,경상
2020101900100336,2020년 10월 19일 13시,월요일,충청남도 천안시 동남구 북면,사망사고,1,0,0,0,차대사람 - 횡단중,안전운전불이행,건조,맑음,단일로 - 기타,건설기계,남,46세,상해없음,보행자,여,84세,사망
2020101900100381,2020년 10월 19일 14시,월요일,충청남도 천안시 서북구 성정동,경상사고,0,0,2,0,차대차 - 측면충돌,안전운전불이행,건조,맑음,교차로 - 교차로안,승용,남,28세,상해없음,승용,남,20세,경상
2020101900100430,2020년 10월 19일 15시,월요일,충청남도 천안시 서북구 직산읍,중상사고,0,1,2,0,차대차 - 기타,안전운전불이행,건조,맑음,단일로 - 기타,화물,남,57세,상해없음,화물,남,57세,상해없음
2020101900100465,2020년 10월 19일 16시,월요일,충청남도 천안시 서북구 성정동,경상사고,0,0,1,0,차대차 - 측면충돌,신호위반,건조,맑음,교차로 - 교차로안,승용,남,40세,상해없음,승용,남,36세,경상
2020101900100557,2020년 10월 19일 18시,월요일,충청남도 천안시 서북구 쌍용동,경상사고,0,0,1,0,차대사람 - 기타,안전운전불이행,건조,맑음,기타 - 기타,승용,여,51세,상해없음,보행자,남,65세,경상
2020101900100558,2020년 10월 19일 18시,월요일,충청남도 천안시 동남구 신방동,경상사고,0,0,1,0,차대차 - 기타,안전운전불이행,건조,맑음,기타 - 기타,자전거,남,8세,경상,승용,여,39세,상해없음
2020101900100653,2020년 10월 19일 20시,월요일,충청남도 천안시 서북구 쌍용동,경상사고,0,0,1,0,차대차 - 기타,안전운전불이행,건조,맑음,단일로 - 기타,승용,여,50세,상해없음,승용,남,62세,경상
2020101900100655,2020년 10월 19일 20시,월요일,충청남도 천안시 동남구 신부동,경상사고,0,0,1,0,차대차 - 측면충돌,교차로운행방법위반,건조,맑음,교차로 - 교차로안,승용,여,19세,상해없음,승용,여,25세,경상
2020102000100020,2020년 10월 20일 03시,화요일,충청남도 천안시 동남구 청당동,경상사고,0,0,1,0,차대차 - 측면충돌,과속,건조,맑음,단일로 - 기타,승용,남,27세,상해없음,승용,여,34세,경상
2020102000100038,2020년 10월 20일 05시,화요일,충청남도 천안시 서북구 성정동,중상사고,0,1,0,1,차대차 - 측면충돌,신호위반,건조,맑음,교차로 - 교차로안,화물,여,61세,부상신고,승용,여,64세,중상
2020102000100177,2020년 10월 20일 10시,화요일,충청남도 천안시 동남구 성황동,경상사고,0,0,1,0,차대차 - 기타,안전운전불이행,건조,맑음,교차로 - 교차로안,화물,남,54세,상해없음,승합,남,41세,경상
2020102000100254,2020년 10월 20일 12시,화요일,충청남도 천안시 서북구 백석동,경상사고,0,0,1,0,차대사람 - 횡단중,보행자보호의무위반,건조,맑음,교차로 - 교차로안,승용,여,30세,상해없음,보행자,남,7세,경상
2020102000100285,2020년 10월 20일 13시,화요일,충청남도 천안시 서북구 백석동,경상사고,0,0,1,0,차대차 - 정면충돌,신호위반,건조,맑음,교차로 - 교차로안,이륜,남,47세,상해없음,승용,남,35세,경상
2020102000100286,2020년 10월 20일 13시,화요일,충청남도 천안시 동남구 신부동,경상사고,0,0,1,0,차대사람 - 기타,안전운전불이행,건조,맑음,단일로 - 기타,기타불명,기타불명,미분류,기타불명,보행자,여,25세,경상
2020102000100382,2020년 10월 20일 15시,화요일,충청남도 천안시 서북구 백석동,경상사고,0,0,1,0,차대차 - 추돌,안전운전불이행,건조,맑음,교차로 - 교차로부근,승용,남,46세,상해없음,화물,남,59세,경상
2020102000100386,2020년 10월 20일 15시,화요일,충청남도 천안시 동남구 신부동,경상사고,0,0,1,0,차대사람 - 기타,안전운전불이행,건조,맑음,단일로 - 기타,승용,남,68세,상해없음,보행자,여,20세,경상
2020102000100438,2020년 10월 20일 16시,화요일,충청남도 천안시 동남구 신부동,경상사고,0,0,1,0,차대차 - 추돌,안전운전불이행,건조,맑음,단일로 - 기타,승용,남,62세,상해없음,승용,남,39세,경상