사고번호,사고일시,요일,시군구,사고내용,사망자수,중상자수,경상자수,부상신고자수,사고유형,법규위반,노면상태,기상상태,도로형태,가해운전자 차종,가해운전자 성별,가해운전자 연령,가해운전자 상해정도,피해운전자 차종,피해운전자 성별,피해운전자 연령,피해운전자 상해정도
2020103100100517,2020년 10월 31일 18시,토요일,충청남도 천안시 서북구 입장면,경상사고,0,0,2,0,차대차 - 측면충돌,중앙선침범,건조,맑음,단일로 - 기타,승용,남,36세,상해없음,승용,여,62세,경상
2020103100100696,2020년 10월 31일 23시,토요일,충청남도 천안시 서북구 성정동,경상사고,0,0,6,0,차대차 - 추돌,안전운전불이행,건조,맑음,교차로 - 교차로안,승용,남,28세,경상,승용,남,36세,경상
2020110100100007,2020년 11월 1일 00시,일요일,충청남도 천안시 서북구 두정동,경상사고,0,0,3,0,차대차 - 추돌,안전운전불이행,건조,맑음,단일로 - 기타,승용,남,34세,상해없음,승용,남,60세,경상
2020110100100069,2020년 11월 1일 05시,일요일,충청남도 천안시 서북구 불당동,중상사고,0,1,0,0,차대차 - 추돌,안전운전불이행,건조,맑음,단일로 - 기타,승용,남,23세,상해없음,승용,여,58세,중상
2020110100100090,2020년 11월 1일 08시,일요일,충청남도 천안시 서북구 성환읍,중상사고,0,1,3,0,차대차 - 기타,중앙선침범,건조,맑음,교차로 - 교차로부근,승용,기타불명,미분류,기타불명,승용,남,20세,중상
2020110100100183,2020년 11월 1일 12시,일요일,충청남도 천안시 서북구 쌍용동,경상사고,0,0,1,0,차대차 - 기타,차로위반,젖음/습기,비,단일로 - 기타,승용,여,60세,상해없음,원동기,남,37세,경상
2020110100100211,2020년 11월 1일 13시,일요일,충청남도 천안시 동남구 신부동,중상사고,0,2,0,0,차대차 - 기타,직진우회전진행방해,건조,맑음,교차로 - 교차로안,승용,여,72세,상해없음,승용,남,54세,중상
2020110100100283,2020년 11월 1일 15시,일요일,충청남도 천안시 동남구 사직동,경상사고,0,0,1,0,차대차 - 측면충돌,직진우회전진행방해,건조,맑음,교차로 - 교차로안,승용,남,30세,상해없음,승용,남,64세,경상
2020110100100395,2020년 11월 1일 18시,일요일,충청남도 천안시 서북구 성정동,중상사고,0,1,3,0,차대차 - 추돌,안전운전불이행,건조,맑음,단일로 - 기타,승용,남,32세,상해없음,승용,남,43세,경상
2020110100100437,2020년 11월 1일 19시,일요일,충청남도 천안시 서북구 두정동,중상사고,0,1,0,0,차대차 - 기타,직진우회전진행방해,건조,맑음,교차로 - 교차로안,기타불명,기타불명,미분류,기타불명,이륜,남,50세,중상
2020110100100510,2020년 11월 1일 22시,일요일,충청남도 천안시 서북구 불당동,경상사고,0,0,1,0,차대차 - 측면충돌,안전운전불이행,젖음/습기,비,교차로 - 교차로안,승용,남,46세,상해없음,이륜,남,34세,경상
2020110200100120,2020년 11월 2일 08시,월요일,충청남도 천안시 동남구 원성동,경상사고,0,0,2,0,차대차 - 기타,신호위반,건조,맑음,교차로 - 교차로부근,승용,남,30세,상해없음,승용,남,72세,경상
2020110200100257,2020년 11월 2일 12시,월요일,충청남도 천안시 서북구 불당동,경상사고,0,0,1,1,차대차 - 측면충돌,안전운전불이행,건조,맑음,교차로 - 교차로안,자전거,남,19세,부상신고,승용,여,34세,경상
2020110200100260,2020년 11월 2일 12시,월요일,충청남도 천안시 동남구 청수동,경상사고,0,0,1,0,차대차 - 측면충돌,신호위반,건조,맑음,교차로 - 교차로안,승용,남,81세,상해없음,이륜,남,60세,경상
2020110200100294,2020년 11월 2일 13시,월요일,충청남도 천안시 서북구 쌍용동,경상사고,0,0,1,0,차대차 - 측면충돌,안전운전불이행,건조,맑음,단일로 - 기타,승용,여,45세,상해없음,승용,여,70세,경상
2020110200100403,2020년 11월 2일 16시,월요일,충청남도 천안시 동남구 성황동,경상사고,0,0,1,0,차대차 - 추돌,안전운전불이행,건조,맑음,단일로 - 기타,승용,남,60세,상해없음,승용,여,45세,경상
2020110200100446,2020년 11월 2일 17시,월요일,충청남도 천안시 동남구 대흥동,중상사고,0,1,0,0,차대사람 - 횡단중,보행자보호의무위반,건조,맑음,단일로 - 기타,화물,남,71세,상해없음,보행자,남,62세,중상
2020110200100447,2020년 11월 2일 17시,월요일,충청남도 천안시 동남구 청당동,경상사고,0,0,1,0,차대차 - 정면충돌,안전거리미확보,건조,맑음,단일로 - 기타,승용,여,32세,상해없음,승용,남,41세,경상
2020110200100503,2020년 11월 2일 18시,월요일,충청남도 천안시 서북구 성환읍,경상사고,0,0,4,0,차대차 - 추돌,안전운전불이행,건조,맑음,교차로 - 교차로부근,승용,여,46세,상해없음,승용,남,50세,경상
2020110300100082,2020년 11월 3일 07시,화요일,충청남도 천안시 서북구 성성동,경상사고,0,0,1,0,차대차 - 추돌,안전운전불이행,건조,맑음,단일로 - 지하차도(도로)내,승용,남,22세,상해없음,승용,남,62세,경상
2020110300100116,2020년 11월 3일 08시,화요일,충청남도 천안시 동남구 다가동,중상사고,0,1,0,0,차대차 - 기타,직진우회전진행방해,건조,맑음,교차로 - 교차로안,화물,남,46세,상해없음,자전거,남,15세,중상
2020110300100117,2020년 11월 3일 08시,화요일,충청남도 천안시 동남구 신부동,경상사고,0,0,2,0,차대차 - 측면충돌,안전거리미확보,건조,맑음,교차로 - 교차로안,승용,남,29세,상해없음,승합,남,50세,상해없음
2020110300100169,2020년 11월 3일 09시,화요일,충청남도 천안시 서북구 입장면,경상사고,0,0,1,0,차대차 - 측면충돌,안전운전불이행,건조,맑음,교차로 - 교차로안,승용,남,66세,상해없음,화물,남,45세,경상
2020110300100243,2020년 11월 3일 11시,화요일,충청남도 천안시 동남구 원성동,경상사고,0,0,2,0,차대차 - 기타,안전운전불이행,건조,맑음,단일로 - 기타,승용,남,47세,상해없음,승용,여,54세,경상
2020110300100342,2020년 11월 3일 14시,화요일,충청남도 천안시 서북구 성정동,경상사고,0,0,1,0,차대사람 - 횡단중,안전운전불이행,건조,맑음,단일로 - 기타,승용,여,32세,상해없음,보행자,여,40세,경상
2020110300100424,2020년 11월 3일 16시,화요일,충청남도 천안시 서북구 두정동,중상사고,0,1,0,0,차대차 - 측면충돌,안전운전불이행,건조,맑음,단일로 - 기타,승용,여,37세,상해없음,이륜,남,26세,중상
2020110300100471,2020년 11월 3일 17시,화요일,충청남도 천안시 서북구 직산읍,경상사고,0,0,1,0,차대차 - 측면충돌,안전운전불이행,건조,맑음,교차로 - 교차로안,승용,여,35세,상해없음,원동기,남,24세,경상
2020110300100473,2020년 11월 3일 17시,화요일,충청남도 천안시 동남구 목천읍,경상사고,0,0,8,0,차대차 - 추돌,안전운전불이행,건조,맑음,기타 - 기타,승용,남,22세,상해없음,승용,여,34세,경상
2020110300100583,2020년 11월 3일 19시,화요일,충청남도 천안시 서북구 쌍용동,경상사고,0,0,2,0,차대차 - 측면충돌,중앙선침범,건조,맑음,단일로 - 기타,화물,남,30세,경상,승용,남,57세,경상
2020110300100670,2020년 11월 3일 22시,화요일,충청남도 천안시 동남구 신부동,경상사고,0,0,2,0,차대차 - 기타,안전운전불이행,건조,맑음,단일로 - 기타,승용,남,40세,기타불명,승용,남,27세,경상
2020110400100020,2020년 11월 4일 01시,수요일,충청남도 천안시 동남구 광덕면,중상사고,0,1,0,0,차량단독 - 도로외이탈 - 기타,안전운전불이행,건조,맑음,단일로 - 기타,승용,남,59세,중상,,,,
2020110400100027,2020년 11월 4일 02시,수요일,충청남도 천안시 동남구 목천읍,경상사고,0,0,2,0,차대차 - 추돌,안전거리미확보,건조,맑음,단일로 - 기타,승용,남,48세,상해없음,승용,남,25세,경상
2020110400100040,2020년 11월 4일 05시,수요일,충청남도 천안시 서북구 쌍용동,중상사고,0,1,0,0,차대차 - 측면충돌,신호위반,건조,맑음,교차로 - 교차로안,승용,남,32세,상해없음,이륜,남,37세,중상
2020110400100116,2020년 11월 4일 08시,수요일,충청남도 천안시 서북구 백석동,경상사고,0,0,2,0,차대사람 - 횡단중,신호위반,건조,맑음,교차로 - 교차로안,화물,남,53세,상해없음,보행자,남,7세,경상
2020110400100209,2020년 11월 4일 10시,수요일,충청남도 천안시 서북구 성환읍,중상사고,0,1,0,0,차대사람 - 기타,안전운전불이행,건조,맑음,단일로 - 기타,화물,남,73세,상해없음,보행자,여,76세,중상
2020110400100301,2020년 11월 4일 12시,수요일,충청남도 천안시 동남구 목천읍,중상사고,0,1,1,0,차대차 - 측면충돌,직진우회전진행방해,건조,맑음,교차로 - 교차로안,승합,남,32세,경상,승용,남,61세,중상
2020110400100344,2020년 11월 4일 13시,수요일,충청남도 천안시 서북구 불당동,경상사고,0,0,1,0,차대사람 - 횡단중,보행자보호의무위반,건조,맑음,교차로 - 교차로횡단보도내,승용,남,60세,상해없음,보행자,여,56세,경상
2020110400100405,2020년 11월 4일 15시,수요일,충청남도 천안시 동남구 신방동,경상사고,0,0,3,0,차대차 - 측면충돌,안전거리미확보,건조,맑음,단일로 - 기타,화물,남,77세,상해없음,승합,남,35세,경상
2020110400100549,2020년 11월 4일 18시,수요일,충청남도 천안시 서북구 불당동,경상사고,0,0,1,0,차대차 - 추돌,안전운전불이행,건조,맑음,단일로 - 기타,승용,남,37세,상해없음,이륜,남,41세,경상
2020110400100718,2020년 11월 4일 23시,수요일,충청남도 천안시 서북구 성정동,중상사고,0,1,0,0,차대사람 - 횡단중,안전운전불이행,건조,맑음,교차로 - 교차로안,승용,남,27세,상해없음,보행자,남,55세,중상
2020110500100248,2020년 11월 5일 12시,목요일,충청남도 천안시 동남구 대흥동,경상사고,0,0,1,0,차대차 - 정면충돌,중앙선침범,건조,맑음,단일로 - 지하차도(도로)내,화물,남,29세,상해없음,승용,남,66세,경상
2020110500100273,2020년 11월 5일 13시,목요일,충청남도 천안시 서북구 쌍용동,경상사고,0,0,2,0,차대차 - 측면충돌,교차로운행방법위반,건조,맑음,교차로 - 교차로안,승용,여,43세,경상,승용,여,49세,경상
2020110500100339,2020년 11월 5일 15시,목요일,충청남도 천안시 동남구 청당동,경상사고,0,0,1,0,차대차 - 추돌,안전운전불이행,건조,맑음,교차로 - 교차로부근,화물,남,49세,상해없음,승용,남,28세,경상
2020110500100583,2020년 11월 5일 20시,목요일,충청남도 천안시 서북구 불당동,경상사고,0,0,2,0,차대차 - 측면충돌,안전거리미확보,건조,맑음,단일로 - 기타,승용,남,19세,상해없음,승용,남,44세,경상
2020110500100584,2020년 11월 5일 20시,목요일,충청남도 천안시 동남구 목천읍,경상사고,0,0,1,0,차대차 - 기타,안전운전불이행,건조,맑음,단일로 - 기타,승용,남,65세,상해없음,화물,남,35세,경상
2020110500100640,2020년 11월 5일 22시,목요일,충청남도 천안시 서북구 백석동,경상사고,0,0,1,0,차대차 - 측면충돌,신호위반,건조,맑음,교차로 - 교차로안,승용,남,26세,상해없음,승용,남,36세,경상
2020110600100033,2020년 11월 6일 02시,금요일,충청남도 천안시 동남구 풍세면,경상사고,0,0,1,0,차대차 - 기타,안전운전불이행,건조,맑음,단일로 - 기타,승용,여,22세,상해없음,승용,여,35세,경상
2020110600100109,2020년 11월 6일 08시,금요일,충청남도 천안시 서북구 백석동,경상사고,0,0,1,0,차대차 - 측면충돌,신호위반,건조,맑음,단일로 - 기타,승용,여,39세,상해없음,승용,남,73세,경상
2020110600100164,2020년 11월 6일 10시,금요일,충청남도 천안시 동남구 삼룡동,경상사고,0,0,3,0,차대차 - 기타,안전거리미확보,건조,맑음,단일로 - 교량,승용,여,67세,상해없음,승용,남,56세,경상
2020110600100193,2020년 11월 6일 11시,금요일,충청남도 천안시 서북구 성정동,경상사고,0,0,2,0,차대차 - 추돌,안전운전불이행,건조,흐림,교차로 - 교차로부근,승용,남,40세,상해없음,승용,남,40세,경상
2020110600100443,2020년 11월 6일 18시,금요일,충청남도 천안시 서북구 쌍용동,경상사고,0,0,1,0,차대차 - 추돌,안전운전불이행,건조,맑음,교차로 - 교차로부근,승용,여,55세,상해없음,승용,남,35세,경상
2020110600100515,2020년 11월 6일 19시,금요일,충청남도 천안시 동남구 광덕면,경상사고,0,0,1,0,차대차 - 추돌,안전거리미확보,건조,맑음,교차로 - 교차로부근,승용,남,29세,상해없음,승용,남,48세,경상
2020110600100585,2020년 11월 6일 21시,금요일,충청남도 천안시 서북구 성정동,중상사고,0,1,0,0,차대차 - 기타,안전거리미확보,건조,맑음,단일로 - 기타,기타불명,기타불명,미분류,기타불명,이륜,남,25세,중상
2020110700100076,2020년 11월 7일 06시,토요일,충청남도 천안시 서북구 성정동,경상사고,0,0,1,0,차대차 - 측면충돌,신호위반,건조,맑음,교차로 - 교차로안,승용,남,51세,상해없음,승용,여,49세,경상
2020110700100103,2020년 11월 7일 08시,토요일,충청남도 천안시 동남구 신부동,경상사고,0,0,1,0,차대차 - 측면충돌,안전운전불이행,건조,맑음,단일로 - 기타,자전거,남,69세,경상,승용,남,53세,상해없음
2020110700100249,2020년 11월 7일 12시,토요일,충청남도 천안시 서북구 두정동,중상사고,0,1,0,1,차대차 - 측면충돌,교차로운행방법위반,건조,맑음,교차로 - 교차로안,이륜,남,32세,부상신고,이륜,남,34세,중상
2020110700100371,2020년 11월 7일 15시,토요일,충청남도 천안시 서북구 백석동,경상사고,0,0,2,0,차대차 - 기타,안전운전불이행,건조,맑음,단일로 - 기타,승용,남,62세,상해없음,승용,남,59세,상해없음
2020110700100418,2020년 11월 7일 16시,토요일,충청남도 천안시 서북구 불당동,경상사고,0,0,1,0,차대차 - 측면충돌,안전운전불이행,건조,맑음,교차로 - 교차로부근,자전거,남,7세,경상,승용,남,39세,상해없음
2020110700100459,2020년 11월 7일 17시,토요일,충청남도 천안시 서북구 두정동,중상사고,0,1,0,0,차대사람 - 기타,신호위반,건조,맑음,교차로 - 교차로횡단보도내,이륜,남,20세,상해없음,보행자,남,28세,중상
2020110700100516,2020년 11월 7일 18시,토요일,충청남도 천안시 서북구 성정동,중상사고,0,1,0,0,차대사람 - 기타,안전운전불이행,건조,맑음,교차로 - 교차로안,승합,남,52세,상해없음,보행자,남,75세,중상
2020110700100517,2020년 11월 7일 18시,토요일,충청남도 천안시 서북구 불당동,경상사고,0,0,2,0,차대차 - 기타,안전운전불이행,건조,맑음,교차로 - 교차로부근,승용,남,65세,상해없음,승용,여,37세,상해없음
2020110800100015,2020년 11월 8일 00시,일요일,충청남도 천안시 서북구 쌍용동,경상사고,0,0,1,0,차대차 - 추돌,안전운전불이행,건조,맑음,교차로 - 교차로부근,승용,남,38세,상해없음,승용,남,42세,경상
2020110800100056,2020년 11월 8일 03시,일요일,충청남도 천안시 서북구 부대동,경상사고,0,0,2,0,차대차 - 측면충돌,신호위반,건조,맑음,교차로 - 교차로안,승용,남,22세,상해없음,승용,남,61세,경상
2020110800100090,2020년 11월 8일 08시,일요일,충청남도 천안시 서북구 성환읍,경상사고,0,0,1,0,차대차 - 추돌,직진우회전진행방해,건조,맑음,교차로 - 교차로안,승용,여,53세,상해없음,화물,남,48세,경상
2020110800100091,2020년 11월 8일 08시,일요일,충청남도 천안시 동남구 청당동,경상사고,0,0,1,0,차대차 - 측면충돌,안전운전불이행,건조,맑음,단일로 - 기타,승용,남,84세,상해없음,화물,남,44세,경상
2020110800100152,2020년 11월 8일 11시,일요일,충청남도 천안시 서북구 쌍용동,경상사고,0,0,1,0,차대차 - 기타,안전운전불이행,건조,맑음,단일로 - 기타,원동기,남,16세,상해없음,승용,남,22세,경상
2020110800100153,2020년 11월 8일 11시,일요일,충청남도 천안시 서북구 불당동,경상사고,0,0,2,0,차대차 - 정면충돌,신호위반,건조,맑음,교차로 - 교차로안,이륜,남,61세,경상,승용,남,31세,경상
2020110800100307,2020년 11월 8일 15시,일요일,충청남도 천안시 서북구 두정동,경상사고,0,0,1,0,차대차 - 측면충돌,안전운전불이행,건조,맑음,교차로 - 교차로안,승용,여,31세,상해없음,이륜,남,26세,경상
2020110800100344,2020년 11월 8일 16시,일요일,충청남도 천안시 서북구 성정동,경상사고,0,0,1,0,차대차 - 측면충돌,신호위반,건조,맑음,교차로 - 교차로안,이륜,남,31세,경상,승합,남,58세,상해없음
2020110800100386,2020년 11월 8일 17시,일요일,충청남도 천안시 서북구 성환읍,경상사고,0,0,1,0,차대차 - 추돌,안전운전불이행,건조,맑음,단일로 - 기타,승용,남,59세,상해없음,승용,남,33세,경상
2020110800100482,2020년 11월 8일 19시,일요일,충청남도 천안시 서북구 불당동,중상사고,0,1,0,1,차대사람 - 횡단중,안전운전불이행,건조,맑음,단일로 - 기타,이륜,남,17세,부상신고,보행자,남,44세,중상
2020110800100546,2020년 11월 8일 22시,일요일,충청남도 천안시 서북구 성정동,경상사고,0,0,2,0,차대차 - 측면충돌,안전운전불이행,건조,맑음,교차로 - 교차로안,승합,남,34세,상해없음,승용,남,21세,경상
2020110900100159,2020년 11월 9일 09시,월요일,충청남도 천안시 서북구 직산읍,경상사고,0,0,1,0,차대차 - 측면충돌,신호위반,건조,맑음,교차로 - 교차로안,승용,남,70세,상해없음,승용,여,52세,경상
2020110900100201,2020년 11월 9일 10시,월요일,충청남도 천안시 동남구 성남면,경상사고,0,0,1,0,차대차 - 기타,안전운전불이행,건조,맑음,기타 - 기타,승용,여,58세,상해없음,승용,여,56세,경상
2020110900100272,2020년 11월 9일 12시,월요일,충청남도 천안시 서북구 쌍용동,중상사고,0,1,0,0,차대차 - 기타,신호위반,건조,맑음,교차로 - 교차로안,이륜,남,30세,상해없음,이륜,남,46세,중상
2020110900100548,2020년 11월 9일 18시,월요일,충청남도 천안시 서북구 신당동,경상사고,0,0,3,0,차대차 - 측면충돌,안전거리미확보,건조,맑음,단일로 - 기타,승용,여,40세,상해없음,승합,남,49세,경상
2020110900100671,2020년 11월 9일 22시,월요일,충청남도 천안시 동남구 목천읍,경상사고,0,0,2,1,차대차 - 추돌,안전운전불이행,건조,맑음,단일로 - 기타,화물,남,47세,기타불명,승용,남,41세,경상
2020111000100082,2020년 11월 10일 07시,화요일,충청남도 천안시 동남구 원성동,경상사고,0,0,1,0,차대차 - 기타,안전거리미확보,건조,맑음,단일로 - 기타,승용,여,50세,상해없음,승용,여,30세,상해없음
2020111000100166,2020년 11월 10일 09시,화요일,충청남도 천안시 동남구 신부동,경상사고,0,0,3,0,차대차 - 측면충돌,안전운전불이행,건조,맑음,단일로 - 기타,화물,남,25세,경상,화물,남,64세,경상
2020111000100207,2020년 11월 10일 10시,화요일,충청남도 천안시 동남구 봉명동,중상사고,0,1,0,0,차대사람 - 차도통행중,안전운전불이행,건조,맑음,단일로 - 기타,승용,남,43세,상해없음,보행자,여,77세,중상
2020111000100238,2020년 11월 10일 11시,화요일,충청남도 천안시 서북구 불당동,경상사고,0,0,2,0,차대차 - 정면충돌,신호위반,건조,맑음,교차로 - 교차로안,승용,여,27세,상해없음,승용,여,56세,경상
2020111000100278,2020년 11월 10일 12시,화요일,충청남도 천안시 동남구 신부동,경상사고,0,0,1,0,차량단독 - 공작물충돌,안전운전불이행,건조,맑음,단일로 - 기타,승용,남,63세,경상,,,,
2020111000100310,2020년 11월 10일 13시,화요일,충청남도 천안시 서북구 신당동,경상사고,0,0,2,0,차대차 - 추돌,안전운전불이행,건조,맑음,교차로 - 교차로부근,승용,남,70세,상해없음,승용,남,53세,경상
2020111000100311,2020년 11월 10일 13시,화요일,충청남도 천안시 서북구 쌍용동,경상사고,0,0,1,0,차대차 - 기타,안전운전불이행,건조,맑음,단일로 - 기타,이륜,남,54세,상해없음,승용,여,57세,경상
2020111000100352,2020년 11월 10일 14시,화요일,충청남도 천안시 동남구 신방동,경상사고,0,0,5,0,차대차 - 추돌,안전운전불이행,건조,맑음,단일로 - 기타,승용,여,51세,상해없음,승용,여,60세,경상
2020111000100439,2020년 11월 10일 16시,화요일,충청남도 천안시 동남구 다가동,경상사고,0,0,1,0,차대차 - 측면충돌,안전운전불이행,건조,맑음,교차로 - 교차로안,승용,남,70세,기타불명,화물,남,54세,경상
2020111000100496,2020년 11월 10일 17시,화요일,충청남도 천안시 동남구 신부동,중상사고,0,1,0,0,차대차 - 측면충돌,신호위반,건조,맑음,단일로 - 기타,승용,남,65세,상해없음,이륜,남,18세,중상
2020111000100570,2020년 11월 10일 18시,화요일,충청남도 천안시 동남구 신부동,경상사고,0,0,5,0,차대차 - 기타,안전거리미확보,건조,맑음,단일로 - 기타,승용,여,75세,경상,승용,남,20세,경상
2020111100100007,2020년 11월 11일 00시,수요일,충청남도 천안시 서북구 두정동,경상사고,0,0,1,0,차대차 - 측면충돌,신호위반,건조,맑음,교차로 - 교차로안,원동기,남,51세,경상,승용,남,28세,기타불명
2020111100100030,2020년 11월 11일 04시,수요일,충청남도 천안시 동남구 풍세면,경상사고,0,0,1,0,차대차 - 기타,직진우회전진행방해,건조,맑음,교차로 - 교차로안,건설기계,남,51세,상해없음,이륜,남,27세,경상
2020111100100151,2020년 11월 11일 09시,수요일,충청남도 천안시 서북구 성환읍,경상사고,0,0,1,0,차대차 - 측면충돌,안전운전불이행,건조,맑음,교차로 - 교차로안,승용,여,51세,상해없음,화물,남,42세,경상
2020111100100197,2020년 11월 11일 10시,수요일,충청남도 천안시 동남구 구성동,중상사고,0,1,0,0,차대차 - 추돌,안전운전불이행,건조,맑음,기타 - 기타,승합,남,59세,상해없음,화물,남,50세,중상
2020111100100403,2020년 11월 11일 15시,수요일,충청남도 천안시 동남구 삼룡동,경상사고,0,0,1,0,차대차 - 측면충돌,안전거리미확보,건조,맑음,단일로 - 기타,승용,여,42세,상해없음,승용,여,27세,경상
2020111100100454,2020년 11월 11일 16시,수요일,충청남도 천안시 서북구 백석동,경상사고,0,0,1,0,차대사람 - 횡단중,안전운전불이행,건조,맑음,교차로 - 교차로안,승용,여,51세,상해없음,보행자,여,59세,경상
2020111100100502,2020년 11월 11일 17시,수요일,충청남도 천안시 동남구 신부동,경상사고,0,0,1,0,차대차 - 기타,안전운전불이행,건조,맑음,교차로 - 교차로안,승용,남,58세,상해없음,승용,여,51세,경상
2020111100100627,2020년 11월 11일 19시,수요일,충청남도 천안시 서북구 성정동,중상사고,0,1,0,0,차대사람 - 횡단중,신호위반,건조,맑음,교차로 - 교차로횡단보도내,승용,남,23세,상해없음,보행자,남,61세,중상
2020111100100674,2020년 11월 11일 20시,수요일,충청남도 천안시 서북구 성정동,경상사고,0,0,2,0,차대차 - 추돌,안전거리미확보,건조,맑음,단일로 - 기타,승용,여,27세,상해없음,승용,남,64세,경상
2020111100100675,2020년 11월 11일 20시,수요일,충청남도 천안시 서북구 백석동,중상사고,0,4,19,1,차대차 - 추돌,안전운전불이행,건조,맑음,교차로 - 교차로부근,승합,남,54세,상해없음,승합,남,53세,경상
2020111100100703,2020년 11월 11일 21시,수요일,충청남도 천안시 서북구 백석동,경상사고,0,0,1,0,차대차 - 기타,신호위반,건조,맑음,교차로 - 교차로안,이륜,남,51세,상해없음,이륜,남,21세,경상
2020111200100013,2020년 11월 12일 00시,목요일,충청남도 천안시 서북구 두정동,중상사고,0,3,1,0,차대차 - 추돌,안전운전불이행,건조,맑음,교차로 - 교차로부근,승용,여,39세,상해없음,승용,여,28세,중상
2020111200100037,2020년 11월 12일 02시,목요일,충청남도 천안시 서북구 성정동,경상사고,0,0,3,0,차대차 - 기타,안전운전불이행,건조,맑음,단일로 - 기타,승용,남,32세,경상,승용,남,44세,상해없음
2020111200100126,2020년 11월 12일 08시,목요일,충청남도 천안시 서북구 성정동,경상사고,0,0,1,0,차대차 - 측면충돌,직진우회전진행방해,건조,맑음,교차로 - 교차로안,승용,남,30세,상해없음,승용,남,24세,경상
2020111200100128,2020년 11월 12일 08시,목요일,충청남도 천안시 동남구 영성동,경상사고,0,0,2,0,차대차 - 측면충돌,교차로운행방법위반,건조,맑음,교차로 - 교차로안,승용,남,56세,경상,승용,남,45세,경상
2020111200100170,2020년 11월 12일 09시,목요일,충청남도 천안시 동남구 원성동,경상사고,0,0,2,0,차대차 - 정면충돌,중앙선침범,건조,맑음,교차로 - 교차로부근,승용,남,22세,상해없음,승용,남,53세,경상
2020111200100296,2020년 11월 12일 13시,목요일,충청남도 천안시 동남구 광덕면,경상사고,0,0,2,0,차대차 - 추돌,안전운전불이행,건조,맑음,단일로 - 터널,승용,남,52세,상해없음,승용,남,31세,경상
2020111200100411,2020년 11월 12일 16시,목요일,충청남도 천안시 서북구 쌍용동,경상사고,0,0,1,0,차대차 - 측면충돌,안전운전불이행,건조,맑음,단일로 - 기타,화물,남,55세,상해없음,이륜,남,41세,경상
2020111200100520,2020년 11월 12일 18시,목요일,충청남도 천안시 서북구 두정동,중상사고,0,1,0,0,차대사람 - 기타,기타,건조,맑음,기타 - 기타,자전거,남,35세,상해없음,보행자,여,51세,중상
2020111200100521,2020년 11월 12일 18시,목요일,충청남도 천안시 동남구 신부동,경상사고,0,0,2,0,차대차 - 측면충돌,차로위반,건조,맑음,단일로 - 기타,승용,남,29세,경상,승용,남,59세,경상
2020111200100592,2020년 11월 12일 19시,목요일,충청남도 천안시 서북구 성환읍,경상사고,0,0,2,0,차대차 - 측면충돌,신호위반,건조,맑음,교차로 - 교차로안,승용,남,61세,상해없음,화물,남,59세,경상
2020111300100016,2020년 11월 13일 01시,금요일,충청남도 천안시 동남구 원성동,경상사고,0,0,1,0,차대차 - 기타,안전거리미확보,건조,맑음,단일로 - 기타,승용,남,62세,상해없음,화물,남,51세,경상
2020111300100017,2020년 11월 13일 01시,금요일,충청남도 천안시 동남구 광덕면,경상사고,0,0,1,0,차대차 - 기타,안전운전불이행,건조,맑음,단일로 - 기타,특수,남,57세,상해없음,승용,남,25세,상해없음
2020111300100080,2020년 11월 13일 07시,금요일,충청남도 천안시 서북구 직산읍,경상사고,0,0,2,0,차대차 - 후진중충돌,안전운전불이행,건조,맑음,단일로 - 기타,승용,여,23세,상해없음,승용,남,49세,경상
2020111300100115,2020년 11월 13일 08시,금요일,충청남도 천안시 동남구 청당동,경상사고,0,0,1,0,차대차 - 측면충돌,교차로운행방법위반,건조,맑음,교차로 - 교차로안,승용,남,49세,기타불명,승용,여,34세,경상
2020111300100156,2020년 11월 13일 09시,금요일,충청남도 천안시 동남구 신부동,경상사고,0,0,1,0,차대차 - 측면충돌,직진우회전진행방해,건조,맑음,교차로 - 교차로안,화물,남,70세,상해없음,승용,여,59세,경상
2020111300100249,2020년 11월 13일 12시,금요일,충청남도 천안시 서북구 쌍용동,경상사고,0,0,1,0,차대차 - 기타,안전운전불이행,건조,맑음,단일로 - 기타,승용,남,21세,기타불명,승용,남,39세,경상
2020111300100428,2020년 11월 13일 17시,금요일,충청남도 천안시 서북구 성정동,경상사고,0,0,1,1,차대차 - 기타,안전운전불이행,건조,맑음,단일로 - 기타,승용,남,23세,상해없음,이륜,남,25세,경상
2020111300100488,2020년 11월 13일 18시,금요일,충청남도 천안시 서북구 불당동,경상사고,0,0,1,0,차대차 - 측면충돌,안전운전불이행,건조,맑음,단일로 - 기타,승용,남,33세,상해없음,이륜,남,22세,경상
2020111300100489,2020년 11월 13일 18시,금요일,충청남도 천안시 서북구 직산읍,경상사고,0,0,1,0,차대차 - 추돌,안전운전불이행,건조,맑음,단일로 - 기타,승용,남,45세,상해없음,승용,남,42세,경상
2020111300100490,2020년 11월 13일 18시,금요일,충청남도 천안시 서북구 백석동,경상사고,0,0,1,0,차대차 - 측면충돌,안전운전불이행,건조,맑음,교차로 - 교차로부근,승용,남,33세,상해없음,승용,남,39세,경상