사고번호,사고일시,요일,시군구,사고내용,사망자수,중상자수,경상자수,부상신고자수,사고유형,법규위반,노면상태,기상상태,도로형태,가해운전자 차종,가해운전자 성별,가해운전자 연령,가해운전자 상해정도,피해운전자 차종,피해운전자 성별,피해운전자 연령,피해운전자 상해정도
2020111300100496,2020년 11월 13일 18시,금요일,충청남도 천안시 동남구 원성동,중상사고,0,1,1,0,차대차 - 기타,안전거리미확보,건조,맑음,단일로 - 기타,승용,여,30세,상해없음,승용,남,71세,중상
2020111300100554,2020년 11월 13일 19시,금요일,충청남도 천안시 동남구 안서동,경상사고,0,0,1,0,차대차 - 기타,안전운전불이행,건조,맑음,교차로 - 교차로안,승용,여,22세,상해없음,승용,남,19세,경상
2020111300100659,2020년 11월 13일 22시,금요일,충청남도 천안시 서북구 성정동,경상사고,0,0,1,0,차대차 - 측면충돌,안전운전불이행,건조,맑음,단일로 - 기타,이륜,남,49세,경상,승용,여,51세,상해없음
2020111300100676,2020년 11월 13일 23시,금요일,충청남도 천안시 서북구 쌍용동,중상사고,0,1,0,0,차대사람 - 횡단중,안전운전불이행,건조,맑음,교차로 - 교차로안,승용,여,23세,상해없음,보행자,남,56세,중상
2020111400100031,2020년 11월 14일 01시,토요일,충청남도 천안시 서북구 성거읍,경상사고,0,0,1,0,차대차 - 추돌,안전운전불이행,건조,맑음,교차로 - 교차로부근,승용,남,36세,상해없음,승용,남,32세,경상
2020111400100097,2020년 11월 14일 06시,토요일,충청남도 천안시 동남구 신부동,경상사고,0,0,1,0,차대차 - 측면충돌,안전운전불이행,기타,안개,교차로 - 교차로안,기타불명,기타불명,미분류,기타불명,승합,남,62세,경상
2020111400100218,2020년 11월 14일 11시,토요일,충청남도 천안시 동남구 신부동,경상사고,0,0,4,0,차대차 - 기타,안전운전불이행,건조,맑음,단일로 - 기타,화물,남,62세,상해없음,승용,남,40세,경상
2020111400100296,2020년 11월 14일 13시,토요일,충청남도 천안시 동남구 신부동,경상사고,0,0,2,0,차대차 - 기타,중앙선침범,건조,맑음,교차로 - 교차로부근,이륜,남,24세,경상,승용,여,56세,경상
2020111400100333,2020년 11월 14일 14시,토요일,충청남도 천안시 동남구 대흥동,경상사고,0,0,1,0,차대사람 - 횡단중,안전운전불이행,건조,맑음,단일로 - 기타,승용,여,41세,상해없음,보행자,여,60세,경상
2020111400100377,2020년 11월 14일 15시,토요일,충청남도 천안시 서북구 신당동,경상사고,0,0,1,0,차대차 - 추돌,안전거리미확보,건조,맑음,교차로 - 교차로부근,승용,남,55세,상해없음,승용,여,33세,경상
2020111400100456,2020년 11월 14일 17시,토요일,충청남도 천안시 동남구 원성동,경상사고,0,0,1,0,차대차 - 추돌,안전운전불이행,건조,맑음,교차로 - 교차로부근,화물,여,59세,상해없음,승용,남,39세,경상
2020111400100457,2020년 11월 14일 17시,토요일,충청남도 천안시 동남구 원성동,경상사고,0,0,1,0,차대차 - 추돌,안전운전불이행,건조,맑음,단일로 - 기타,승용,여,41세,상해없음,승합,남,28세,경상
2020111400100550,2020년 11월 14일 19시,토요일,충청남도 천안시 서북구 성정동,중상사고,0,1,0,0,차대차 - 기타,안전운전불이행,건조,맑음,단일로 - 기타,승용,남,65세,상해없음,이륜,남,26세,중상
2020111400100604,2020년 11월 14일 21시,토요일,충청남도 천안시 서북구 두정동,경상사고,0,0,2,0,차대차 - 측면충돌,교차로운행방법위반,건조,맑음,교차로 - 교차로안,이륜,남,32세,경상,이륜,남,35세,경상
2020111500100022,2020년 11월 15일 03시,일요일,충청남도 천안시 서북구 불당동,경상사고,0,0,1,0,차대차 - 측면충돌,안전운전불이행,건조,맑음,교차로 - 교차로안,승용,여,38세,상해없음,승용,남,31세,경상
2020111500100075,2020년 11월 15일 09시,일요일,충청남도 천안시 서북구 쌍용동,경상사고,0,0,2,0,차대차 - 추돌,안전운전불이행,건조,맑음,단일로 - 기타,승용,남,31세,상해없음,승용,여,47세,경상
2020111500100146,2020년 11월 15일 12시,일요일,충청남도 천안시 동남구 목천읍,경상사고,0,0,1,0,차대차 - 기타,신호위반,건조,맑음,교차로 - 교차로부근,승용,남,38세,경상,승용,남,54세,상해없음
2020111500100176,2020년 11월 15일 13시,일요일,충청남도 천안시 서북구 쌍용동,경상사고,0,0,1,0,차대차 - 측면충돌,안전운전불이행,건조,맑음,기타 - 기타,승용,남,45세,상해없음,자전거,남,12세,경상
2020111500100177,2020년 11월 15일 13시,일요일,충청남도 천안시 서북구 두정동,경상사고,0,0,1,0,차대차 - 기타,직진우회전진행방해,건조,맑음,교차로 - 교차로안,승용,남,31세,상해없음,이륜,남,41세,경상
2020111500100207,2020년 11월 15일 14시,일요일,충청남도 천안시 서북구 성정동,경상사고,0,0,1,0,차량단독 - 기타,안전운전불이행,건조,맑음,단일로 - 기타,승합,남,36세,상해없음,,,,
2020111500100208,2020년 11월 15일 14시,일요일,충청남도 천안시 동남구 목천읍,경상사고,0,0,1,0,차대차 - 추돌,안전운전불이행,건조,맑음,교차로 - 교차로부근,승용,남,50세,상해없음,승용,남,40세,경상
2020111500100209,2020년 11월 15일 14시,일요일,충청남도 천안시 동남구 용곡동,중상사고,0,1,0,0,차량단독 - 기타,안전운전불이행,건조,맑음,단일로 - 기타,이륜,남,57세,중상,,,,
2020111500100342,2020년 11월 15일 18시,일요일,충청남도 천안시 서북구 입장면,경상사고,0,0,3,0,차대차 - 추돌,안전거리미확보,건조,맑음,단일로 - 기타,승합,남,31세,상해없음,승용,남,42세,경상
2020111500100465,2020년 11월 15일 23시,일요일,충청남도 천안시 서북구 불당동,경상사고,0,0,1,0,차대차 - 측면충돌,안전운전불이행,건조,맑음,단일로 - 기타,승용,남,28세,상해없음,이륜,남,19세,경상
2020111600100153,2020년 11월 16일 09시,월요일,충청남도 천안시 서북구 성거읍,경상사고,0,0,2,0,차대차 - 측면충돌,안전운전불이행,건조,맑음,단일로 - 기타,화물,남,86세,상해없음,화물,남,37세,경상
2020111600100179,2020년 11월 16일 10시,월요일,충청남도 천안시 동남구 원성동,경상사고,0,0,1,0,차대차 - 측면충돌,직진우회전진행방해,건조,맑음,교차로 - 교차로안,승용,남,78세,상해없음,승용,남,51세,경상
2020111600100228,2020년 11월 16일 11시,월요일,충청남도 천안시 동남구 다가동,중상사고,0,1,0,0,차대사람 - 횡단중,안전운전불이행,건조,맑음,교차로 - 교차로안,화물,남,42세,상해없음,보행자,남,49세,중상
2020111600100410,2020년 11월 16일 16시,월요일,충청남도 천안시 동남구 봉명동,경상사고,0,0,1,0,차대차 - 측면충돌,안전운전불이행,건조,맑음,교차로 - 교차로안,승용,남,74세,상해없음,자전거,남,5세,경상
2020111600100518,2020년 11월 16일 18시,월요일,충청남도 천안시 동남구 신부동,경상사고,0,0,1,0,차대차 - 측면충돌,안전운전불이행,건조,맑음,교차로 - 교차로안,승용,남,37세,상해없음,승합,남,47세,상해없음
2020111600100630,2020년 11월 16일 21시,월요일,충청남도 천안시 동남구 구성동,사망사고,1,0,0,0,차대사람 - 기타,안전운전불이행,건조,맑음,교차로 - 교차로안,승용,남,49세,상해없음,보행자,남,69세,사망
2020111700100099,2020년 11월 17일 08시,화요일,충청남도 천안시 서북구 두정동,경상사고,0,0,1,0,차대차 - 추돌,안전운전불이행,건조,맑음,단일로 - 기타,승용,남,30세,상해없음,이륜,남,60세,경상
2020111700100100,2020년 11월 17일 08시,화요일,충청남도 천안시 서북구 성거읍,경상사고,0,0,1,0,차대차 - 측면충돌,중앙선침범,건조,맑음,단일로 - 기타,승용,여,25세,상해없음,승용,여,22세,경상
2020111700100175,2020년 11월 17일 10시,화요일,충청남도 천안시 동남구 신방동,경상사고,0,0,1,0,차대차 - 추돌,안전운전불이행,건조,맑음,교차로 - 교차로부근,승용,남,35세,상해없음,승용,남,58세,경상
2020111700100176,2020년 11월 17일 10시,화요일,충청남도 천안시 동남구 신방동,경상사고,0,0,2,0,차대차 - 기타,안전운전불이행,젖음/습기,맑음,교차로 - 교차로부근,승합,남,59세,기타불명,승용,남,27세,경상
2020111700100414,2020년 11월 17일 17시,화요일,충청남도 천안시 서북구 직산읍,경상사고,0,0,1,0,차대차 - 측면충돌,안전운전불이행,건조,맑음,교차로 - 교차로안,승용,남,28세,상해없음,승합,남,47세,경상
2020111700100415,2020년 11월 17일 17시,화요일,충청남도 천안시 동남구 풍세면,사망사고,1,0,0,0,차대사람 - 차도통행중,안전운전불이행,건조,맑음,단일로 - 기타,건설기계,남,54세,상해없음,보행자,남,23세,사망
2020111700100543,2020년 11월 17일 19시,화요일,충청남도 천안시 서북구 불당동,경상사고,0,0,3,0,차대차 - 측면충돌,안전운전불이행,건조,맑음,단일로 - 기타,이륜,남,30세,경상,승용,여,38세,경상
2020111700100544,2020년 11월 17일 19시,화요일,충청남도 천안시 서북구 쌍용동,경상사고,0,0,1,0,차대차 - 기타,안전운전불이행,젖음/습기,비,교차로 - 교차로안,승용,여,25세,상해없음,이륜,남,55세,경상
2020111700100589,2020년 11월 17일 20시,화요일,충청남도 천안시 동남구 신부동,중상사고,0,1,0,0,차대사람 - 횡단중,신호위반,건조,맑음,교차로 - 교차로횡단보도내,이륜,남,19세,상해없음,보행자,남,43세,중상
2020111700100635,2020년 11월 17일 22시,화요일,충청남도 천안시 동남구 봉명동,경상사고,0,0,1,0,차대차 - 측면충돌,안전운전불이행,젖음/습기,비,단일로 - 기타,승용,남,56세,상해없음,화물,남,60세,경상
2020111800100332,2020년 11월 18일 14시,수요일,충청남도 천안시 동남구 봉명동,경상사고,0,0,1,0,차대차 - 기타,안전거리미확보,젖음/습기,흐림,교차로 - 교차로부근,승용,남,63세,상해없음,승용,남,37세,경상
2020111800100404,2020년 11월 18일 16시,수요일,충청남도 천안시 동남구 풍세면,경상사고,0,0,2,0,차대차 - 기타,중앙선침범,젖음/습기,비,단일로 - 기타,화물,남,61세,상해없음,승용,남,65세,경상
2020111800100452,2020년 11월 18일 17시,수요일,충청남도 천안시 서북구 백석동,경상사고,0,0,1,0,차대차 - 측면충돌,안전운전불이행,젖음/습기,비,교차로 - 교차로안,승용,남,45세,상해없음,승용,여,49세,경상
2020111800100504,2020년 11월 18일 18시,수요일,충청남도 천안시 동남구 구성동,경상사고,0,0,1,0,차대차 - 측면충돌,차로위반,젖음/습기,비,단일로 - 기타,승용,남,52세,상해없음,승용,남,19세,상해없음
2020111800100579,2020년 11월 18일 19시,수요일,충청남도 천안시 서북구 직산읍,경상사고,0,0,1,0,차대차 - 측면충돌,안전거리미확보,젖음/습기,맑음,단일로 - 기타,승용,남,71세,상해없음,승용,남,35세,경상
2020111800100672,2020년 11월 18일 22시,수요일,충청남도 천안시 서북구 두정동,경상사고,0,0,8,0,차대차 - 추돌,과속,젖음/습기,비,단일로 - 기타,승용,남,28세,경상,승용,남,38세,경상
2020111800100673,2020년 11월 18일 22시,수요일,충청남도 천안시 동남구 신방동,경상사고,0,0,1,0,차대차 - 기타,안전거리미확보,젖음/습기,비,단일로 - 기타,이륜,남,49세,경상,승용,여,22세,상해없음
2020111900100008,2020년 11월 19일 00시,목요일,충청남도 천안시 서북구 백석동,경상사고,0,0,1,0,차대차 - 추돌,안전운전불이행,젖음/습기,비,교차로 - 교차로부근,승용,여,47세,상해없음,화물,남,51세,경상
2020111900100050,2020년 11월 19일 04시,목요일,충청남도 천안시 서북구 직산읍,경상사고,0,0,1,0,차대차 - 정면충돌,중앙선침범,젖음/습기,흐림,단일로 - 기타,승용,남,44세,상해없음,승용,남,48세,경상
2020111900100079,2020년 11월 19일 06시,목요일,충청남도 천안시 서북구 백석동,경상사고,0,0,1,0,차대차 - 측면충돌,안전운전불이행,건조,맑음,단일로 - 기타,화물,남,64세,상해없음,승용,남,40세,경상
2020111900100080,2020년 11월 19일 06시,목요일,충청남도 천안시 동남구 봉명동,중상사고,0,1,0,0,차대사람 - 횡단중,보행자보호의무위반,젖음/습기,비,교차로 - 교차로안,승합,남,52세,상해없음,보행자,여,76세,중상
2020111900100122,2020년 11월 19일 07시,목요일,충청남도 천안시 서북구 백석동,경상사고,0,0,1,1,차대차 - 측면충돌,안전운전불이행,젖음/습기,비,교차로 - 교차로안,승용,남,30세,부상신고,승용,남,28세,경상
2020111900100166,2020년 11월 19일 08시,목요일,충청남도 천안시 서북구 두정동,경상사고,0,0,1,0,차대차 - 기타,교차로운행방법위반,젖음/습기,비,교차로 - 교차로안,승합,남,39세,상해없음,승용,여,43세,경상
2020111900100212,2020년 11월 19일 09시,목요일,충청남도 천안시 서북구 성거읍,중상사고,0,1,0,0,차대차 - 기타,안전운전불이행,젖음/습기,비,단일로 - 기타,기타불명,기타불명,미분류,기타불명,승용,남,68세,중상
2020111900100251,2020년 11월 19일 10시,목요일,충청남도 천안시 서북구 쌍용동,경상사고,0,0,2,0,차대차 - 기타,안전운전불이행,젖음/습기,비,단일로 - 기타,승용,여,48세,상해없음,승용,남,64세,경상
2020111900100252,2020년 11월 19일 10시,목요일,충청남도 천안시 동남구 원성동,경상사고,0,0,1,0,차대차 - 측면충돌,안전운전불이행,건조,맑음,교차로 - 교차로안,승용,남,70세,상해없음,승용,여,41세,경상
2020111900100318,2020년 11월 19일 12시,목요일,충청남도 천안시 서북구 불당동,경상사고,0,0,1,0,차대차 - 추돌,안전거리미확보,젖음/습기,비,단일로 - 기타,승용,여,24세,상해없음,승용,남,27세,경상
2020111900100352,2020년 11월 19일 13시,목요일,충청남도 천안시 서북구 불당동,경상사고,0,0,1,0,차대사람 - 횡단중,신호위반,젖음/습기,비,교차로 - 교차로횡단보도내,화물,남,57세,상해없음,보행자,남,23세,경상
2020111900100382,2020년 11월 19일 14시,목요일,충청남도 천안시 서북구 두정동,경상사고,0,0,1,0,차대차 - 기타,신호위반,젖음/습기,비,교차로 - 교차로안,승용,여,19세,상해없음,원동기,남,21세,경상
2020111900100416,2020년 11월 19일 15시,목요일,충청남도 천안시 서북구 쌍용동,중상사고,0,1,0,0,차대차 - 기타,안전운전불이행,젖음/습기,비,단일로 - 기타,승용,남,51세,상해없음,자전거,남,74세,중상
2020111900100417,2020년 11월 19일 15시,목요일,충청남도 천안시 서북구 성정동,경상사고,0,0,1,0,차대차 - 기타,교차로운행방법위반,젖음/습기,흐림,교차로 - 교차로안,승용,여,44세,상해없음,이륜,남,48세,경상
2020111900100451,2020년 11월 19일 16시,목요일,충청남도 천안시 동남구 봉명동,경상사고,0,0,1,0,차대사람 - 기타,안전운전불이행,건조,맑음,단일로 - 기타,승용,남,35세,상해없음,보행자,남,72세,경상
2020111900100490,2020년 11월 19일 17시,목요일,충청남도 천안시 서북구 두정동,경상사고,0,0,3,0,차대차 - 측면충돌,안전거리미확보,건조,맑음,단일로 - 고가도로위,승용,남,28세,상해없음,승합,남,50세,경상
2020111900100672,2020년 11월 19일 22시,목요일,충청남도 천안시 동남구 신부동,경상사고,0,0,1,0,차대차 - 정면충돌,중앙선침범,건조,맑음,교차로 - 교차로안,승용,남,17세,상해없음,승용,남,23세,경상
2020112000100056,2020년 11월 20일 05시,금요일,충청남도 천안시 서북구 성거읍,경상사고,0,0,1,0,차대차 - 추돌,안전운전불이행,건조,맑음,단일로 - 기타,특수,남,60세,상해없음,승용,남,44세,경상
2020112000100205,2020년 11월 20일 11시,금요일,충청남도 천안시 서북구 쌍용동,경상사고,0,0,1,0,차대차 - 측면충돌,신호위반,건조,맑음,교차로 - 교차로안,승용,남,54세,상해없음,이륜,남,31세,경상
2020112000100206,2020년 11월 20일 11시,금요일,충청남도 천안시 동남구 신부동,경상사고,0,0,2,0,차대차 - 측면충돌,안전거리미확보,건조,맑음,단일로 - 기타,승용,여,34세,경상,승용,남,23세,경상
2020112000100242,2020년 11월 20일 12시,금요일,충청남도 천안시 서북구 성환읍,경상사고,0,0,1,0,차대차 - 추돌,안전운전불이행,건조,맑음,단일로 - 기타,승용,남,28세,상해없음,승용,남,34세,경상
2020112000100388,2020년 11월 20일 16시,금요일,충청남도 천안시 서북구 업성동,중상사고,0,1,3,0,차대차 - 측면충돌,과속,건조,맑음,단일로 - 기타,승용,남,38세,중상,화물,남,55세,상해없음
2020112000100446,2020년 11월 20일 17시,금요일,충청남도 천안시 서북구 성환읍,중상사고,0,1,0,0,차대사람 - 횡단중,보행자보호의무위반,건조,맑음,교차로 - 교차로부근,승용,여,59세,상해없음,보행자,여,23세,중상
2020112000100526,2020년 11월 20일 18시,금요일,충청남도 천안시 서북구 두정동,경상사고,0,0,1,0,차대차 - 측면충돌,중앙선침범,건조,맑음,단일로 - 기타,개인형이동수단(PM),남,50세,상해없음,이륜,남,23세,경상
2020112000100588,2020년 11월 20일 19시,금요일,충청남도 천안시 동남구 청당동,경상사고,0,0,1,0,차대차 - 기타,안전운전불이행,건조,맑음,교차로 - 교차로부근,화물,남,58세,상해없음,승용,남,31세,경상
2020112000100633,2020년 11월 20일 20시,금요일,충청남도 천안시 서북구 두정동,경상사고,0,0,1,1,차대차 - 측면충돌,교차로운행방법위반,건조,맑음,교차로 - 교차로안,이륜,남,29세,부상신고,개인형이동수단(PM),남,42세,경상
2020112000100662,2020년 11월 20일 21시,금요일,충청남도 천안시 서북구 쌍용동,경상사고,0,0,1,0,차대사람 - 횡단중,신호위반,건조,맑음,교차로 - 교차로안,승용,남,30세,상해없음,보행자,남,55세,경상
2020112100100313,2020년 11월 21일 14시,토요일,충청남도 천안시 서북구 성환읍,중상사고,0,1,0,0,차대사람 - 횡단중,안전운전불이행,건조,맑음,교차로 - 교차로횡단보도내,승용,여,49세,상해없음,보행자,여,76세,중상
2020112100100380,2020년 11월 21일 16시,토요일,충청남도 천안시 동남구 신부동,중상사고,0,1,0,0,차대차 - 기타,신호위반,건조,맑음,기타 - 기타,이륜,남,19세,중상,승용,남,31세,상해없음
2020112100100496,2020년 11월 21일 19시,토요일,충청남도 천안시 서북구 성정동,중상사고,0,1,1,0,차대차 - 측면충돌,신호위반,건조,맑음,교차로 - 교차로안,승용,남,53세,상해없음,이륜,남,28세,중상
2020112100100590,2020년 11월 21일 23시,토요일,충청남도 천안시 서북구 직산읍,중상사고,0,1,1,0,차대차 - 추돌,안전운전불이행,건조,맑음,교차로 - 교차로부근,승용,남,37세,상해없음,승용,남,43세,중상
2020112200100027,2020년 11월 22일 01시,일요일,충청남도 천안시 동남구 북면,경상사고,0,0,4,0,차대차 - 기타,신호위반,젖음/습기,비,교차로 - 교차로안,승용,남,47세,상해없음,승용,남,35세,경상
2020112200100109,2020년 11월 22일 09시,일요일,충청남도 천안시 동남구 신방동,경상사고,0,0,1,0,차대차 - 측면충돌,안전운전불이행,건조,맑음,교차로 - 교차로안,승용,남,50세,상해없음,승용,남,47세,경상
2020112200100235,2020년 11월 22일 15시,일요일,충청남도 천안시 서북구 불당동,경상사고,0,0,1,0,차대차 - 측면충돌,안전운전불이행,건조,맑음,기타 - 기타,이륜,남,35세,기타불명,자전거,남,12세,경상
2020112200100372,2020년 11월 22일 20시,일요일,충청남도 천안시 동남구 목천읍,중상사고,0,1,0,0,차대차 - 측면충돌,안전운전불이행,젖음/습기,흐림,교차로 - 교차로안,승용,남,28세,상해없음,이륜,남,21세,중상
2020112200100390,2020년 11월 22일 21시,일요일,충청남도 천안시 서북구 쌍용동,경상사고,0,0,2,0,차대차 - 추돌,안전운전불이행,건조,맑음,교차로 - 교차로안,승용,남,27세,상해없음,승용,여,48세,경상
2020112300100105,2020년 11월 23일 08시,월요일,충청남도 천안시 서북구 입장면,중상사고,0,1,0,0,차대사람 - 기타,안전운전불이행,건조,맑음,교차로 - 교차로안,승용,남,47세,상해없음,보행자,남,62세,중상
2020112300100251,2020년 11월 23일 12시,월요일,충청남도 천안시 서북구 백석동,경상사고,0,0,2,0,차대차 - 측면충돌,안전운전불이행,건조,맑음,단일로 - 기타,승용,남,36세,상해없음,승용,여,47세,경상
2020112300100294,2020년 11월 23일 13시,월요일,충청남도 천안시 서북구 불당동,경상사고,0,0,2,0,차대차 - 측면충돌,안전거리미확보,건조,맑음,교차로 - 교차로부근,승용,여,38세,상해없음,승용,남,27세,경상
2020112300100358,2020년 11월 23일 15시,월요일,충청남도 천안시 서북구 직산읍,경상사고,0,0,1,0,차대차 - 추돌,안전거리미확보,건조,맑음,단일로 - 기타,화물,남,24세,상해없음,승용,남,66세,경상
2020112300100391,2020년 11월 23일 16시,월요일,충청남도 천안시 서북구 쌍용동,중상사고,0,1,5,0,차대차 - 추돌,안전운전불이행,건조,맑음,교차로 - 교차로부근,화물,남,61세,상해없음,승합,여,45세,경상
2020112300100443,2020년 11월 23일 17시,월요일,충청남도 천안시 서북구 두정동,경상사고,0,0,1,0,차대차 - 측면충돌,교차로운행방법위반,건조,맑음,교차로 - 교차로안,승용,여,58세,상해없음,이륜,남,40세,경상
2020112300100444,2020년 11월 23일 17시,월요일,충청남도 천안시 서북구 두정동,경상사고,0,0,1,0,차대차 - 측면충돌,안전거리미확보,건조,맑음,교차로 - 교차로부근,승용,여,36세,상해없음,승용,남,32세,경상
2020112400100011,2020년 11월 24일 00시,화요일,충청남도 천안시 서북구 차암동,경상사고,0,0,3,0,차대차 - 측면충돌,신호위반,건조,맑음,교차로 - 교차로안,승용,여,20세,경상,승용,남,29세,경상
2020112400100125,2020년 11월 24일 09시,화요일,충청남도 천안시 서북구 불당동,경상사고,0,0,1,0,차대사람 - 기타,안전운전불이행,건조,맑음,교차로 - 교차로안,화물,남,45세,상해없음,보행자,남,58세,경상
2020112400100126,2020년 11월 24일 09시,화요일,충청남도 천안시 동남구 목천읍,중상사고,0,1,1,0,차대차 - 기타,안전거리미확보,건조,맑음,기타 - 기타,화물,남,66세,상해없음,승합,남,45세,중상
2020112400100422,2020년 11월 24일 17시,화요일,충청남도 천안시 서북구 두정동,경상사고,0,0,3,0,차대차 - 기타,안전거리미확보,건조,맑음,교차로 - 교차로안,승용,남,50세,상해없음,승용,남,46세,경상
2020112400100563,2020년 11월 24일 20시,화요일,충청남도 천안시 서북구 두정동,경상사고,0,0,2,0,차대차 - 추돌,안전거리미확보,건조,맑음,단일로 - 기타,승용,남,51세,상해없음,승합,남,42세,경상
2020112400100565,2020년 11월 24일 20시,화요일,충청남도 천안시 동남구 신방동,경상사고,0,0,1,0,차대차 - 기타,직진우회전진행방해,건조,맑음,교차로 - 교차로안,승용,여,44세,상해없음,이륜,남,26세,경상
2020112400100610,2020년 11월 24일 22시,화요일,충청남도 천안시 동남구 신방동,경상사고,0,0,1,0,차대차 - 기타,안전운전불이행,건조,맑음,교차로 - 교차로안,승용,남,47세,기타불명,승용,남,46세,경상
2020112400100628,2020년 11월 24일 23시,화요일,충청남도 천안시 서북구 불당동,경상사고,0,0,2,0,차대차 - 추돌,안전운전불이행,건조,맑음,단일로 - 기타,승용,남,29세,상해없음,승용,여,25세,경상
2020112500100056,2020년 11월 25일 07시,수요일,충청남도 천안시 서북구 두정동,경상사고,0,0,1,0,차대사람 - 기타,안전운전불이행,건조,맑음,단일로 - 기타,승용,남,64세,상해없음,보행자,남,55세,경상
2020112500100156,2020년 11월 25일 10시,수요일,충청남도 천안시 서북구 성정동,경상사고,0,0,2,0,차대차 - 측면충돌,교차로운행방법위반,건조,맑음,교차로 - 교차로안,승용,여,28세,상해없음,승용,여,48세,경상
2020112500100333,2020년 11월 25일 15시,수요일,충청남도 천안시 서북구 두정동,경상사고,0,0,1,0,차대차 - 측면충돌,안전운전불이행,건조,맑음,교차로 - 교차로안,승용,여,53세,상해없음,승용,남,35세,경상
2020112500100334,2020년 11월 25일 15시,수요일,충청남도 천안시 동남구 봉명동,경상사고,0,0,3,0,차대차 - 측면충돌,안전운전불이행,건조,맑음,단일로 - 기타,승용,남,41세,상해없음,승용,여,31세,경상
2020112500100421,2020년 11월 25일 17시,수요일,충청남도 천안시 서북구 성정동,경상사고,0,0,1,0,차대차 - 기타,기타,건조,맑음,기타 - 기타,승용,남,46세,상해없음,승용,남,46세,경상
2020112500100422,2020년 11월 25일 17시,수요일,충청남도 천안시 서북구 불당동,중상사고,0,1,1,0,차대사람 - 횡단중,신호위반,건조,맑음,교차로 - 교차로횡단보도내,원동기,남,17세,상해없음,보행자,남,26세,중상
2020112500100423,2020년 11월 25일 17시,수요일,충청남도 천안시 동남구 신방동,경상사고,0,0,1,0,차대차 - 추돌,안전운전불이행,건조,맑음,단일로 - 기타,승용,남,39세,상해없음,승용,여,47세,경상
2020112600100007,2020년 11월 26일 00시,목요일,충청남도 천안시 서북구 성거읍,경상사고,0,0,1,0,차대차 - 추돌,안전운전불이행,건조,맑음,교차로 - 교차로부근,기타불명,기타불명,미분류,기타불명,승용,남,36세,경상
2020112600100056,2020년 11월 26일 06시,목요일,충청남도 천안시 서북구 불당동,경상사고,0,0,2,0,차대차 - 측면충돌,신호위반,건조,맑음,교차로 - 교차로안,승용,남,54세,상해없음,승용,남,69세,경상
2020112600100057,2020년 11월 26일 06시,목요일,충청남도 천안시 서북구 직산읍,경상사고,0,0,1,0,차대차 - 측면충돌,안전거리미확보,건조,맑음,단일로 - 기타,승용,남,42세,상해없음,화물,남,64세,경상
2020112600100162,2020년 11월 26일 10시,목요일,충청남도 천안시 서북구 두정동,경상사고,0,0,1,0,차대차 - 정면충돌,교차로운행방법위반,건조,맑음,교차로 - 교차로안,승용,남,43세,상해없음,승용,남,31세,경상
2020112600100194,2020년 11월 26일 11시,목요일,충청남도 천안시 서북구 성정동,경상사고,0,0,1,0,차대차 - 측면충돌,차로위반,건조,맑음,단일로 - 기타,건설기계,남,43세,상해없음,승용,여,59세,경상
2020112600100355,2020년 11월 26일 16시,목요일,충청남도 천안시 서북구 쌍용동,중상사고,0,1,0,0,차대사람 - 횡단중,보행자보호의무위반,건조,맑음,교차로 - 교차로횡단보도내,승용,여,51세,상해없음,보행자,여,8세,중상
2020112600100356,2020년 11월 26일 16시,목요일,충청남도 천안시 서북구 불당동,경상사고,0,0,1,0,차대차 - 추돌,안전거리미확보,건조,맑음,교차로 - 교차로부근,승용,여,47세,상해없음,승용,남,37세,경상
2020112600100391,2020년 11월 26일 17시,목요일,충청남도 천안시 서북구 두정동,경상사고,0,0,2,0,차대차 - 측면충돌,신호위반,건조,맑음,교차로 - 교차로안,승용,남,50세,상해없음,승용,남,34세,경상
2020112600100392,2020년 11월 26일 17시,목요일,충청남도 천안시 서북구 성환읍,경상사고,0,0,1,0,차대차 - 측면충돌,안전운전불이행,건조,맑음,단일로 - 기타,승용,남,50세,상해없음,승용,남,22세,경상
2020112600100506,2020년 11월 26일 19시,목요일,충청남도 천안시 서북구 두정동,경상사고,0,0,2,0,차대차 - 측면충돌,과속,건조,맑음,단일로 - 기타,승용,남,27세,상해없음,승용,여,54세,경상
2020112600100508,2020년 11월 26일 19시,목요일,충청남도 천안시 동남구 구성동,경상사고,0,0,1,0,차대차 - 추돌,안전운전불이행,건조,맑음,교차로 - 교차로부근,승용,남,55세,상해없음,승용,남,46세,경상
2020112600100578,2020년 11월 26일 21시,목요일,충청남도 천안시 동남구 봉명동,경상사고,0,0,1,0,차대사람 - 기타,안전운전불이행,건조,맑음,단일로 - 기타,승용,여,65세,상해없음,보행자,남,27세,경상
2020112700100084,2020년 11월 27일 08시,금요일,충청남도 천안시 서북구 두정동,경상사고,0,0,1,4,차대차 - 측면충돌,교차로운행방법위반,건조,맑음,교차로 - 교차로안,승용,남,42세,부상신고,승용,남,58세,경상