사고번호,사고일시,요일,시군구,사고내용,사망자수,중상자수,경상자수,부상신고자수,사고유형,법규위반,노면상태,기상상태,도로형태,가해운전자 차종,가해운전자 성별,가해운전자 연령,가해운전자 상해정도,피해운전자 차종,피해운전자 성별,피해운전자 연령,피해운전자 상해정도
2021040400100333,2021년 4월 4일 19시,일요일,충청남도 천안시 서북구 쌍용동,경상사고,0,0,1,0,차대사람 - 횡단중,보행자보호의무위반,건조,맑음,교차로 - 교차로안,승용,여,52세,상해없음,보행자,남,54세,경상
2021040400100403,2021년 4월 4일 22시,일요일,충청남도 천안시 서북구 성정동,경상사고,0,0,1,0,차대차 - 측면충돌,안전거리미확보,건조,맑음,단일로 - 기타,승용,남,22세,상해없음,화물,남,37세,경상
2021040500100025,2021년 4월 5일 04시,월요일,충청남도 천안시 서북구 쌍용동,경상사고,0,0,1,0,차대차 - 측면충돌,신호위반,건조,맑음,교차로 - 교차로안,승용,남,71세,상해없음,승용,남,41세,경상
2021040500100150,2021년 4월 5일 09시,월요일,충청남도 천안시 서북구 쌍용동,경상사고,0,0,2,1,차대차 - 측면충돌,안전운전불이행,건조,맑음,교차로 - 교차로안,승용,여,43세,부상신고,승용,남,37세,경상
2021040500100191,2021년 4월 5일 10시,월요일,충청남도 천안시 동남구 봉명동,경상사고,0,0,1,0,차대사람 - 횡단중,안전운전불이행,건조,맑음,단일로 - 기타,승용,여,57세,상해없음,보행자,여,76세,경상
2021040500100216,2021년 4월 5일 11시,월요일,충청남도 천안시 서북구 성거읍,경상사고,0,0,1,0,차대차 - 추돌,안전거리미확보,건조,맑음,교차로 - 교차로부근,화물,남,38세,상해없음,승용,남,60세,경상
2021040500100320,2021년 4월 5일 14시,월요일,충청남도 천안시 서북구 쌍용동,경상사고,0,0,1,0,차대차 - 추돌,안전운전불이행,건조,맑음,단일로 - 기타,승합,남,60세,상해없음,화물,남,73세,경상
2021040500100514,2021년 4월 5일 18시,월요일,충청남도 천안시 서북구 성정동,중상사고,0,1,0,1,차대사람 - 횡단중,보행자보호의무위반,건조,맑음,단일로 - 기타,원동기,남,25세,부상신고,보행자,여,42세,중상
2021040500100515,2021년 4월 5일 18시,월요일,충청남도 천안시 서북구 불당동,경상사고,0,0,2,0,차대차 - 측면충돌,안전운전불이행,건조,맑음,교차로 - 교차로안,승용,여,54세,상해없음,승용,여,41세,경상
2021040500100558,2021년 4월 5일 19시,월요일,충청남도 천안시 서북구 성정동,경상사고,0,0,1,0,차대사람 - 기타,안전운전불이행,건조,맑음,단일로 - 기타,승용,남,26세,상해없음,보행자,남,29세,경상
2021040500100629,2021년 4월 5일 21시,월요일,충청남도 천안시 서북구 성정동,경상사고,0,0,3,0,차대차 - 기타,교차로운행방법위반,건조,맑음,교차로 - 교차로안,승용,남,67세,상해없음,승용,남,24세,경상
2021040500100650,2021년 4월 5일 22시,월요일,충청남도 천안시 동남구 구성동,경상사고,0,0,2,0,차대차 - 추돌,안전운전불이행,건조,맑음,단일로 - 교량,승용,남,56세,상해없음,승용,남,27세,경상
2021040600100087,2021년 4월 6일 08시,화요일,충청남도 천안시 서북구 성환읍,경상사고,0,0,1,0,차대차 - 기타,교차로운행방법위반,건조,맑음,교차로 - 교차로안,승용,여,51세,상해없음,화물,남,68세,상해없음
2021040600100088,2021년 4월 6일 08시,화요일,충청남도 천안시 동남구 신부동,경상사고,0,0,1,0,차대차 - 기타,안전운전불이행,건조,맑음,교차로 - 교차로안,승용,여,42세,상해없음,승용,여,28세,경상
2021040600100265,2021년 4월 6일 14시,화요일,충청남도 천안시 동남구 병천면,경상사고,0,0,1,0,차대차 - 측면충돌,안전운전불이행,건조,맑음,단일로 - 기타,화물,남,63세,상해없음,이륜,남,71세,경상
2021040600100266,2021년 4월 6일 14시,화요일,충청남도 천안시 동남구 구성동,경상사고,0,0,3,0,차대차 - 기타,안전거리미확보,건조,맑음,단일로 - 기타,건설기계,남,51세,상해없음,승용,여,41세,경상
2021040600100560,2021년 4월 6일 22시,화요일,충청남도 천안시 동남구 원성동,중상사고,0,1,2,0,차대차 - 기타,불법유턴,건조,맑음,교차로 - 교차로부근,이륜,남,30세,중상,승용,남,53세,경상
2021040600100575,2021년 4월 6일 23시,화요일,충청남도 천안시 서북구 백석동,경상사고,0,0,1,1,차대차 - 측면충돌,신호위반,건조,맑음,교차로 - 교차로안,이륜,남,18세,부상신고,승용,여,50세,경상
2021040700100127,2021년 4월 7일 09시,수요일,충청남도 천안시 서북구 두정동,경상사고,0,0,1,0,차대차 - 기타,직진우회전진행방해,건조,맑음,기타 - 기타,승용,남,24세,기타불명,승용,여,32세,경상
2021040700100370,2021년 4월 7일 16시,수요일,충청남도 천안시 서북구 직산읍,중상사고,0,1,0,0,차대사람 - 횡단중,안전운전불이행,건조,맑음,교차로 - 교차로부근,승용,여,56세,상해없음,보행자,남,10세,중상
2021040700100470,2021년 4월 7일 18시,수요일,충청남도 천안시 서북구 두정동,중상사고,0,1,0,0,차대차 - 측면충돌,신호위반,건조,맑음,교차로 - 교차로안,이륜,남,31세,중상,승용,남,24세,상해없음
2021040700100532,2021년 4월 7일 19시,수요일,충청남도 천안시 동남구 청수동,경상사고,0,0,1,0,차대차 - 측면충돌,안전운전불이행,건조,맑음,단일로 - 기타,승용,남,26세,상해없음,승용,남,21세,경상
2021040700100624,2021년 4월 7일 22시,수요일,충청남도 천안시 동남구 신부동,경상사고,0,0,2,0,차대차 - 측면충돌,차로위반,건조,맑음,단일로 - 기타,화물,남,60세,상해없음,승용,여,31세,경상
2021040700100641,2021년 4월 7일 23시,수요일,충청남도 천안시 서북구 불당동,경상사고,0,0,1,0,차대차 - 기타,교차로운행방법위반,건조,맑음,교차로 - 교차로안,승용,여,50세,상해없음,승합,남,29세,경상
2021040800100016,2021년 4월 8일 01시,목요일,충청남도 천안시 동남구 대흥동,경상사고,0,0,2,0,차대차 - 측면충돌,안전운전불이행,건조,맑음,단일로 - 기타,승용,남,28세,상해없음,승용,남,58세,경상
2021040800100344,2021년 4월 8일 15시,목요일,충청남도 천안시 서북구 성거읍,경상사고,0,0,1,0,차대차 - 측면충돌,안전운전불이행,건조,맑음,단일로 - 기타,건설기계,남,64세,상해없음,승용,남,44세,경상
2021040800100383,2021년 4월 8일 16시,목요일,충청남도 천안시 서북구 성정동,경상사고,0,0,1,0,차대차 - 측면충돌,보행자보호의무위반,건조,맑음,교차로 - 교차로안,승용,여,48세,상해없음,자전거,남,12세,경상
2021040800100478,2021년 4월 8일 18시,목요일,충청남도 천안시 서북구 성정동,경상사고,0,0,4,0,차대차 - 측면충돌,안전운전불이행,건조,맑음,단일로 - 기타,이륜,남,21세,경상,승용,남,32세,경상
2021040800100481,2021년 4월 8일 18시,목요일,충청남도 천안시 동남구 원성동,경상사고,0,0,1,0,차대차 - 측면충돌,안전운전불이행,건조,맑음,교차로 - 교차로부근,승용,남,64세,상해없음,이륜,남,29세,경상
2021040800100638,2021년 4월 8일 23시,목요일,충청남도 천안시 서북구 성환읍,경상사고,0,0,1,0,차대차 - 기타,안전운전불이행,건조,맑음,교차로 - 교차로안,승용,남,20세,상해없음,승용,남,27세,경상
2021040900100008,2021년 4월 9일 00시,금요일,충청남도 천안시 서북구 성정동,중상사고,0,1,0,0,차대차 - 기타,중앙선침범,건조,맑음,교차로 - 교차로부근,승용,남,41세,상해없음,승용,여,26세,중상
2021040900100096,2021년 4월 9일 08시,금요일,충청남도 천안시 동남구 신방동,경상사고,0,0,1,0,차대차 - 측면충돌,중앙선침범,건조,맑음,단일로 - 기타,특수,남,51세,상해없음,개인형이동수단(PM),남,37세,경상
2021040900100125,2021년 4월 9일 09시,금요일,충청남도 천안시 서북구 불당동,경상사고,0,0,1,0,차대차 - 기타,안전거리미확보,건조,맑음,단일로 - 기타,승용,남,74세,기타불명,승용,남,35세,경상
2021040900100232,2021년 4월 9일 12시,금요일,충청남도 천안시 서북구 두정동,중상사고,0,1,0,0,차대차 - 측면충돌,직진우회전진행방해,건조,맑음,교차로 - 교차로안,화물,남,47세,상해없음,이륜,남,56세,중상
2021040900100269,2021년 4월 9일 13시,금요일,충청남도 천안시 서북구 성정동,경상사고,0,0,2,0,차대차 - 기타,직진우회전진행방해,건조,맑음,교차로 - 교차로안,승용,남,30세,경상,화물,남,40세,경상
2021040900100444,2021년 4월 9일 17시,금요일,충청남도 천안시 동남구 신부동,경상사고,0,0,1,0,차대차 - 측면충돌,안전운전불이행,건조,맑음,단일로 - 기타,승용,여,48세,상해없음,승용,여,26세,경상
2021040900100524,2021년 4월 9일 19시,금요일,충청남도 천안시 서북구 성정동,경상사고,0,0,1,0,차대차 - 기타,안전거리미확보,젖음/습기,비,단일로 - 기타,이륜,남,40세,기타불명,승용,남,31세,경상
2021040900100564,2021년 4월 9일 20시,금요일,충청남도 천안시 서북구 백석동,중상사고,0,1,0,0,차대사람 - 횡단중,안전운전불이행,건조,맑음,교차로 - 교차로안,승용,여,38세,상해없음,보행자,여,52세,중상
2021040900100565,2021년 4월 9일 20시,금요일,충청남도 천안시 동남구 신방동,중상사고,0,1,1,0,차대차 - 측면충돌,교차로운행방법위반,건조,맑음,교차로 - 교차로안,이륜,남,26세,중상,이륜,남,26세,경상
2021040900100650,2021년 4월 9일 23시,금요일,충청남도 천안시 서북구 성정동,중상사고,0,1,3,1,차대차 - 추돌,안전운전불이행,건조,맑음,교차로 - 교차로부근,승용,남,49세,부상신고,승합,여,49세,중상
2021040900100651,2021년 4월 9일 23시,금요일,충청남도 천안시 서북구 두정동,중상사고,0,1,0,0,차대사람 - 횡단중,보행자보호의무위반,건조,맑음,단일로 - 기타,승용,여,46세,기타불명,보행자,남,46세,중상
2021041000100051,2021년 4월 10일 07시,토요일,충청남도 천안시 서북구 쌍용동,경상사고,0,0,2,0,차대차 - 추돌,안전운전불이행,건조,맑음,단일로 - 기타,승합,남,26세,상해없음,승합,남,54세,경상
2021041000100169,2021년 4월 10일 11시,토요일,충청남도 천안시 동남구 성남면,경상사고,0,0,5,0,차대차 - 추돌,안전운전불이행,건조,맑음,단일로 - 기타,승용,여,26세,경상,승용,남,31세,경상
2021041000100211,2021년 4월 10일 12시,토요일,충청남도 천안시 동남구 청당동,경상사고,0,0,2,0,차대차 - 측면충돌,신호위반,건조,맑음,단일로 - 기타,승용,남,77세,상해없음,건설기계,남,56세,경상
2021041000100212,2021년 4월 10일 12시,토요일,충청남도 천안시 서북구 성거읍,경상사고,0,0,4,0,차대차 - 기타,안전운전불이행,건조,맑음,단일로 - 기타,승용,남,44세,경상,승용,남,50세,경상
2021041000100388,2021년 4월 10일 16시,토요일,충청남도 천안시 동남구 다가동,경상사고,0,0,1,0,차대차 - 후진중충돌,안전운전불이행,건조,맑음,단일로 - 기타,화물,남,60세,상해없음,개인형이동수단(PM),여,28세,경상
2021041000100426,2021년 4월 10일 17시,토요일,충청남도 천안시 서북구 불당동,중상사고,0,1,0,0,차대차 - 추돌,안전거리미확보,건조,맑음,단일로 - 기타,화물,남,43세,상해없음,승용,여,58세,중상
2021041000100532,2021년 4월 10일 20시,토요일,충청남도 천안시 서북구 두정동,경상사고,0,0,1,0,차대차 - 기타,신호위반,건조,맑음,기타 - 기타,승용,남,46세,상해없음,이륜,남,48세,경상
2021041000100592,2021년 4월 10일 22시,토요일,충청남도 천안시 서북구 입장면,경상사고,0,0,2,0,차대차 - 추돌,안전운전불이행,건조,맑음,기타 - 기타,승용,남,21세,상해없음,승용,남,40세,경상
2021041100100036,2021년 4월 11일 04시,일요일,충청남도 천안시 동남구 원성동,경상사고,0,0,1,0,차대차 - 추돌,안전운전불이행,건조,맑음,교차로 - 교차로부근,승용,남,46세,상해없음,승합,남,49세,경상
2021041100100229,2021년 4월 11일 14시,일요일,충청남도 천안시 동남구 목천읍,경상사고,0,0,3,0,차대차 - 추돌,안전운전불이행,건조,맑음,단일로 - 기타,승용,남,40세,상해없음,승용,남,63세,경상
2021041100100305,2021년 4월 11일 16시,일요일,충청남도 천안시 동남구 신부동,경상사고,0,0,4,0,차대차 - 측면충돌,안전운전불이행,건조,맑음,교차로 - 교차로부근,승용,남,22세,상해없음,승용,여,33세,경상
2021041100100403,2021년 4월 11일 19시,일요일,충청남도 천안시 서북구 성성동,경상사고,0,0,6,0,차대차 - 추돌,안전운전불이행,건조,맑음,교차로 - 교차로부근,승용,남,34세,상해없음,승용,남,48세,경상
2021041100100468,2021년 4월 11일 21시,일요일,충청남도 천안시 서북구 성정동,경상사고,0,0,1,0,차대차 - 기타,교차로운행방법위반,건조,맑음,교차로 - 교차로안,승용,남,37세,상해없음,승용,남,30세,경상
2021041200100082,2021년 4월 12일 08시,월요일,충청남도 천안시 서북구 불당동,경상사고,0,0,1,0,차대차 - 추돌,안전운전불이행,건조,맑음,단일로 - 기타,승용,여,48세,상해없음,승용,남,33세,경상
2021041200100139,2021년 4월 12일 10시,월요일,충청남도 천안시 서북구 두정동,경상사고,0,0,1,0,차대차 - 측면충돌,교차로운행방법위반,건조,맑음,교차로 - 교차로안,화물,남,59세,상해없음,승용,여,58세,경상
2021041200100171,2021년 4월 12일 11시,월요일,충청남도 천안시 서북구 쌍용동,경상사고,0,0,1,0,차대차 - 기타,안전운전불이행,젖음/습기,비,교차로 - 교차로부근,이륜,남,26세,상해없음,승용,여,33세,경상
2021041200100305,2021년 4월 12일 15시,월요일,충청남도 천안시 서북구 불당동,경상사고,0,0,2,0,차대차 - 측면충돌,안전운전불이행,젖음/습기,비,기타 - 기타,화물,여,61세,경상,승용,남,30세,경상
2021041200100348,2021년 4월 12일 16시,월요일,충청남도 천안시 동남구 대흥동,경상사고,0,0,4,0,차대차 - 기타,안전운전불이행,건조,맑음,단일로 - 기타,승용,남,50세,경상,승용,남,68세,경상
2021041200100424,2021년 4월 12일 18시,월요일,충청남도 천안시 서북구 성정동,경상사고,0,0,2,0,차대차 - 추돌,안전운전불이행,젖음/습기,비,단일로 - 기타,이륜,남,32세,상해없음,승용,남,21세,경상
2021041200100473,2021년 4월 12일 19시,월요일,충청남도 천안시 동남구 삼룡동,경상사고,0,0,1,0,차대차 - 기타,신호위반,젖음/습기,비,교차로 - 교차로안,이륜,남,59세,경상,승용,남,29세,상해없음
2021041200100528,2021년 4월 12일 20시,월요일,충청남도 천안시 동남구 신부동,경상사고,0,0,2,0,차대차 - 측면충돌,기타,건조,맑음,단일로 - 기타,기타불명,기타불명,미분류,기타불명,승용,남,34세,경상
2021041300100008,2021년 4월 13일 00시,화요일,충청남도 천안시 서북구 불당동,중상사고,0,1,0,0,차대차 - 측면충돌,직진우회전진행방해,젖음/습기,비,교차로 - 교차로안,승용,남,33세,상해없음,이륜,남,26세,중상
2021041300100069,2021년 4월 13일 07시,화요일,충청남도 천안시 동남구 목천읍,경상사고,0,0,1,0,차대차 - 기타,안전거리미확보,건조,맑음,교차로 - 교차로안,승용,여,47세,상해없음,승용,여,28세,경상
2021041300100135,2021년 4월 13일 09시,화요일,충청남도 천안시 동남구 대흥동,경상사고,0,0,1,0,차대사람 - 기타,안전운전불이행,건조,맑음,교차로 - 교차로횡단보도내,승합,남,61세,상해없음,보행자,남,57세,경상
2021041300100161,2021년 4월 13일 10시,화요일,충청남도 천안시 동남구 목천읍,경상사고,0,0,1,0,차대차 - 추돌,안전운전불이행,건조,맑음,단일로 - 기타,승용,남,31세,상해없음,승용,남,54세,경상
2021041300100357,2021년 4월 13일 16시,화요일,충청남도 천안시 서북구 두정동,중상사고,0,1,0,0,차대차 - 추돌,안전운전불이행,건조,맑음,단일로 - 기타,이륜,남,16세,상해없음,승용,남,47세,상해없음
2021041300100417,2021년 4월 13일 17시,화요일,충청남도 천안시 서북구 업성동,경상사고,0,0,1,0,차대사람 - 보도통행중,안전운전불이행,건조,맑음,단일로 - 기타,승용,여,31세,상해없음,보행자,여,79세,경상
2021041300100543,2021년 4월 13일 20시,화요일,충청남도 천안시 서북구 쌍용동,경상사고,0,0,1,0,차대차 - 기타,중앙선침범,건조,맑음,단일로 - 기타,승용,남,28세,상해없음,승용,남,38세,상해없음
2021041300100544,2021년 4월 13일 20시,화요일,충청남도 천안시 동남구 사직동,중상사고,0,1,0,0,차대차 - 측면충돌,안전운전불이행,건조,맑음,교차로 - 교차로안,이륜,남,68세,중상,승용,남,23세,상해없음
2021041300100600,2021년 4월 13일 22시,화요일,충청남도 천안시 서북구 쌍용동,경상사고,0,0,2,0,차대차 - 추돌,안전운전불이행,건조,맑음,교차로 - 교차로부근,승용,여,44세,상해없음,승용,남,54세,경상
2021041400100021,2021년 4월 14일 05시,수요일,충청남도 천안시 동남구 신방동,중상사고,0,1,0,0,차대사람 - 횡단중,안전운전불이행,건조,기타,단일로 - 기타,승용,남,63세,상해없음,보행자,남,30세,중상
2021041400100048,2021년 4월 14일 07시,수요일,충청남도 천안시 서북구 성정동,경상사고,0,0,2,0,차대차 - 기타,직진우회전진행방해,건조,맑음,교차로 - 교차로안,승용,남,37세,기타불명,승용,남,60세,경상
2021041400100075,2021년 4월 14일 08시,수요일,충청남도 천안시 동남구 구룡동,경상사고,0,0,1,0,차대차 - 측면충돌,안전거리미확보,건조,맑음,단일로 - 기타,승용,남,58세,상해없음,승합,여,34세,경상
2021041400100190,2021년 4월 14일 12시,수요일,충청남도 천안시 동남구 구성동,경상사고,0,0,1,0,차대사람 - 횡단중,보행자보호의무위반,건조,맑음,교차로 - 교차로안,화물,남,32세,상해없음,보행자,여,72세,경상
2021041400100370,2021년 4월 14일 17시,수요일,충청남도 천안시 동남구 다가동,경상사고,0,0,1,0,차대차 - 측면충돌,교차로운행방법위반,건조,맑음,교차로 - 교차로안,승용,여,38세,상해없음,자전거,여,64세,경상
2021041400100421,2021년 4월 14일 18시,수요일,충청남도 천안시 서북구 백석동,중상사고,0,1,0,0,차대차 - 측면충돌,직진우회전진행방해,건조,맑음,교차로 - 교차로안,승용,남,36세,상해없음,승용,남,38세,중상
2021041400100496,2021년 4월 14일 20시,수요일,충청남도 천안시 서북구 업성동,경상사고,0,0,2,0,차대차 - 추돌,안전운전불이행,건조,맑음,단일로 - 기타,승용,여,67세,상해없음,승용,여,61세,경상
2021041500100086,2021년 4월 15일 08시,목요일,충청남도 천안시 동남구 구성동,경상사고,0,0,3,0,차대차 - 기타,안전운전불이행,건조,맑음,교차로 - 교차로부근,승용,남,28세,상해없음,승용,여,47세,경상
2021041500100211,2021년 4월 15일 12시,목요일,충청남도 천안시 서북구 두정동,경상사고,0,0,1,0,차대차 - 측면충돌,안전운전불이행,건조,맑음,교차로 - 교차로부근,이륜,남,46세,경상,승용,남,54세,상해없음
2021041500100248,2021년 4월 15일 13시,목요일,충청남도 천안시 동남구 신방동,경상사고,0,0,3,0,차대차 - 기타,안전운전불이행,건조,맑음,교차로 - 교차로안,승용,남,28세,상해없음,승합,남,32세,경상
2021041500100278,2021년 4월 15일 14시,목요일,충청남도 천안시 서북구 백석동,경상사고,0,0,2,0,차대차 - 측면충돌,신호위반,건조,맑음,교차로 - 교차로안,승용,남,54세,상해없음,승용,남,35세,경상
2021041500100279,2021년 4월 15일 14시,목요일,충청남도 천안시 서북구 불당동,경상사고,0,0,1,0,차대차 - 측면충돌,안전운전불이행,건조,맑음,단일로 - 기타,승용,여,61세,상해없음,자전거,남,11세,경상
2021041500100342,2021년 4월 15일 16시,목요일,충청남도 천안시 서북구 성정동,경상사고,0,0,1,0,차대차 - 측면충돌,안전운전불이행,건조,맑음,단일로 - 기타,승용,남,69세,상해없음,승용,여,54세,경상
2021041500100343,2021년 4월 15일 16시,목요일,충청남도 천안시 서북구 직산읍,경상사고,0,0,2,0,차대차 - 정면충돌,안전운전불이행,건조,맑음,교차로 - 교차로안,승용,남,25세,상해없음,승용,남,74세,경상
2021041500100390,2021년 4월 15일 17시,목요일,충청남도 천안시 서북구 성정동,경상사고,0,0,3,1,차대차 - 측면충돌,직진우회전진행방해,건조,맑음,교차로 - 교차로안,승용,여,52세,부상신고,승용,여,53세,경상
2021041500100537,2021년 4월 15일 20시,목요일,충청남도 천안시 서북구 두정동,경상사고,0,0,1,0,차대차 - 기타,안전거리미확보,건조,맑음,단일로 - 기타,화물,남,24세,상해없음,승용,여,24세,경상
2021041500100606,2021년 4월 15일 22시,목요일,충청남도 천안시 서북구 성환읍,경상사고,0,0,1,0,차대차 - 추돌,안전운전불이행,건조,맑음,교차로 - 교차로부근,승용,여,25세,상해없음,승용,여,49세,경상
2021041600100411,2021년 4월 16일 18시,금요일,충청남도 천안시 서북구 쌍용동,경상사고,0,0,1,0,차대차 - 기타,안전거리미확보,건조,맑음,단일로 - 기타,승용,남,29세,기타불명,승용,여,27세,경상
2021041600100452,2021년 4월 16일 19시,금요일,충청남도 천안시 서북구 백석동,중상사고,0,1,0,0,차대차 - 측면충돌,안전거리미확보,건조,맑음,단일로 - 기타,승용,여,46세,상해없음,이륜,남,64세,중상
2021041600100457,2021년 4월 16일 19시,금요일,충청남도 천안시 동남구 목천읍,경상사고,0,0,5,0,차대사람 - 기타,안전운전불이행,건조,맑음,주차장 - 주차장,승용,남,19세,상해없음,보행자,남,48세,경상
2021041700100018,2021년 4월 17일 01시,토요일,충청남도 천안시 서북구 성정동,중상사고,0,1,0,0,차대차 - 기타,신호위반,건조,맑음,교차로 - 교차로안,승용,남,61세,상해없음,자전거,남,54세,중상
2021041700100031,2021년 4월 17일 03시,토요일,충청남도 천안시 서북구 성정동,경상사고,0,0,2,0,차대차 - 기타,안전운전불이행,건조,맑음,교차로 - 교차로부근,승용,남,24세,기타불명,승용,남,34세,경상
2021041700100083,2021년 4월 17일 08시,토요일,충청남도 천안시 서북구 성거읍,경상사고,0,0,1,0,차대차 - 추돌,안전운전불이행,건조,맑음,단일로 - 기타,승용,남,52세,상해없음,승용,남,32세,경상
2021041700100105,2021년 4월 17일 09시,토요일,충청남도 천안시 서북구 두정동,경상사고,0,0,1,0,차대차 - 기타,안전운전불이행,건조,맑음,교차로 - 교차로횡단보도내,기타불명,기타불명,미분류,기타불명,승용,여,58세,경상
2021041700100210,2021년 4월 17일 12시,토요일,충청남도 천안시 동남구 대흥동,경상사고,0,0,4,0,차대차 - 추돌,안전거리미확보,건조,맑음,단일로 - 기타,승용,남,49세,상해없음,화물,남,37세,경상
2021041700100211,2021년 4월 17일 12시,토요일,충청남도 천안시 동남구 원성동,경상사고,0,0,2,0,차대차 - 측면충돌,안전거리미확보,건조,맑음,기타 - 기타,승용,남,65세,상해없음,승용,남,74세,경상
2021041700100246,2021년 4월 17일 13시,토요일,충청남도 천안시 동남구 사직동,중상사고,0,1,0,0,차대사람 - 횡단중,보행자보호의무위반,건조,맑음,교차로 - 교차로횡단보도내,이륜,남,65세,상해없음,보행자,여,61세,중상
2021041700100338,2021년 4월 17일 15시,토요일,충청남도 천안시 서북구 성거읍,경상사고,0,0,1,0,차대차 - 기타,신호위반,건조,맑음,교차로 - 교차로안,승용,남,52세,상해없음,승용,여,58세,경상
2021041700100385,2021년 4월 17일 16시,토요일,충청남도 천안시 동남구 목천읍,경상사고,0,0,1,0,차대차 - 기타,안전운전불이행,건조,맑음,단일로 - 기타,화물,남,40세,상해없음,승용,여,44세,경상
2021041700100492,2021년 4월 17일 19시,토요일,충청남도 천안시 서북구 불당동,경상사고,0,0,1,0,차대차 - 기타,안전거리미확보,건조,맑음,단일로 - 기타,승용,여,33세,상해없음,이륜,남,35세,경상
2021041700100493,2021년 4월 17일 19시,토요일,충청남도 천안시 서북구 두정동,경상사고,0,0,4,0,차대차 - 기타,안전운전불이행,건조,맑음,단일로 - 기타,승용,남,34세,경상,승용,남,32세,경상
2021041800100006,2021년 4월 18일 00시,일요일,충청남도 천안시 동남구 구성동,경상사고,0,0,1,0,차대차 - 기타,기타,건조,맑음,기타 - 기타,승용,남,58세,상해없음,승용,남,63세,상해없음
2021041800100038,2021년 4월 18일 05시,일요일,충청남도 천안시 서북구 성정동,경상사고,0,0,1,0,차대차 - 정면충돌,신호위반,건조,기타,교차로 - 교차로안,승용,남,24세,상해없음,승용,남,57세,경상
2021041800100060,2021년 4월 18일 09시,일요일,충청남도 천안시 서북구 성거읍,중상사고,0,1,0,0,차대차 - 측면충돌,안전운전불이행,건조,맑음,단일로 - 기타,승용,남,57세,상해없음,원동기,여,69세,중상
2021041800100075,2021년 4월 18일 10시,일요일,충청남도 천안시 서북구 두정동,경상사고,0,0,1,0,차대차 - 기타,직진우회전진행방해,건조,맑음,교차로 - 교차로안,승용,여,49세,기타불명,승용,남,42세,경상
2021041800100093,2021년 4월 18일 11시,일요일,충청남도 천안시 동남구 영성동,경상사고,0,0,1,0,차대사람 - 기타,안전운전불이행,건조,맑음,단일로 - 기타,승용,여,50세,상해없음,보행자,여,53세,경상
2021041800100339,2021년 4월 18일 19시,일요일,충청남도 천안시 서북구 두정동,사망사고,1,0,0,0,차대차 - 정면충돌,신호위반,건조,맑음,교차로 - 교차로안,승용,남,34세,상해없음,이륜,남,51세,사망
2021041800100385,2021년 4월 18일 21시,일요일,충청남도 천안시 서북구 직산읍,경상사고,0,0,2,0,차대차 - 측면충돌,교차로운행방법위반,건조,흐림,교차로 - 교차로안,승용,남,24세,경상,화물,남,65세,경상
2021041800100386,2021년 4월 18일 21시,일요일,충청남도 천안시 서북구 성환읍,중상사고,0,2,0,0,차대차 - 측면충돌,기타,건조,맑음,교차로 - 교차로안,승용,여,30세,중상,승용,여,63세,중상
2021041800100387,2021년 4월 18일 21시,일요일,충청남도 천안시 동남구 목천읍,중상사고,0,1,0,0,차대차 - 측면충돌,신호위반,건조,맑음,교차로 - 교차로안,원동기,남,60세,중상,승용,남,63세,상해없음
2021041900100006,2021년 4월 19일 00시,월요일,충청남도 천안시 서북구 두정동,경상사고,0,0,1,0,차대차 - 측면충돌,신호위반,건조,맑음,교차로 - 교차로안,승용,남,57세,상해없음,이륜,남,38세,경상
2021041900100091,2021년 4월 19일 08시,월요일,충청남도 천안시 서북구 성성동,경상사고,0,0,3,0,차대차 - 기타,신호위반,건조,맑음,교차로 - 교차로안,승용,남,32세,경상,승용,남,30세,경상
2021041900100092,2021년 4월 19일 08시,월요일,충청남도 천안시 서북구 불당동,경상사고,0,0,1,0,차대차 - 기타,신호위반,건조,맑음,교차로 - 교차로안,승용,여,44세,상해없음,승용,남,41세,경상
2021041900100173,2021년 4월 19일 10시,월요일,충청남도 천안시 서북구 불당동,경상사고,0,0,1,0,차대차 - 기타,안전운전불이행,건조,맑음,단일로 - 기타,화물,남,69세,상해없음,화물,남,47세,상해없음
2021041900100208,2021년 4월 19일 11시,월요일,충청남도 천안시 서북구 두정동,경상사고,0,0,1,0,차대차 - 기타,안전거리미확보,건조,맑음,단일로 - 기타,승용,여,48세,상해없음,이륜,남,22세,경상
2021041900100232,2021년 4월 19일 12시,월요일,충청남도 천안시 동남구 광덕면,경상사고,0,0,1,0,차대차 - 추돌,안전운전불이행,건조,맑음,단일로 - 터널,승용,남,54세,상해없음,승용,남,23세,상해없음
2021041900100289,2021년 4월 19일 14시,월요일,충청남도 천안시 서북구 두정동,경상사고,0,0,2,0,차대차 - 기타,신호위반,건조,맑음,교차로 - 교차로안,원동기,남,17세,상해없음,승용,남,34세,경상
2021041900100290,2021년 4월 19일 14시,월요일,충청남도 천안시 서북구 성정동,중상사고,0,1,0,0,차대차 - 기타,중앙선침범,건조,맑음,단일로 - 기타,승용,남,63세,상해없음,이륜,남,45세,중상
2021041900100328,2021년 4월 19일 15시,월요일,충청남도 천안시 서북구 성정동,경상사고,0,0,1,0,차대차 - 기타,교차로운행방법위반,건조,맑음,기타 - 기타,승용,여,37세,상해없음,승용,여,40세,경상