사고번호,사고일시,요일,시군구,사고내용,사망자수,중상자수,경상자수,부상신고자수,사고유형,법규위반,노면상태,기상상태,도로형태,가해운전자 차종,가해운전자 성별,가해운전자 연령,가해운전자 상해정도,피해운전자 차종,피해운전자 성별,피해운전자 연령,피해운전자 상해정도
2021053000100044,2021년 5월 30일 07시,일요일,충청남도 천안시 서북구 두정동,경상사고,0,0,2,0,차대차 - 측면충돌,교차로운행방법위반,건조,맑음,교차로 - 교차로안,승용,남,57세,상해없음,승용,남,29세,경상
2021053000100141,2021년 5월 30일 12시,일요일,충청남도 천안시 서북구 두정동,경상사고,0,0,1,0,차량단독 - 전도전복 - 전도,안전운전불이행,건조,맑음,교차로 - 교차로안,이륜,남,33세,경상,,,,
2021053000100213,2021년 5월 30일 14시,일요일,충청남도 천안시 동남구 청수동,경상사고,0,0,1,0,차량단독 - 기타,안전운전불이행,건조,맑음,단일로 - 기타,승합,남,52세,상해없음,,,,
2021053000100246,2021년 5월 30일 15시,일요일,충청남도 천안시 서북구 두정동,경상사고,0,0,1,0,차대차 - 기타,직진우회전진행방해,건조,맑음,교차로 - 교차로안,승용,남,40세,상해없음,이륜,남,42세,경상
2021053000100247,2021년 5월 30일 15시,일요일,충청남도 천안시 서북구 성성동,경상사고,0,0,2,0,차대차 - 추돌,안전운전불이행,건조,맑음,기타 - 기타,승용,여,49세,상해없음,승용,남,30세,경상
2021053000100389,2021년 5월 30일 19시,일요일,충청남도 천안시 서북구 성정동,경상사고,0,0,1,0,차대차 - 추돌,안전거리미확보,건조,맑음,교차로 - 교차로안,승용,남,31세,상해없음,승용,남,49세,경상
2021053000100391,2021년 5월 30일 19시,일요일,충청남도 천안시 동남구 목천읍,중상사고,0,1,2,0,차대차 - 기타,중앙선침범,건조,맑음,단일로 - 기타,승용,여,40세,상해없음,승용,남,32세,경상
2021053100100013,2021년 5월 31일 03시,월요일,충청남도 천안시 동남구 구성동,중상사고,0,1,1,0,차량단독 - 공작물충돌,안전운전불이행,건조,맑음,단일로 - 기타,승용,남,52세,경상,,,,
2021053100100136,2021년 5월 31일 10시,월요일,충청남도 천안시 서북구 두정동,경상사고,0,0,2,0,차대차 - 기타,안전운전불이행,건조,맑음,단일로 - 기타,화물,남,66세,기타불명,승용,여,33세,경상
2021053100100162,2021년 5월 31일 11시,월요일,충청남도 천안시 서북구 성거읍,경상사고,0,0,1,0,차량단독 - 전도전복 - 전복,안전운전불이행,건조,흐림,기타 - 기타,승용,남,53세,경상,,,,
2021053100100253,2021년 5월 31일 14시,월요일,충청남도 천안시 서북구 성정동,경상사고,0,0,2,0,차대차 - 기타,안전운전불이행,건조,맑음,교차로 - 교차로부근,승용,여,64세,상해없음,승용,남,60세,경상
2021053100100293,2021년 5월 31일 15시,월요일,충청남도 천안시 서북구 두정동,경상사고,0,0,2,0,차대차 - 기타,안전운전불이행,건조,기타,기타 - 기타,승용,남,58세,상해없음,이륜,남,21세,경상
2021053100100294,2021년 5월 31일 15시,월요일,충청남도 천안시 서북구 불당동,경상사고,0,0,1,0,차대차 - 측면충돌,안전거리미확보,건조,맑음,단일로 - 기타,승용,여,25세,상해없음,승용,여,61세,경상
2021053100100334,2021년 5월 31일 16시,월요일,충청남도 천안시 동남구 북면,중상사고,0,1,0,0,차대사람 - 기타,안전운전불이행,건조,맑음,단일로 - 기타,승합,남,50세,상해없음,보행자,여,85세,중상
2021053100100418,2021년 5월 31일 18시,월요일,충청남도 천안시 동남구 수신면,경상사고,0,0,2,0,차대차 - 추돌,안전운전불이행,건조,맑음,단일로 - 기타,승용,여,33세,경상,화물,남,51세,경상
2021053100100478,2021년 5월 31일 20시,월요일,충청남도 천안시 서북구 성성동,중상사고,0,1,0,0,차대차 - 측면충돌,신호위반,건조,맑음,교차로 - 교차로안,승용,남,74세,상해없음,이륜,남,25세,중상
2021060100100067,2021년 6월 1일 07시,화요일,충청남도 천안시 동남구 신부동,경상사고,0,0,1,0,차대차 - 측면충돌,차로위반,젖음/습기,흐림,단일로 - 기타,화물,남,50세,상해없음,승용,남,32세,경상
2021060100100099,2021년 6월 1일 08시,화요일,충청남도 천안시 동남구 구룡동,경상사고,0,0,3,0,차대차 - 후진중충돌,안전운전불이행,건조,맑음,단일로 - 기타,승용,여,55세,상해없음,승용,여,30세,경상
2021060100100165,2021년 6월 1일 10시,화요일,충청남도 천안시 서북구 성정동,경상사고,0,0,1,0,차대사람 - 횡단중,보행자보호의무위반,건조,맑음,교차로 - 교차로부근,승용,여,55세,상해없음,보행자,여,28세,경상
2021060100100167,2021년 6월 1일 10시,화요일,충청남도 천안시 동남구 영성동,중상사고,0,1,0,0,차대차 - 측면충돌,안전운전불이행,건조,맑음,단일로 - 기타,화물,남,54세,상해없음,자전거,여,72세,중상
2021060100100305,2021년 6월 1일 14시,화요일,충청남도 천안시 서북구 성환읍,경상사고,0,0,1,0,차대차 - 측면충돌,안전운전불이행,건조,맑음,단일로 - 기타,승용,여,45세,상해없음,승용,여,30세,경상
2021060100100340,2021년 6월 1일 15시,화요일,충청남도 천안시 서북구 쌍용동,경상사고,0,0,1,0,차대차 - 측면충돌,안전거리미확보,건조,맑음,단일로 - 기타,승용,여,41세,상해없음,승용,남,37세,경상
2021060100100481,2021년 6월 1일 18시,화요일,충청남도 천안시 서북구 성거읍,경상사고,0,0,1,0,차대차 - 측면충돌,안전거리미확보,건조,맑음,단일로 - 기타,승용,남,25세,상해없음,승용,남,30세,경상
2021060100100519,2021년 6월 1일 19시,화요일,충청남도 천안시 서북구 불당동,중상사고,0,1,0,0,차대차 - 측면충돌,안전운전불이행,건조,맑음,단일로 - 기타,승용,여,49세,상해없음,자전거,남,52세,중상
2021060100100548,2021년 6월 1일 20시,화요일,충청남도 천안시 서북구 성거읍,경상사고,0,0,2,0,차대차 - 측면충돌,안전거리미확보,건조,맑음,단일로 - 기타,승용,남,65세,기타불명,승용,남,33세,경상
2021060200100088,2021년 6월 2일 08시,수요일,충청남도 천안시 서북구 쌍용동,경상사고,0,0,1,0,차대차 - 기타,안전운전불이행,건조,맑음,교차로 - 교차로부근,승용,남,48세,상해없음,개인형이동수단(PM),여,23세,경상
2021060200100119,2021년 6월 2일 09시,수요일,충청남도 천안시 서북구 쌍용동,경상사고,0,0,1,0,차대차 - 측면충돌,안전운전불이행,건조,맑음,교차로 - 교차로안,화물,남,60세,상해없음,승용,여,46세,경상
2021060200100160,2021년 6월 2일 10시,수요일,충청남도 천안시 동남구 풍세면,사망사고,1,1,2,0,차대차 - 기타,안전운전불이행,건조,맑음,기타 - 기타,건설기계,남,42세,상해없음,화물,남,53세,사망
2021060200100259,2021년 6월 2일 13시,수요일,충청남도 천안시 동남구 신부동,경상사고,0,0,1,0,차대차 - 측면충돌,안전운전불이행,건조,맑음,단일로 - 기타,특수,남,46세,상해없음,승용,여,44세,경상
2021060200100364,2021년 6월 2일 16시,수요일,충청남도 천안시 서북구 두정동,경상사고,0,0,1,0,차대차 - 측면충돌,중앙선침범,건조,맑음,교차로 - 교차로부근,승용,남,30세,상해없음,승용,남,49세,경상
2021060200100518,2021년 6월 2일 19시,수요일,충청남도 천안시 서북구 성거읍,중상사고,0,1,0,1,차대차 - 측면충돌,신호위반,건조,맑음,교차로 - 교차로안,승용,여,65세,부상신고,승용,남,25세,중상
2021060300100100,2021년 6월 3일 08시,목요일,충청남도 천안시 동남구 신방동,경상사고,0,0,2,0,차대차 - 기타,안전운전불이행,건조,맑음,교차로 - 교차로안,승용,여,57세,경상,승합,여,68세,경상
2021060300100242,2021년 6월 3일 13시,목요일,충청남도 천안시 서북구 백석동,경상사고,0,0,1,0,차대차 - 기타,교차로운행방법위반,건조,맑음,교차로 - 교차로부근,승용,여,52세,상해없음,승용,여,39세,경상
2021060300100300,2021년 6월 3일 15시,목요일,충청남도 천안시 서북구 쌍용동,경상사고,0,0,3,0,차대차 - 기타,교차로운행방법위반,젖음/습기,비,기타 - 기타,승용,여,35세,상해없음,승용,남,48세,경상
2021060300100410,2021년 6월 3일 18시,목요일,충청남도 천안시 서북구 차암동,경상사고,0,0,1,0,차대차 - 기타,안전거리미확보,건조,맑음,단일로 - 기타,화물,남,84세,기타불명,승용,남,55세,경상
2021060300100502,2021년 6월 3일 20시,목요일,충청남도 천안시 서북구 쌍용동,경상사고,0,0,1,0,차대차 - 기타,교차로운행방법위반,기타,맑음,교차로 - 교차로안,승용,여,21세,상해없음,승용,남,32세,경상
2021060300100602,2021년 6월 3일 22시,목요일,충청남도 천안시 서북구 쌍용동,경상사고,0,0,1,0,차대사람 - 횡단중,신호위반,건조,맑음,기타 - 기타,승용,여,54세,상해없음,보행자,남,57세,경상
2021060300100603,2021년 6월 3일 22시,목요일,충청남도 천안시 서북구 성정동,경상사고,0,0,3,0,차대차 - 기타,직진우회전진행방해,젖음/습기,비,교차로 - 교차로안,승용,남,21세,경상,이륜,남,26세,경상
2021060300100606,2021년 6월 3일 22시,목요일,충청남도 천안시 동남구 삼룡동,중상사고,0,1,0,0,차대차 - 추돌,안전운전불이행,젖음/습기,비,기타 - 기타,승용,남,46세,상해없음,승용,남,40세,중상
2021060400100016,2021년 6월 4일 01시,금요일,충청남도 천안시 서북구 성정동,경상사고,0,0,1,0,차대차 - 기타,안전운전불이행,건조,맑음,단일로 - 기타,승용,남,27세,상해없음,승용,남,45세,경상
2021060400100062,2021년 6월 4일 07시,금요일,충청남도 천안시 서북구 쌍용동,중상사고,0,1,0,0,차대차 - 정면충돌,신호위반,건조,맑음,교차로 - 교차로안,승용,여,22세,상해없음,승용,남,46세,중상
2021060400100306,2021년 6월 4일 14시,금요일,충청남도 천안시 서북구 성성동,중상사고,0,1,1,0,차대차 - 기타,안전운전불이행,건조,맑음,단일로 - 기타,이륜,남,37세,경상,이륜,남,40세,중상
2021060400100402,2021년 6월 4일 16시,금요일,충청남도 천안시 서북구 성정동,중상사고,0,1,1,0,차대차 - 측면충돌,안전거리미확보,건조,맑음,단일로 - 기타,승용,여,36세,기타불명,승합,남,56세,경상
2021060400100404,2021년 6월 4일 16시,금요일,충청남도 천안시 동남구 풍세면,경상사고,0,0,1,0,차대차 - 측면충돌,교차로운행방법위반,건조,맑음,교차로 - 교차로안,승용,여,52세,경상,화물,남,58세,상해없음
2021060400100459,2021년 6월 4일 17시,금요일,충청남도 천안시 서북구 쌍용동,경상사고,0,0,1,0,차대차 - 측면충돌,신호위반,건조,맑음,단일로 - 기타,승용,남,48세,기타불명,승용,남,59세,경상
2021060400100570,2021년 6월 4일 19시,금요일,충청남도 천안시 동남구 원성동,경상사고,0,0,1,0,차대차 - 측면충돌,직진우회전진행방해,건조,맑음,교차로 - 교차로안,승용,남,27세,상해없음,승용,여,26세,경상
2021060400100571,2021년 6월 4일 19시,금요일,충청남도 천안시 동남구 유량동,경상사고,0,0,1,0,차대차 - 측면충돌,중앙선침범,건조,맑음,교차로 - 교차로부근,승용,남,74세,상해없음,승용,여,65세,경상
2021060400100660,2021년 6월 4일 22시,금요일,충청남도 천안시 동남구 목천읍,경상사고,0,0,1,0,차대차 - 정면충돌,안전운전불이행,건조,맑음,교차로 - 교차로안,승용,여,68세,상해없음,이륜,남,22세,경상
2021060400100678,2021년 6월 4일 23시,금요일,충청남도 천안시 서북구 성환읍,중상사고,0,3,1,0,차대차 - 정면충돌,기타,건조,맑음,단일로 - 기타,승용,남,23세,중상,승용,남,59세,중상
2021060500100007,2021년 6월 5일 00시,토요일,충청남도 천안시 서북구 두정동,중상사고,0,1,0,0,차대사람 - 기타,안전운전불이행,건조,맑음,교차로 - 교차로안,승용,남,22세,상해없음,보행자,남,24세,중상
2021060500100022,2021년 6월 5일 01시,토요일,충청남도 천안시 서북구 두정동,경상사고,0,0,1,0,차대사람 - 기타,안전운전불이행,건조,맑음,교차로 - 교차로안,승용,여,25세,상해없음,보행자,남,27세,경상
2021060500100023,2021년 6월 5일 01시,토요일,충청남도 천안시 서북구 성환읍,경상사고,0,0,1,0,차대차 - 측면충돌,신호위반,건조,맑음,교차로 - 교차로안,승용,남,39세,상해없음,승용,남,30세,경상
2021060500100185,2021년 6월 5일 11시,토요일,충청남도 천안시 서북구 불당동,경상사고,0,0,3,0,차대차 - 추돌,안전운전불이행,건조,맑음,단일로 - 기타,승용,여,55세,상해없음,승용,남,36세,경상
2021060500100341,2021년 6월 5일 14시,토요일,충청남도 천안시 동남구 청당동,중상사고,0,1,2,0,차대차 - 측면충돌,안전운전불이행,건조,맑음,단일로 - 기타,승용,여,37세,상해없음,승용,남,27세,경상
2021060500100519,2021년 6월 5일 19시,토요일,충청남도 천안시 동남구 신방동,경상사고,0,0,3,0,차대차 - 측면충돌,신호위반,건조,맑음,교차로 - 교차로안,원동기,남,16세,경상,승용,남,34세,경상
2021060500100585,2021년 6월 5일 22시,토요일,충청남도 천안시 서북구 두정동,경상사고,0,0,1,0,차대차 - 기타,기타,건조,흐림,단일로 - 기타,승용,남,60세,상해없음,이륜,남,20세,경상
2021060500100611,2021년 6월 5일 23시,토요일,충청남도 천안시 서북구 불당동,경상사고,0,0,1,0,차대차 - 추돌,안전운전불이행,건조,맑음,교차로 - 교차로부근,승용,남,30세,상해없음,승용,여,31세,경상
2021060600100048,2021년 6월 6일 06시,일요일,충청남도 천안시 서북구 불당동,경상사고,0,0,1,0,차대차 - 측면충돌,안전운전불이행,건조,맑음,교차로 - 교차로부근,승용,남,58세,상해없음,승용,남,21세,경상
2021060600100133,2021년 6월 6일 12시,일요일,충청남도 천안시 동남구 사직동,경상사고,0,0,1,0,차대사람 - 횡단중,안전운전불이행,건조,맑음,단일로 - 기타,승용,기타불명,미분류,기타불명,보행자,여,5세,경상
2021060600100165,2021년 6월 6일 13시,일요일,충청남도 천안시 동남구 신부동,경상사고,0,0,1,0,차대차 - 기타,안전거리미확보,건조,맑음,단일로 - 기타,승용,남,45세,상해없음,승합,남,39세,경상
2021060600100199,2021년 6월 6일 14시,일요일,충청남도 천안시 서북구 불당동,경상사고,0,0,1,0,차대차 - 측면충돌,안전운전불이행,건조,맑음,교차로 - 교차로부근,승용,남,61세,상해없음,자전거,남,10세,경상
2021060600100227,2021년 6월 6일 15시,일요일,충청남도 천안시 동남구 사직동,경상사고,0,0,2,0,차대차 - 측면충돌,교차로운행방법위반,건조,맑음,교차로 - 교차로안,승용,남,67세,상해없음,승용,남,61세,경상
2021060600100306,2021년 6월 6일 17시,일요일,충청남도 천안시 서북구 신당동,경상사고,0,0,3,0,차대차 - 기타,안전운전불이행,건조,맑음,기타 - 기타,승용,남,35세,상해없음,승용,남,28세,경상
2021060600100334,2021년 6월 6일 18시,일요일,충청남도 천안시 서북구 성정동,경상사고,0,0,1,0,차대차 - 기타,안전거리미확보,건조,맑음,단일로 - 기타,원동기,남,25세,상해없음,원동기,남,33세,경상
2021060600100337,2021년 6월 6일 18시,일요일,충청남도 천안시 동남구 병천면,경상사고,0,0,1,0,차대사람 - 횡단중,보행자보호의무위반,건조,맑음,단일로 - 기타,승용,남,61세,상해없음,보행자,여,51세,경상
2021060600100365,2021년 6월 6일 19시,일요일,충청남도 천안시 서북구 성정동,중상사고,0,1,0,0,차대차 - 기타,신호위반,건조,맑음,교차로 - 교차로안,이륜,남,28세,중상,이륜,남,17세,상해없음
2021060600100386,2021년 6월 6일 20시,일요일,충청남도 천안시 서북구 성정동,경상사고,0,0,1,0,차대사람 - 보도통행중,보행자보호의무위반,건조,맑음,단일로 - 기타,이륜,남,39세,상해없음,보행자,여,39세,경상
2021060600100389,2021년 6월 6일 20시,일요일,충청남도 천안시 동남구 구성동,경상사고,0,0,1,0,차대차 - 기타,차로위반,건조,맑음,단일로 - 기타,승용,남,53세,상해없음,승용,남,33세,경상
2021060600100444,2021년 6월 6일 23시,일요일,충청남도 천안시 서북구 두정동,경상사고,0,0,1,0,차대사람 - 횡단중,신호위반,건조,맑음,단일로 - 기타,승용,여,64세,기타불명,보행자,여,29세,경상
2021060700100103,2021년 6월 7일 09시,월요일,충청남도 천안시 서북구 성정동,경상사고,0,0,1,0,차대차 - 기타,안전거리미확보,건조,맑음,단일로 - 기타,승용,여,57세,상해없음,승용,남,70세,경상
2021060700100208,2021년 6월 7일 12시,월요일,충청남도 천안시 서북구 성성동,경상사고,0,0,1,0,차대차 - 기타,안전운전불이행,건조,맑음,주차장 - 주차장,승용,남,33세,상해없음,자전거,남,11세,경상
2021060700100364,2021년 6월 7일 16시,월요일,충청남도 천안시 서북구 불당동,경상사고,0,0,1,0,차대차 - 기타,안전운전불이행,건조,맑음,단일로 - 기타,화물,남,60세,상해없음,원동기,남,20세,경상
2021060700100366,2021년 6월 7일 16시,월요일,충청남도 천안시 동남구 청당동,경상사고,0,0,1,0,차대차 - 측면충돌,안전운전불이행,건조,맑음,교차로 - 교차로부근,화물,남,28세,기타불명,화물,여,52세,경상
2021060700100415,2021년 6월 7일 17시,월요일,충청남도 천안시 동남구 봉명동,경상사고,0,0,1,0,차대차 - 추돌,안전운전불이행,건조,맑음,단일로 - 기타,이륜,남,45세,상해없음,승용,남,24세,경상
2021060700100465,2021년 6월 7일 18시,월요일,충청남도 천안시 동남구 대흥동,경상사고,0,0,1,0,차대차 - 측면충돌,신호위반,건조,맑음,교차로 - 교차로부근,승합,남,46세,상해없음,승합,남,59세,경상
2021060700100466,2021년 6월 7일 18시,월요일,충청남도 천안시 서북구 성거읍,경상사고,0,0,1,0,차대차 - 측면충돌,신호위반,건조,맑음,단일로 - 교량,화물,남,49세,상해없음,승용,남,25세,경상
2021060800100047,2021년 6월 8일 07시,화요일,충청남도 천안시 서북구 직산읍,경상사고,0,0,2,0,차대차 - 기타,중앙선침범,건조,맑음,교차로 - 교차로안,승용,남,40세,상해없음,승용,남,47세,경상
2021060800100117,2021년 6월 8일 09시,화요일,충청남도 천안시 동남구 봉명동,경상사고,0,0,1,0,차대차 - 측면충돌,교차로운행방법위반,건조,맑음,교차로 - 교차로안,승용,남,60세,상해없음,승용,남,56세,경상
2021060800100329,2021년 6월 8일 15시,화요일,충청남도 천안시 동남구 청당동,경상사고,0,0,1,0,차대차 - 기타,안전운전불이행,건조,맑음,교차로 - 교차로안,승용,남,55세,경상,화물,남,24세,상해없음
2021060800100402,2021년 6월 8일 17시,화요일,충청남도 천안시 동남구 신부동,경상사고,0,0,1,0,차대사람 - 보도통행중,기타,건조,맑음,기타 - 기타,이륜,남,39세,상해없음,보행자,여,40세,경상
2021060800100492,2021년 6월 8일 19시,화요일,충청남도 천안시 동남구 북면,경상사고,0,0,2,0,차대차 - 기타,신호위반,건조,맑음,교차로 - 교차로안,승용,기타불명,미분류,기타불명,승용,남,26세,경상
2021060800100545,2021년 6월 8일 21시,화요일,충청남도 천안시 동남구 병천면,중상사고,0,1,0,0,차대사람 - 기타,안전운전불이행,건조,맑음,단일로 - 기타,승용,남,33세,상해없음,보행자,남,55세,중상
2021060800100572,2021년 6월 8일 22시,화요일,충청남도 천안시 동남구 원성동,경상사고,0,0,2,0,차대차 - 추돌,안전운전불이행,건조,맑음,교차로 - 교차로안,승합,남,54세,상해없음,승용,남,51세,경상
2021060900100003,2021년 6월 9일 00시,수요일,충청남도 천안시 서북구 성정동,경상사고,0,0,2,0,차대차 - 측면충돌,직진우회전진행방해,건조,맑음,교차로 - 교차로안,화물,여,38세,경상,이륜,남,41세,경상
2021060900100051,2021년 6월 9일 07시,수요일,충청남도 천안시 서북구 입장면,경상사고,0,0,2,0,차대차 - 측면충돌,신호위반,건조,맑음,교차로 - 교차로안,승용,남,67세,상해없음,승용,남,29세,경상
2021060900100054,2021년 6월 9일 07시,수요일,충청남도 천안시 동남구 성남면,경상사고,0,0,1,0,차대차 - 측면충돌,안전운전불이행,건조,맑음,교차로 - 교차로안,승용,남,41세,상해없음,이륜,남,38세,경상
2021060900100123,2021년 6월 9일 09시,수요일,충청남도 천안시 서북구 성정동,경상사고,0,0,1,0,차대차 - 기타,안전운전불이행,건조,맑음,교차로 - 교차로부근,이륜,남,28세,경상,승용,남,61세,상해없음
2021060900100214,2021년 6월 9일 12시,수요일,충청남도 천안시 서북구 두정동,경상사고,0,0,1,0,차대차 - 기타,안전운전불이행,건조,맑음,교차로 - 교차로안,승용,남,29세,상해없음,승용,여,35세,경상
2021060900100250,2021년 6월 9일 13시,수요일,충청남도 천안시 서북구 직산읍,경상사고,0,0,1,0,차대차 - 기타,안전운전불이행,건조,맑음,단일로 - 기타,화물,남,58세,상해없음,화물,남,44세,경상
2021060900100360,2021년 6월 9일 16시,수요일,충청남도 천안시 서북구 성정동,경상사고,0,0,2,0,차대차 - 기타,안전운전불이행,건조,맑음,교차로 - 교차로안,승용,여,22세,상해없음,승용,남,35세,경상
2021060900100525,2021년 6월 9일 19시,수요일,충청남도 천안시 서북구 백석동,중상사고,0,1,0,0,차대차 - 기타,안전거리미확보,건조,맑음,단일로 - 기타,승용,남,38세,상해없음,승용,남,34세,중상
2021061000100092,2021년 6월 10일 08시,목요일,충청남도 천안시 서북구 직산읍,경상사고,0,0,1,0,차대차 - 측면충돌,안전운전불이행,건조,맑음,단일로 - 기타,승용,남,28세,경상,화물,남,66세,상해없음
2021061000100241,2021년 6월 10일 12시,목요일,충청남도 천안시 동남구 목천읍,경상사고,0,0,1,0,차대차 - 추돌,안전운전불이행,건조,맑음,단일로 - 기타,화물,남,29세,상해없음,승용,여,49세,경상
2021061000100242,2021년 6월 10일 12시,목요일,충청남도 천안시 동남구 풍세면,경상사고,0,0,1,0,차대차 - 측면충돌,안전운전불이행,건조,맑음,단일로 - 기타,승용,남,43세,상해없음,승용,남,40세,경상
2021061000100317,2021년 6월 10일 14시,목요일,충청남도 천안시 서북구 두정동,경상사고,0,0,2,0,차대차 - 기타,교차로운행방법위반,건조,맑음,교차로 - 교차로안,승용,여,41세,상해없음,승용,여,42세,경상
2021061000100479,2021년 6월 10일 18시,목요일,충청남도 천안시 동남구 신부동,경상사고,0,0,1,0,차대차 - 측면충돌,교차로운행방법위반,건조,맑음,교차로 - 교차로안,승용,여,50세,상해없음,승용,여,25세,경상
2021061100100039,2021년 6월 11일 04시,금요일,충청남도 천안시 동남구 신부동,중상사고,0,1,0,0,차량단독 - 공작물충돌,안전운전불이행,젖음/습기,비,교차로 - 교차로안,승용,여,39세,중상,,,,
2021061100100098,2021년 6월 11일 08시,금요일,충청남도 천안시 서북구 성정동,경상사고,0,0,1,0,차대사람 - 기타,안전운전불이행,건조,맑음,단일로 - 기타,승용,남,64세,기타불명,보행자,남,28세,경상
2021061100100263,2021년 6월 11일 13시,금요일,충청남도 천안시 서북구 쌍용동,중상사고,0,1,0,0,차대차 - 측면충돌,중앙선침범,건조,맑음,단일로 - 기타,이륜,남,69세,중상,승용,여,37세,상해없음
2021061100100515,2021년 6월 11일 19시,금요일,충청남도 천안시 서북구 불당동,경상사고,0,0,1,0,차대차 - 측면충돌,안전거리미확보,건조,맑음,교차로 - 교차로부근,승용,여,49세,상해없음,승용,여,36세,경상
2021061100100580,2021년 6월 11일 21시,금요일,충청남도 천안시 서북구 성정동,경상사고,0,0,2,0,차대차 - 추돌,안전운전불이행,건조,맑음,교차로 - 교차로부근,승용,남,42세,상해없음,승용,남,58세,경상
2021061100100639,2021년 6월 11일 23시,금요일,충청남도 천안시 서북구 성거읍,사망사고,1,0,0,0,차대사람 - 기타,안전운전불이행,건조,맑음,교차로 - 교차로부근,승용,남,27세,상해없음,보행자,남,55세,사망
2021061200100044,2021년 6월 12일 06시,토요일,충청남도 천안시 서북구 성정동,경상사고,0,0,1,0,차대차 - 측면충돌,안전운전불이행,건조,맑음,기타 - 기타,승용,남,25세,상해없음,승용,남,73세,상해없음
2021061200100148,2021년 6월 12일 10시,토요일,충청남도 천안시 동남구 삼룡동,경상사고,0,0,3,0,차대차 - 추돌,안전운전불이행,건조,맑음,단일로 - 기타,승용,남,83세,상해없음,승용,남,27세,경상
2021061200100323,2021년 6월 12일 14시,토요일,충청남도 천안시 서북구 성정동,경상사고,0,0,1,0,차대차 - 기타,안전운전불이행,건조,맑음,단일로 - 기타,원동기,남,35세,상해없음,승용,남,31세,상해없음
2021061200100325,2021년 6월 12일 14시,토요일,충청남도 천안시 동남구 구성동,경상사고,0,0,1,0,차대사람 - 기타,안전운전불이행,건조,맑음,단일로 - 기타,승용,남,58세,상해없음,보행자,남,30세,경상
2021061300100109,2021년 6월 13일 11시,일요일,충청남도 천안시 서북구 두정동,경상사고,0,0,1,0,차대차 - 측면충돌,신호위반,건조,맑음,교차로 - 교차로부근,승용,여,52세,상해없음,승용,남,48세,경상
2021061300100255,2021년 6월 13일 15시,일요일,충청남도 천안시 서북구 불당동,경상사고,0,0,1,0,차대차 - 기타,안전거리미확보,건조,맑음,단일로 - 기타,승용,여,31세,상해없음,승용,남,51세,경상
2021061300100258,2021년 6월 13일 15시,일요일,충청남도 천안시 서북구 성거읍,경상사고,0,0,1,0,차대차 - 기타,안전운전불이행,건조,맑음,단일로 - 기타,화물,남,62세,상해없음,승용,여,53세,경상
2021061300100441,2021년 6월 13일 21시,일요일,충청남도 천안시 서북구 두정동,중상사고,0,1,1,1,차대차 - 측면충돌,안전운전불이행,건조,맑음,단일로 - 기타,원동기,남,18세,부상신고,이륜,남,47세,중상
2021061300100471,2021년 6월 13일 23시,일요일,충청남도 천안시 서북구 두정동,경상사고,0,0,1,0,차대차 - 기타,신호위반,건조,기타,교차로 - 교차로부근,이륜,남,35세,상해없음,승용,남,28세,경상
2021061400100010,2021년 6월 14일 02시,월요일,충청남도 천안시 서북구 입장면,경상사고,0,0,1,0,차대사람 - 기타,안전운전불이행,건조,맑음,단일로 - 기타,승용,남,50세,상해없음,보행자,남,22세,경상
2021061400100011,2021년 6월 14일 02시,월요일,충청남도 천안시 동남구 수신면,경상사고,0,0,1,0,차대차 - 측면충돌,안전운전불이행,건조,맑음,주차장 - 주차장,화물,남,47세,상해없음,화물,남,56세,경상
2021061400100055,2021년 6월 14일 07시,월요일,충청남도 천안시 동남구 청당동,경상사고,0,0,1,0,차대차 - 측면충돌,차로위반,젖음/습기,흐림,단일로 - 기타,승용,남,54세,상해없음,승용,여,26세,경상
2021061400100094,2021년 6월 14일 08시,월요일,충청남도 천안시 서북구 쌍용동,경상사고,0,0,2,0,차대차 - 측면충돌,안전운전불이행,건조,맑음,단일로 - 기타,승용,남,46세,상해없음,승용,여,45세,경상
2021061400100270,2021년 6월 14일 13시,월요일,충청남도 천안시 서북구 성거읍,중상사고,0,1,0,0,차량단독 - 기타,안전운전불이행,건조,맑음,교차로 - 교차로안,승합,남,54세,상해없음,,,,
2021061400100428,2021년 6월 14일 17시,월요일,충청남도 천안시 서북구 업성동,중상사고,0,3,1,0,차대차 - 추돌,안전운전불이행,젖음/습기,맑음,기타 - 기타,승용,남,48세,기타불명,승용,남,24세,중상
2021061400100474,2021년 6월 14일 18시,월요일,충청남도 천안시 서북구 성거읍,경상사고,0,0,1,0,차대차 - 측면충돌,안전운전불이행,건조,맑음,교차로 - 교차로부근,기타불명,기타불명,미분류,기타불명,자전거,남,63세,경상
2021061400100536,2021년 6월 14일 20시,월요일,충청남도 천안시 서북구 쌍용동,중상사고,0,1,0,0,차대차 - 정면충돌,중앙선침범,건조,맑음,교차로 - 교차로부근,승용,남,31세,상해없음,이륜,남,21세,중상
2021061400100556,2021년 6월 14일 21시,월요일,충청남도 천안시 서북구 성환읍,중상사고,0,2,1,0,차대차 - 측면충돌,신호위반,건조,맑음,교차로 - 교차로안,승용,여,47세,경상,승용,남,25세,중상
2021061500100012,2021년 6월 15일 01시,화요일,충청남도 천안시 동남구 신방동,경상사고,0,0,1,0,차대차 - 후진중충돌,안전운전불이행,건조,맑음,교차로 - 교차로안,승용,여,41세,상해없음,승용,남,35세,경상