사고번호,사고일시,요일,시군구,사고내용,사망자수,중상자수,경상자수,부상신고자수,사고유형,법규위반,노면상태,기상상태,도로형태,가해운전자 차종,가해운전자 성별,가해운전자 연령,가해운전자 상해정도,피해운전자 차종,피해운전자 성별,피해운전자 연령,피해운전자 상해정도
2021061500100038,2021년 6월 15일 06시,화요일,충청남도 천안시 동남구 신방동,경상사고,0,0,1,0,차대차 - 추돌,안전운전불이행,건조,맑음,기타 - 기타,승용,남,47세,상해없음,승합,남,46세,경상
2021061500100107,2021년 6월 15일 09시,화요일,충청남도 천안시 동남구 목천읍,경상사고,0,0,3,0,차대차 - 측면충돌,중앙선침범,건조,맑음,단일로 - 기타,승용,여,57세,상해없음,승용,남,35세,경상
2021061500100140,2021년 6월 15일 10시,화요일,충청남도 천안시 서북구 입장면,경상사고,0,0,1,0,차대차 - 기타,직진우회전진행방해,건조,맑음,교차로 - 교차로안,승용,남,32세,상해없음,승용,남,60세,경상
2021061500100438,2021년 6월 15일 18시,화요일,충청남도 천안시 서북구 두정동,중상사고,0,1,0,0,차대차 - 기타,신호위반,건조,맑음,기타 - 기타,승용,남,45세,상해없음,승용,남,36세,중상
2021061500100570,2021년 6월 15일 22시,화요일,충청남도 천안시 동남구 신부동,경상사고,0,0,1,0,차대차 - 정면충돌,신호위반,건조,맑음,교차로 - 교차로안,승용,여,30세,상해없음,원동기,남,43세,경상
2021061500100591,2021년 6월 15일 23시,화요일,충청남도 천안시 서북구 불당동,중상사고,0,1,0,0,차대차 - 기타,안전거리미확보,건조,맑음,단일로 - 기타,승용,남,35세,상해없음,개인형이동수단(PM),남,22세,중상
2021061600100008,2021년 6월 16일 00시,수요일,충청남도 천안시 서북구 업성동,경상사고,0,0,1,0,차대차 - 기타,중앙선침범,건조,맑음,교차로 - 교차로부근,승용,여,38세,상해없음,승용,여,51세,경상
2021061600100137,2021년 6월 16일 09시,수요일,충청남도 천안시 서북구 쌍용동,경상사고,0,0,1,0,차대차 - 측면충돌,기타,건조,맑음,단일로 - 기타,승용,남,71세,상해없음,자전거,남,86세,경상
2021061600100302,2021년 6월 16일 14시,수요일,충청남도 천안시 동남구 광덕면,경상사고,0,0,3,0,차대차 - 추돌,안전거리미확보,건조,맑음,단일로 - 터널,승용,남,58세,상해없음,승용,남,39세,경상
2021061600100577,2021년 6월 16일 21시,수요일,충청남도 천안시 서북구 성거읍,경상사고,0,0,1,0,차대차 - 측면충돌,신호위반,건조,맑음,교차로 - 교차로안,승용,남,46세,상해없음,승용,남,28세,경상
2021061700100006,2021년 6월 17일 00시,목요일,충청남도 천안시 동남구 신부동,경상사고,0,0,1,0,차대차 - 측면충돌,차로위반,건조,맑음,단일로 - 기타,승용,여,46세,상해없음,승용,남,45세,경상
2021061700100093,2021년 6월 17일 08시,목요일,충청남도 천안시 서북구 성거읍,중상사고,0,1,1,0,차대차 - 기타,기타,건조,맑음,교차로 - 교차로부근,승용,남,38세,상해없음,승용,남,41세,중상
2021061700100094,2021년 6월 17일 08시,목요일,충청남도 천안시 동남구 용곡동,경상사고,0,0,1,0,차대차 - 기타,안전운전불이행,건조,맑음,교차로 - 교차로안,승용,여,42세,기타불명,승용,여,28세,경상
2021061700100188,2021년 6월 17일 11시,목요일,충청남도 천안시 동남구 영성동,중상사고,0,1,0,0,차대사람 - 보도통행중,보행자보호의무위반,건조,맑음,교차로 - 교차로횡단보도내,승용,여,41세,상해없음,보행자,남,82세,중상
2021061700100259,2021년 6월 17일 13시,목요일,충청남도 천안시 동남구 원성동,경상사고,0,0,1,0,차대사람 - 기타,안전운전불이행,건조,맑음,단일로 - 기타,건설기계,남,42세,상해없음,보행자,여,64세,경상
2021061700100288,2021년 6월 17일 14시,목요일,충청남도 천안시 서북구 두정동,경상사고,0,0,2,0,차대차 - 기타,안전거리미확보,건조,맑음,단일로 - 기타,승용,여,40세,상해없음,승용,남,49세,경상
2021061700100517,2021년 6월 17일 21시,목요일,충청남도 천안시 서북구 불당동,경상사고,0,0,1,0,차대차 - 측면충돌,안전거리미확보,건조,맑음,단일로 - 기타,승용,남,26세,상해없음,이륜,남,22세,경상
2021061800100053,2021년 6월 18일 07시,금요일,충청남도 천안시 서북구 불당동,경상사고,0,0,1,0,차대차 - 기타,신호위반,젖음/습기,비,교차로 - 교차로안,승용,남,27세,상해없음,승용,여,24세,경상
2021061800100105,2021년 6월 18일 09시,금요일,충청남도 천안시 동남구 풍세면,중상사고,0,1,0,0,차대차 - 기타,중앙선침범,건조,맑음,단일로 - 기타,승용,남,27세,상해없음,승용,남,36세,중상
2021061800100285,2021년 6월 18일 15시,금요일,충청남도 천안시 서북구 불당동,경상사고,0,0,3,0,차대차 - 추돌,안전운전불이행,건조,맑음,교차로 - 교차로부근,화물,남,29세,상해없음,승용,남,35세,경상
2021061800100288,2021년 6월 18일 15시,금요일,충청남도 천안시 동남구 원성동,경상사고,0,0,1,0,차대차 - 측면충돌,안전거리미확보,건조,맑음,교차로 - 교차로안,승용,여,74세,상해없음,승용,여,54세,경상
2021061800100371,2021년 6월 18일 17시,금요일,충청남도 천안시 서북구 백석동,중상사고,0,1,0,0,차대사람 - 횡단중,보행자보호의무위반,건조,맑음,교차로 - 교차로횡단보도내,승용,여,52세,상해없음,보행자,여,77세,중상
2021061800100416,2021년 6월 18일 18시,금요일,충청남도 천안시 서북구 성정동,경상사고,0,0,2,0,차대차 - 기타,신호위반,건조,맑음,교차로 - 교차로안,원동기,남,40세,상해없음,승용,여,54세,경상
2021061800100531,2021년 6월 18일 21시,금요일,충청남도 천안시 서북구 두정동,경상사고,0,0,1,0,차대차 - 추돌,안전운전불이행,건조,맑음,교차로 - 교차로부근,승용,여,62세,상해없음,이륜,남,39세,경상
2021061900100019,2021년 6월 19일 01시,토요일,충청남도 천안시 서북구 두정동,경상사고,0,0,1,0,차대사람 - 기타,안전운전불이행,건조,맑음,교차로 - 교차로안,승용,남,28세,상해없음,보행자,남,55세,경상
2021061900100056,2021년 6월 19일 05시,토요일,충청남도 천안시 동남구 삼룡동,경상사고,0,0,1,0,차대차 - 정면충돌,안전운전불이행,건조,맑음,교차로 - 교차로안,화물,남,60세,상해없음,승용,남,45세,경상
2021061900100122,2021년 6월 19일 09시,토요일,충청남도 천안시 서북구 백석동,중상사고,0,2,3,0,차대차 - 정면충돌,중앙선침범,건조,맑음,교차로 - 교차로부근,승용,남,51세,경상,화물,남,51세,중상
2021061900100193,2021년 6월 19일 11시,토요일,충청남도 천안시 서북구 불당동,경상사고,0,0,1,0,차대사람 - 기타,안전운전불이행,건조,맑음,단일로 - 기타,개인형이동수단(PM),여,24세,기타불명,보행자,남,48세,경상
2021061900100194,2021년 6월 19일 11시,토요일,충청남도 천안시 동남구 목천읍,경상사고,0,0,4,0,차대차 - 측면충돌,안전운전불이행,건조,맑음,교차로 - 교차로안,승용,남,72세,상해없음,승용,여,52세,경상
2021061900100273,2021년 6월 19일 13시,토요일,충청남도 천안시 서북구 불당동,경상사고,0,0,2,0,차대차 - 기타,신호위반,건조,맑음,교차로 - 교차로안,화물,남,72세,상해없음,승용,여,60세,경상
2021061900100352,2021년 6월 19일 15시,토요일,충청남도 천안시 동남구 풍세면,경상사고,0,0,2,0,차대차 - 측면충돌,교차로운행방법위반,건조,맑음,교차로 - 교차로안,승용,여,48세,상해없음,승용,남,35세,경상
2021061900100403,2021년 6월 19일 16시,토요일,충청남도 천안시 동남구 목천읍,중상사고,0,1,0,0,차대사람 - 기타,안전운전불이행,건조,맑음,단일로 - 기타,승용,여,47세,상해없음,보행자,남,42세,중상
2021061900100636,2021년 6월 19일 23시,토요일,충청남도 천안시 서북구 성정동,경상사고,0,0,1,0,차대사람 - 기타,안전운전불이행,건조,맑음,교차로 - 교차로부근,승용,남,43세,상해없음,보행자,남,41세,경상
2021062000100009,2021년 6월 20일 00시,일요일,충청남도 천안시 서북구 성정동,경상사고,0,0,1,0,차대차 - 측면충돌,안전운전불이행,건조,맑음,교차로 - 교차로부근,승용,남,33세,상해없음,이륜,남,18세,경상
2021062000100043,2021년 6월 20일 05시,일요일,충청남도 천안시 서북구 성정동,경상사고,0,0,2,0,차대차 - 측면충돌,중앙선침범,건조,맑음,교차로 - 교차로부근,원동기,남,20세,상해없음,승용,남,21세,경상
2021062000100311,2021년 6월 20일 16시,일요일,충청남도 천안시 동남구 광덕면,경상사고,0,0,1,0,차대차 - 추돌,안전운전불이행,건조,맑음,기타 - 기타,승용,남,31세,상해없음,승용,남,49세,경상
2021062000100341,2021년 6월 20일 17시,일요일,충청남도 천안시 서북구 성정동,경상사고,0,0,1,0,차대차 - 추돌,안전운전불이행,건조,맑음,단일로 - 기타,승용,남,22세,상해없음,승용,여,60세,경상
2021062000100375,2021년 6월 20일 18시,일요일,충청남도 천안시 서북구 성정동,중상사고,0,1,0,0,차대차 - 기타,안전운전불이행,건조,맑음,교차로 - 교차로횡단보도내,화물,여,60세,상해없음,자전거,남,13세,중상
2021062000100432,2021년 6월 20일 20시,일요일,충청남도 천안시 서북구 두정동,경상사고,0,0,2,0,차대차 - 정면충돌,신호위반,건조,맑음,교차로 - 교차로안,이륜,남,34세,경상,승용,남,59세,경상
2021062000100472,2021년 6월 20일 22시,일요일,충청남도 천안시 서북구 직산읍,경상사고,0,0,1,0,차대차 - 정면충돌,중앙선침범,건조,맑음,기타 - 기타,승용,남,29세,상해없음,승용,남,39세,경상
2021062100100175,2021년 6월 21일 10시,월요일,충청남도 천안시 동남구 병천면,경상사고,0,0,1,0,차대차 - 측면충돌,교차로운행방법위반,건조,맑음,교차로 - 교차로안,승용,남,83세,상해없음,승용,남,45세,경상
2021062100100247,2021년 6월 21일 12시,월요일,충청남도 천안시 서북구 두정동,경상사고,0,0,1,0,차대차 - 기타,직진우회전진행방해,건조,맑음,교차로 - 교차로안,승용,여,51세,상해없음,승용,여,38세,경상
2021062100100280,2021년 6월 21일 13시,월요일,충청남도 천안시 서북구 쌍용동,경상사고,0,0,3,0,차대차 - 기타,안전거리미확보,건조,맑음,교차로 - 교차로부근,승용,여,54세,경상,화물,남,46세,상해없음
2021062100100356,2021년 6월 21일 15시,월요일,충청남도 천안시 동남구 신부동,경상사고,0,0,2,0,차대차 - 기타,직진우회전진행방해,건조,맑음,교차로 - 교차로부근,승용,여,28세,상해없음,승용,여,36세,경상
2021062100100458,2021년 6월 21일 17시,월요일,충청남도 천안시 서북구 두정동,경상사고,0,0,1,0,차대사람 - 기타,안전운전불이행,건조,맑음,주차장 - 주차장,승합,남,37세,상해없음,보행자,남,34세,경상
2021062100100459,2021년 6월 21일 17시,월요일,충청남도 천안시 서북구 직산읍,경상사고,0,0,4,0,차대차 - 측면충돌,교차로운행방법위반,건조,맑음,교차로 - 교차로안,승용,남,44세,상해없음,승용,남,31세,경상
2021062100100509,2021년 6월 21일 18시,월요일,충청남도 천안시 서북구 성환읍,중상사고,0,1,3,0,차대차 - 측면충돌,직진우회전진행방해,건조,맑음,교차로 - 교차로안,화물,남,77세,상해없음,승용,남,50세,중상
2021062100100510,2021년 6월 21일 18시,월요일,충청남도 천안시 동남구 구성동,경상사고,0,0,1,0,차대차 - 측면충돌,안전운전불이행,건조,맑음,단일로 - 기타,이륜,남,28세,경상,승용,남,65세,상해없음
2021062100100511,2021년 6월 21일 18시,월요일,충청남도 천안시 동남구 구성동,경상사고,0,0,1,0,차대차 - 기타,안전거리미확보,건조,맑음,단일로 - 기타,승용,남,78세,상해없음,이륜,남,47세,경상
2021062100100553,2021년 6월 21일 19시,월요일,충청남도 천안시 서북구 두정동,경상사고,0,0,1,0,차대차 - 기타,중앙선침범,건조,맑음,단일로 - 기타,승용,남,24세,상해없음,이륜,남,26세,경상
2021062100100651,2021년 6월 21일 23시,월요일,충청남도 천안시 서북구 입장면,경상사고,0,0,1,0,차대차 - 추돌,안전운전불이행,건조,맑음,기타 - 기타,승용,남,54세,상해없음,화물,남,43세,경상
2021062200100012,2021년 6월 22일 01시,화요일,충청남도 천안시 서북구 두정동,중상사고,0,1,0,0,차대사람 - 횡단중,신호위반,건조,맑음,교차로 - 교차로부근,승용,여,57세,상해없음,보행자,남,24세,중상
2021062200100056,2021년 6월 22일 07시,화요일,충청남도 천안시 서북구 쌍용동,중상사고,0,1,0,0,차대차 - 기타,안전운전불이행,건조,맑음,단일로 - 기타,승용,남,30세,상해없음,승용,남,54세,중상
2021062200100169,2021년 6월 22일 10시,화요일,충청남도 천안시 동남구 목천읍,중상사고,0,1,0,0,차대차 - 측면충돌,안전운전불이행,건조,맑음,단일로 - 기타,자전거,남,80세,중상,승합,남,60세,상해없음
2021062200100199,2021년 6월 22일 11시,화요일,충청남도 천안시 동남구 광덕면,경상사고,0,0,1,0,차대차 - 측면충돌,안전운전불이행,건조,맑음,단일로 - 기타,화물,남,61세,기타불명,화물,남,20세,경상
2021062200100242,2021년 6월 22일 12시,화요일,충청남도 천안시 서북구 두정동,경상사고,0,0,1,0,차대차 - 측면충돌,신호위반,건조,맑음,교차로 - 교차로안,승용,남,33세,상해없음,승용,여,31세,경상
2021062200100307,2021년 6월 22일 14시,화요일,충청남도 천안시 동남구 삼룡동,경상사고,0,0,1,0,차대차 - 측면충돌,안전운전불이행,건조,맑음,단일로 - 기타,자전거,남,58세,경상,승용,남,40세,상해없음
2021062200100417,2021년 6월 22일 17시,화요일,충청남도 천안시 동남구 다가동,경상사고,0,0,1,0,차대차 - 측면충돌,교차로운행방법위반,건조,맑음,교차로 - 교차로안,화물,남,57세,상해없음,자전거,남,64세,경상
2021062300100128,2021년 6월 23일 10시,수요일,충청남도 천안시 동남구 대흥동,경상사고,0,0,1,0,차대차 - 기타,불법유턴,건조,맑음,교차로 - 교차로안,승용,남,52세,상해없음,승용,여,59세,경상
2021062300100252,2021년 6월 23일 14시,수요일,충청남도 천안시 서북구 쌍용동,경상사고,0,0,1,0,차대차 - 기타,안전거리미확보,건조,맑음,단일로 - 기타,승용,여,52세,상해없음,승용,남,54세,경상
2021062300100282,2021년 6월 23일 15시,수요일,충청남도 천안시 서북구 성정동,경상사고,0,0,1,0,차대차 - 기타,중앙선침범,젖음/습기,비,단일로 - 고가도로위,승용,여,43세,상해없음,이륜,남,41세,경상
2021062300100533,2021년 6월 23일 22시,수요일,충청남도 천안시 서북구 두정동,경상사고,0,0,1,0,차대사람 - 차도통행중,안전운전불이행,건조,맑음,교차로 - 교차로안,이륜,남,22세,상해없음,보행자,남,30세,경상
2021062400100014,2021년 6월 24일 01시,목요일,충청남도 천안시 서북구 불당동,경상사고,0,0,2,0,차대차 - 측면충돌,안전운전불이행,건조,맑음,교차로 - 교차로부근,승용,남,37세,상해없음,승용,남,26세,경상
2021062400100076,2021년 6월 24일 07시,목요일,충청남도 천안시 동남구 목천읍,중상사고,0,1,1,0,차대차 - 기타,안전운전불이행,건조,맑음,단일로 - 기타,승용,남,49세,상해없음,화물,남,45세,중상
2021062400100110,2021년 6월 24일 08시,목요일,충청남도 천안시 서북구 백석동,경상사고,0,0,1,0,차대차 - 추돌,안전운전불이행,건조,맑음,단일로 - 기타,승용,남,31세,상해없음,승용,남,32세,경상
2021062400100285,2021년 6월 24일 13시,목요일,충청남도 천안시 서북구 쌍용동,경상사고,0,0,1,0,차대사람 - 기타,안전운전불이행,건조,맑음,기타 - 기타,승용,남,57세,상해없음,보행자,남,52세,경상
2021062400100286,2021년 6월 24일 13시,목요일,충청남도 천안시 서북구 성정동,중상사고,0,1,1,0,차대사람 - 기타,안전운전불이행,건조,맑음,단일로 - 기타,승용,여,50세,상해없음,보행자,여,56세,중상
2021062400100404,2021년 6월 24일 16시,목요일,충청남도 천안시 동남구 용곡동,경상사고,0,0,2,0,차대차 - 기타,안전운전불이행,건조,맑음,기타 - 기타,승합,남,55세,경상,승용,여,52세,경상
2021062400100497,2021년 6월 24일 18시,목요일,충청남도 천안시 동남구 풍세면,경상사고,0,0,1,0,차대차 - 측면충돌,신호위반,건조,맑음,교차로 - 교차로안,승용,남,23세,상해없음,승용,남,39세,경상
2021062400100538,2021년 6월 24일 19시,목요일,충청남도 천안시 동남구 원성동,경상사고,0,0,1,0,차대차 - 측면충돌,안전운전불이행,건조,맑음,교차로 - 교차로안,승합,남,45세,상해없음,승용,남,21세,경상
2021062400100570,2021년 6월 24일 20시,목요일,충청남도 천안시 서북구 쌍용동,경상사고,0,0,1,0,차대차 - 기타,안전거리미확보,건조,맑음,교차로 - 교차로부근,승용,남,49세,상해없음,승용,여,28세,경상
2021062400100571,2021년 6월 24일 20시,목요일,충청남도 천안시 서북구 성정동,경상사고,0,0,1,0,차대차 - 기타,안전거리미확보,건조,맑음,단일로 - 기타,승용,남,31세,상해없음,이륜,남,23세,경상
2021062400100664,2021년 6월 24일 23시,목요일,충청남도 천안시 서북구 입장면,경상사고,0,0,1,0,차대차 - 추돌,안전운전불이행,건조,맑음,단일로 - 기타,기타불명,기타불명,미분류,기타불명,승용,남,64세,경상
2021062500100010,2021년 6월 25일 00시,금요일,충청남도 천안시 서북구 쌍용동,경상사고,0,0,3,0,차대차 - 추돌,안전거리미확보,건조,맑음,단일로 - 기타,승용,남,40세,상해없음,승용,여,47세,경상
2021062500100061,2021년 6월 25일 07시,금요일,충청남도 천안시 서북구 성정동,중상사고,0,1,0,0,차대차 - 기타,안전운전불이행,건조,맑음,단일로 - 기타,승용,남,59세,상해없음,승용,남,47세,상해없음
2021062500100096,2021년 6월 25일 08시,금요일,충청남도 천안시 동남구 원성동,경상사고,0,0,1,0,차대차 - 기타,교차로운행방법위반,건조,맑음,교차로 - 교차로부근,승용,여,39세,상해없음,승용,여,47세,경상
2021062500100140,2021년 6월 25일 09시,금요일,충청남도 천안시 서북구 직산읍,경상사고,0,0,1,0,차대차 - 기타,직진우회전진행방해,건조,맑음,교차로 - 교차로안,화물,남,67세,상해없음,승용,여,33세,경상
2021062500100208,2021년 6월 25일 11시,금요일,충청남도 천안시 서북구 성정동,중상사고,0,1,0,0,차대사람 - 차도통행중,안전운전불이행,건조,맑음,단일로 - 기타,이륜,남,40세,상해없음,보행자,남,84세,중상
2021062500100209,2021년 6월 25일 11시,금요일,충청남도 천안시 서북구 두정동,경상사고,0,0,5,0,차대차 - 측면충돌,안전운전불이행,건조,맑음,교차로 - 교차로부근,승용,여,51세,상해없음,승용,여,70세,경상
2021062500100520,2021년 6월 25일 18시,금요일,충청남도 천안시 서북구 쌍용동,경상사고,0,0,1,0,차대차 - 측면충돌,안전운전불이행,건조,맑음,단일로 - 기타,승용,남,23세,상해없음,승용,여,35세,경상
2021062500100567,2021년 6월 25일 19시,금요일,충청남도 천안시 동남구 용곡동,중상사고,0,1,0,0,차대차 - 기타,안전운전불이행,건조,맑음,교차로 - 교차로안,승용,남,18세,상해없음,자전거,남,10세,중상
2021062500100602,2021년 6월 25일 20시,금요일,충청남도 천안시 서북구 두정동,경상사고,0,0,1,0,차대차 - 측면충돌,중앙선침범,건조,맑음,단일로 - 기타,승용,여,58세,상해없음,이륜,남,48세,경상
2021062600100011,2021년 6월 26일 00시,토요일,충청남도 천안시 서북구 성정동,경상사고,0,0,1,0,차대차 - 측면충돌,안전운전불이행,젖음/습기,비,단일로 - 기타,승용,여,24세,상해없음,이륜,남,24세,경상
2021062600100012,2021년 6월 26일 00시,토요일,충청남도 천안시 서북구 두정동,경상사고,0,0,1,0,차대차 - 기타,직진우회전진행방해,젖음/습기,비,교차로 - 교차로안,승용,남,22세,상해없음,이륜,남,29세,경상
2021062600100124,2021년 6월 26일 09시,토요일,충청남도 천안시 서북구 불당동,경상사고,0,0,1,1,차대차 - 기타,안전운전불이행,건조,맑음,교차로 - 교차로안,승용,여,65세,상해없음,승용,여,35세,경상
2021062600100194,2021년 6월 26일 11시,토요일,충청남도 천안시 서북구 성환읍,경상사고,0,0,2,0,차대차 - 정면충돌,안전운전불이행,건조,맑음,교차로 - 교차로안,승용,남,82세,상해없음,승용,여,47세,경상
2021062600100231,2021년 6월 26일 12시,토요일,충청남도 천안시 동남구 풍세면,경상사고,0,0,4,0,차대차 - 기타,안전운전불이행,건조,맑음,교차로 - 교차로안,승합,남,21세,경상,승용,남,22세,경상
2021062600100269,2021년 6월 26일 13시,토요일,충청남도 천안시 서북구 성정동,경상사고,0,0,1,0,차대차 - 측면충돌,안전운전불이행,건조,맑음,단일로 - 기타,이륜,남,27세,상해없음,승용,여,45세,경상
2021062600100271,2021년 6월 26일 13시,토요일,충청남도 천안시 동남구 신방동,경상사고,0,0,3,0,차대차 - 추돌,안전운전불이행,건조,맑음,단일로 - 기타,승용,여,56세,상해없음,승용,남,64세,경상
2021062600100272,2021년 6월 26일 13시,토요일,충청남도 천안시 동남구 병천면,중상사고,0,1,0,0,차대차 - 측면충돌,안전운전불이행,건조,맑음,단일로 - 기타,화물,남,57세,상해없음,승용,여,58세,중상
2021062600100492,2021년 6월 26일 19시,토요일,충청남도 천안시 서북구 성정동,중상사고,0,1,0,0,차대차 - 측면충돌,직진우회전진행방해,건조,맑음,교차로 - 교차로안,승용,남,55세,상해없음,이륜,남,39세,중상
2021062600100493,2021년 6월 26일 19시,토요일,충청남도 천안시 서북구 성정동,경상사고,0,0,1,0,차대차 - 기타,기타,건조,맑음,단일로 - 기타,승용,남,63세,상해없음,원동기,남,56세,경상
2021062600100526,2021년 6월 26일 20시,토요일,충청남도 천안시 서북구 성정동,경상사고,0,0,1,1,차대차 - 측면충돌,신호위반,건조,맑음,교차로 - 교차로부근,이륜,남,40세,부상신고,승용,남,30세,경상
2021062600100627,2021년 6월 26일 23시,토요일,충청남도 천안시 서북구 성거읍,경상사고,0,0,1,0,차량단독 - 기타,안전운전불이행,건조,맑음,단일로 - 기타,승용,남,36세,상해없음,,,,
2021062700100060,2021년 6월 27일 05시,일요일,충청남도 천안시 서북구 두정동,중상사고,0,3,0,0,차대차 - 측면충돌,기타,건조,맑음,단일로 - 기타,승용,남,18세,상해없음,승용,남,48세,기타불명
2021062700100120,2021년 6월 27일 10시,일요일,충청남도 천안시 서북구 두정동,경상사고,0,0,1,0,차대차 - 기타,안전운전불이행,건조,맑음,단일로 - 기타,승용,남,23세,상해없음,승합,남,61세,경상
2021062700100122,2021년 6월 27일 10시,일요일,충청남도 천안시 동남구 동면,경상사고,0,0,1,0,차대차 - 추돌,안전운전불이행,건조,맑음,단일로 - 기타,승용,남,42세,상해없음,특수,남,36세,경상
2021062700100155,2021년 6월 27일 11시,일요일,충청남도 천안시 동남구 신부동,경상사고,0,0,1,0,차대차 - 측면충돌,안전거리미확보,건조,맑음,교차로 - 교차로안,승용,남,55세,상해없음,승합,남,32세,경상
2021062700100460,2021년 6월 27일 21시,일요일,충청남도 천안시 동남구 목천읍,경상사고,0,0,1,0,차대차 - 기타,안전운전불이행,건조,맑음,단일로 - 기타,승용,남,50세,상해없음,승용,남,54세,경상
2021062700100500,2021년 6월 27일 23시,일요일,충청남도 천안시 서북구 불당동,경상사고,0,0,2,0,차대차 - 기타,신호위반,건조,맑음,단일로 - 기타,승용,남,29세,기타불명,승용,남,22세,경상
2021062800100006,2021년 6월 28일 00시,월요일,충청남도 천안시 동남구 신부동,경상사고,0,0,1,0,차대차 - 기타,안전운전불이행,건조,맑음,단일로 - 지하차도(도로)내,기타불명,기타불명,미분류,기타불명,이륜,남,37세,경상
2021062800100057,2021년 6월 28일 07시,월요일,충청남도 천안시 서북구 신당동,경상사고,0,0,1,0,차대차 - 기타,신호위반,건조,맑음,기타 - 기타,승용,남,38세,상해없음,승용,여,49세,경상
2021062800100138,2021년 6월 28일 09시,월요일,충청남도 천안시 동남구 봉명동,경상사고,0,0,2,0,차대차 - 측면충돌,교차로운행방법위반,건조,맑음,교차로 - 교차로안,승용,남,61세,경상,승용,남,39세,경상
2021062800100180,2021년 6월 28일 10시,월요일,충청남도 천안시 동남구 원성동,경상사고,0,0,1,0,차대차 - 측면충돌,신호위반,건조,맑음,교차로 - 교차로안,화물,남,75세,상해없음,승용,남,29세,경상
2021062800100243,2021년 6월 28일 12시,월요일,충청남도 천안시 서북구 성거읍,경상사고,0,0,1,0,차대차 - 기타,신호위반,건조,맑음,교차로 - 교차로안,승용,여,47세,상해없음,승용,여,60세,경상
2021062800100364,2021년 6월 28일 15시,월요일,충청남도 천안시 동남구 구성동,중상사고,0,1,0,0,차대차 - 측면충돌,교차로운행방법위반,건조,맑음,교차로 - 교차로안,이륜,남,80세,중상,승용,남,42세,상해없음
2021062800100415,2021년 6월 28일 16시,월요일,충청남도 천안시 동남구 광덕면,경상사고,0,0,1,0,차대차 - 측면충돌,안전운전불이행,건조,맑음,단일로 - 기타,건설기계,남,52세,상해없음,화물,남,69세,경상
2021062800100507,2021년 6월 28일 18시,월요일,충청남도 천안시 서북구 쌍용동,중상사고,0,1,0,0,차대차 - 측면충돌,직진우회전진행방해,건조,맑음,교차로 - 교차로안,승용,남,52세,상해없음,개인형이동수단(PM),여,15세,중상
2021062800100553,2021년 6월 28일 19시,월요일,충청남도 천안시 서북구 직산읍,경상사고,0,0,1,0,차대차 - 기타,안전운전불이행,건조,맑음,단일로 - 기타,화물,남,58세,상해없음,화물,남,39세,경상
2021062800100651,2021년 6월 28일 23시,월요일,충청남도 천안시 서북구 성거읍,경상사고,0,0,2,0,차대차 - 정면충돌,중앙선침범,건조,맑음,교차로 - 교차로부근,승용,남,47세,상해없음,화물,여,31세,경상
2021062900100040,2021년 6월 29일 06시,화요일,충청남도 천안시 서북구 불당동,경상사고,0,0,1,0,차대차 - 측면충돌,안전거리미확보,건조,맑음,단일로 - 기타,승용,여,31세,상해없음,승용,여,30세,경상
2021062900100058,2021년 6월 29일 07시,화요일,충청남도 천안시 서북구 성정동,경상사고,0,0,1,1,차대차 - 측면충돌,신호위반,건조,맑음,교차로 - 교차로부근,승용,남,45세,상해없음,승합,남,23세,경상
2021062900100059,2021년 6월 29일 07시,화요일,충청남도 천안시 동남구 신방동,경상사고,0,0,1,0,차대차 - 측면충돌,안전거리미확보,건조,맑음,단일로 - 기타,화물,남,60세,상해없음,승용,여,50세,경상
2021062900100090,2021년 6월 29일 08시,화요일,충청남도 천안시 서북구 성정동,경상사고,0,0,2,0,차대차 - 추돌,안전운전불이행,건조,맑음,교차로 - 교차로부근,승용,여,32세,상해없음,화물,남,23세,경상
2021062900100196,2021년 6월 29일 11시,화요일,충청남도 천안시 서북구 두정동,경상사고,0,0,1,0,차대차 - 추돌,신호위반,건조,맑음,단일로 - 기타,승용,남,66세,상해없음,승용,여,28세,경상
2021062900100197,2021년 6월 29일 11시,화요일,충청남도 천안시 동남구 목천읍,경상사고,0,0,1,0,차대차 - 기타,안전운전불이행,건조,맑음,교차로 - 교차로부근,승용,남,51세,상해없음,승용,남,37세,경상
2021062900100439,2021년 6월 29일 17시,화요일,충청남도 천안시 동남구 목천읍,중상사고,0,1,0,0,차량단독 - 공작물충돌,안전운전불이행,건조,맑음,교차로 - 교차로안,승용,여,64세,중상,,,,
2021063000100062,2021년 6월 30일 07시,수요일,충청남도 천안시 동남구 신부동,경상사고,0,0,2,0,차대차 - 기타,안전운전불이행,건조,맑음,교차로 - 교차로부근,승용,여,56세,기타불명,승용,여,34세,경상
2021063000100193,2021년 6월 30일 11시,수요일,충청남도 천안시 동남구 신방동,경상사고,0,0,2,0,차대차 - 측면충돌,안전운전불이행,건조,맑음,주차장 - 주차장,화물,남,72세,상해없음,승용,여,35세,경상