사고번호,사고일시,요일,시군구,사고내용,사망자수,중상자수,경상자수,부상신고자수,사고유형,법규위반,노면상태,기상상태,도로형태,가해운전자 차종,가해운전자 성별,가해운전자 연령,가해운전자 상해정도,피해운전자 차종,피해운전자 성별,피해운전자 연령,피해운전자 상해정도
2021071500100003,2021년 7월 15일 00시,목요일,충청남도 천안시 서북구 성정동,경상사고,0,0,2,0,차대사람 - 횡단중,안전운전불이행,건조,맑음,단일로 - 고가도로위,이륜,남,27세,상해없음,보행자,여,24세,경상
2021071500100063,2021년 7월 15일 07시,목요일,충청남도 천안시 서북구 백석동,경상사고,0,0,1,0,차대차 - 측면충돌,불법유턴,건조,맑음,교차로 - 교차로안,자전거,남,35세,경상,승용,남,25세,상해없음
2021071500100194,2021년 7월 15일 11시,목요일,충청남도 천안시 서북구 성정동,경상사고,0,0,1,0,차대차 - 기타,교차로운행방법위반,건조,맑음,교차로 - 교차로부근,승용,남,20세,상해없음,승용,여,60세,경상
2021071500100374,2021년 7월 15일 16시,목요일,충청남도 천안시 동남구 신부동,경상사고,0,0,1,0,차대사람 - 기타,안전운전불이행,건조,맑음,단일로 - 기타,승용,남,27세,상해없음,보행자,여,20세,경상
2021071500100512,2021년 7월 15일 19시,목요일,충청남도 천안시 동남구 용곡동,경상사고,0,0,1,0,차대사람 - 횡단중,보행자보호의무위반,건조,맑음,교차로 - 교차로횡단보도내,승용,남,31세,상해없음,보행자,남,50세,경상
2021071500100513,2021년 7월 15일 19시,목요일,충청남도 천안시 동남구 원성동,경상사고,0,0,2,0,차대차 - 기타,안전거리미확보,건조,맑음,단일로 - 기타,승용,남,52세,상해없음,승용,여,44세,경상
2021071500100546,2021년 7월 15일 20시,목요일,충청남도 천안시 서북구 불당동,경상사고,0,0,1,0,차대차 - 기타,안전운전불이행,건조,맑음,단일로 - 기타,승용,여,26세,상해없음,원동기,남,45세,경상
2021071500100567,2021년 7월 15일 21시,목요일,충청남도 천안시 동남구 다가동,경상사고,0,0,3,0,차대차 - 측면충돌,안전운전불이행,건조,맑음,단일로 - 기타,승용,남,63세,상해없음,승용,남,46세,경상
2021071600100009,2021년 7월 16일 00시,금요일,충청남도 천안시 동남구 청당동,경상사고,0,0,1,0,차대차 - 추돌,안전운전불이행,건조,맑음,단일로 - 기타,승용,남,45세,상해없음,승용,남,21세,경상
2021071600100050,2021년 7월 16일 07시,금요일,충청남도 천안시 서북구 두정동,경상사고,0,0,1,0,차대차 - 기타,안전운전불이행,건조,기타,교차로 - 교차로안,화물,남,61세,상해없음,이륜,남,31세,경상
2021071600100121,2021년 7월 16일 09시,금요일,충청남도 천안시 서북구 직산읍,경상사고,0,0,1,0,차대차 - 측면충돌,직진우회전진행방해,건조,맑음,교차로 - 교차로안,승용,여,40세,상해없음,화물,남,52세,경상
2021071600100192,2021년 7월 16일 11시,금요일,충청남도 천안시 서북구 성정동,경상사고,0,0,1,0,차대차 - 측면충돌,직진우회전진행방해,건조,맑음,교차로 - 교차로안,승용,여,46세,상해없음,승용,남,68세,경상
2021071600100227,2021년 7월 16일 12시,금요일,충청남도 천안시 서북구 성거읍,경상사고,0,0,1,0,차대차 - 추돌,안전운전불이행,건조,맑음,교차로 - 교차로부근,승합,남,61세,상해없음,승용,남,31세,경상
2021071600100374,2021년 7월 16일 16시,금요일,충청남도 천안시 서북구 쌍용동,경상사고,0,0,1,0,차대차 - 측면충돌,교차로운행방법위반,건조,맑음,교차로 - 교차로안,승용,여,40세,기타불명,원동기,남,35세,경상
2021071600100424,2021년 7월 16일 17시,금요일,충청남도 천안시 서북구 성정동,경상사고,0,0,1,0,차대차 - 기타,직진우회전진행방해,건조,맑음,교차로 - 교차로안,이륜,남,22세,경상,화물,남,53세,상해없음
2021071600100541,2021년 7월 16일 19시,금요일,충청남도 천안시 서북구 백석동,경상사고,0,0,1,0,차대차 - 기타,안전운전불이행,건조,맑음,단일로 - 기타,승용,남,64세,상해없음,승용,남,26세,경상
2021071600100542,2021년 7월 16일 19시,금요일,충청남도 천안시 동남구 사직동,중상사고,0,1,0,0,차대사람 - 횡단중,보행자보호의무위반,건조,맑음,단일로 - 기타,이륜,남,47세,상해없음,보행자,남,77세,중상
2021071600100663,2021년 7월 16일 22시,금요일,충청남도 천안시 서북구 쌍용동,경상사고,0,0,1,0,차대차 - 기타,신호위반,건조,맑음,교차로 - 교차로안,승용,남,34세,상해없음,승용,남,68세,상해없음
2021071700100004,2021년 7월 17일 00시,토요일,충청남도 천안시 서북구 백석동,경상사고,0,0,2,0,차대차 - 추돌,안전운전불이행,젖음/습기,흐림,교차로 - 교차로부근,승용,남,36세,상해없음,승용,남,32세,경상
2021071700100021,2021년 7월 17일 01시,토요일,충청남도 천안시 동남구 신부동,중상사고,0,2,0,0,차대차 - 기타,직진우회전진행방해,건조,맑음,교차로 - 교차로안,승용,남,69세,상해없음,이륜,남,16세,중상
2021071700100090,2021년 7월 17일 08시,토요일,충청남도 천안시 서북구 성정동,중상사고,0,1,0,0,차대차 - 기타,안전운전불이행,건조,맑음,단일로 - 기타,승용,남,52세,상해없음,자전거,남,77세,중상
2021071700100230,2021년 7월 17일 12시,토요일,충청남도 천안시 서북구 성정동,경상사고,0,0,4,0,차대차 - 기타,안전운전불이행,건조,맑음,교차로 - 교차로부근,승용,남,27세,상해없음,승용,여,26세,경상
2021071700100348,2021년 7월 17일 15시,토요일,충청남도 천안시 서북구 성정동,경상사고,0,0,1,0,차대차 - 측면충돌,불법유턴,건조,맑음,교차로 - 교차로부근,승용,여,51세,상해없음,이륜,남,19세,경상
2021071700100423,2021년 7월 17일 17시,토요일,충청남도 천안시 서북구 두정동,경상사고,0,0,2,0,차대차 - 추돌,안전거리미확보,건조,맑음,단일로 - 기타,화물,여,62세,상해없음,승용,여,54세,경상
2021071700100457,2021년 7월 17일 18시,토요일,충청남도 천안시 동남구 신부동,중상사고,0,1,1,0,차대차 - 추돌,안전운전불이행,건조,맑음,교차로 - 교차로부근,승용,남,18세,상해없음,승용,남,49세,경상
2021071700100489,2021년 7월 17일 19시,토요일,충청남도 천안시 서북구 두정동,경상사고,0,0,2,0,차대차 - 추돌,안전운전불이행,건조,맑음,교차로 - 교차로부근,이륜,남,34세,상해없음,승용,여,36세,경상
2021071700100490,2021년 7월 17일 19시,토요일,충청남도 천안시 동남구 북면,경상사고,0,0,1,0,차대차 - 추돌,안전운전불이행,건조,맑음,단일로 - 기타,기타불명,기타불명,미분류,기타불명,승합,남,52세,경상
2021071700100614,2021년 7월 17일 23시,토요일,충청남도 천안시 서북구 두정동,경상사고,0,0,4,0,차대차 - 측면충돌,안전운전불이행,건조,맑음,교차로 - 교차로부근,승용,남,22세,경상,승용,남,23세,경상
2021071800100004,2021년 7월 18일 00시,일요일,충청남도 천안시 서북구 쌍용동,경상사고,0,0,1,0,차대차 - 측면충돌,신호위반,건조,맑음,교차로 - 교차로안,승용,남,32세,상해없음,승용,남,35세,경상
2021071800100005,2021년 7월 18일 00시,일요일,충청남도 천안시 동남구 신부동,경상사고,0,0,1,0,차대차 - 기타,중앙선침범,건조,맑음,단일로 - 지하차도(도로)내,승용,남,21세,상해없음,승용,남,29세,경상
2021071800100006,2021년 7월 18일 00시,일요일,충청남도 천안시 동남구 원성동,경상사고,0,0,1,0,차대차 - 측면충돌,안전운전불이행,건조,맑음,교차로 - 교차로부근,승용,남,59세,상해없음,승용,남,56세,경상
2021071800100069,2021년 7월 18일 09시,일요일,충청남도 천안시 동남구 구성동,경상사고,0,0,1,0,차대차 - 추돌,안전운전불이행,건조,맑음,단일로 - 기타,승용,남,24세,상해없음,승용,남,42세,경상
2021071800100237,2021년 7월 18일 15시,일요일,충청남도 천안시 서북구 두정동,경상사고,0,0,1,0,차대차 - 기타,안전운전불이행,건조,맑음,교차로 - 교차로부근,승용,남,55세,상해없음,승용,남,23세,경상
2021071800100287,2021년 7월 18일 17시,일요일,충청남도 천안시 서북구 불당동,경상사고,0,0,1,0,차대사람 - 기타,기타,건조,맑음,단일로 - 기타,개인형이동수단(PM),남,16세,상해없음,보행자,여,4세,경상
2021071800100346,2021년 7월 18일 19시,일요일,충청남도 천안시 서북구 두정동,경상사고,0,0,4,0,차대차 - 추돌,안전거리미확보,젖음/습기,비,교차로 - 교차로부근,승용,여,44세,상해없음,승용,여,49세,경상
2021071800100405,2021년 7월 18일 21시,일요일,충청남도 천안시 동남구 신부동,경상사고,0,0,2,0,차대차 - 기타,신호위반,건조,맑음,교차로 - 교차로안,이륜,남,29세,상해없음,승용,남,26세,경상
2021071900100004,2021년 7월 19일 00시,월요일,충청남도 천안시 서북구 성환읍,경상사고,0,0,1,0,차대차 - 기타,신호위반,건조,맑음,교차로 - 교차로안,승용,기타불명,미분류,기타불명,승용,남,29세,경상
2021071900100064,2021년 7월 19일 07시,월요일,충청남도 천안시 서북구 성성동,경상사고,0,0,1,0,차대차 - 기타,안전거리미확보,건조,맑음,단일로 - 기타,화물,남,46세,상해없음,승용,남,29세,경상
2021071900100127,2021년 7월 19일 09시,월요일,충청남도 천안시 서북구 쌍용동,중상사고,0,1,0,0,차량단독 - 도로외이탈 - 기타,안전운전불이행,건조,맑음,교차로 - 교차로부근,자전거,남,76세,중상,,,,
2021071900100238,2021년 7월 19일 12시,월요일,충청남도 천안시 서북구 불당동,중상사고,0,1,0,0,차량단독 - 기타,안전운전불이행,건조,맑음,단일로 - 기타,승합,남,50세,상해없음,,,,
2021071900100312,2021년 7월 19일 14시,월요일,충청남도 천안시 서북구 입장면,경상사고,0,0,1,0,차대차 - 측면충돌,안전운전불이행,건조,맑음,단일로 - 기타,화물,남,50세,상해없음,특수,남,46세,경상
2021071900100313,2021년 7월 19일 14시,월요일,충청남도 천안시 서북구 쌍용동,경상사고,0,0,1,0,차대차 - 측면충돌,안전운전불이행,건조,맑음,교차로 - 교차로안,화물,남,68세,상해없음,승용,여,28세,경상
2021071900100352,2021년 7월 19일 15시,월요일,충청남도 천안시 동남구 신부동,경상사고,0,0,2,0,차대차 - 측면충돌,안전운전불이행,건조,맑음,교차로 - 교차로안,승용,남,32세,상해없음,이륜,남,30세,경상
2021071900100458,2021년 7월 19일 18시,월요일,충청남도 천안시 서북구 백석동,경상사고,0,0,1,0,차대차 - 후진중충돌,안전운전불이행,건조,맑음,단일로 - 기타,승용,남,56세,상해없음,원동기,남,38세,경상
2021072000100012,2021년 7월 20일 01시,화요일,충청남도 천안시 동남구 신부동,중상사고,0,1,0,0,차량단독 - 기타,안전운전불이행,건조,맑음,단일로 - 기타,이륜,남,32세,중상,,,,
2021072000100020,2021년 7월 20일 04시,화요일,충청남도 천안시 동남구 풍세면,경상사고,0,0,1,0,차대차 - 측면충돌,안전거리미확보,건조,맑음,단일로 - 기타,화물,남,51세,상해없음,승용,남,63세,경상
2021072000100072,2021년 7월 20일 08시,화요일,충청남도 천안시 서북구 성정동,중상사고,0,1,0,0,차대차 - 측면충돌,안전거리미확보,건조,맑음,단일로 - 기타,자전거,여,69세,중상,승용,남,47세,상해없음
2021072000100073,2021년 7월 20일 08시,화요일,충청남도 천안시 서북구 성환읍,경상사고,0,0,1,0,차대차 - 추돌,안전운전불이행,건조,맑음,단일로 - 기타,승용,남,57세,상해없음,승용,여,52세,경상
2021072000100237,2021년 7월 20일 13시,화요일,충청남도 천안시 서북구 성정동,경상사고,0,0,3,0,차대차 - 측면충돌,안전운전불이행,건조,맑음,교차로 - 교차로안,승용,여,37세,상해없음,승용,남,49세,경상
2021072000100341,2021년 7월 20일 16시,화요일,충청남도 천안시 서북구 성정동,경상사고,0,0,2,0,차대차 - 기타,안전운전불이행,건조,맑음,교차로 - 교차로안,승용,남,61세,상해없음,승용,남,35세,경상
2021072000100437,2021년 7월 20일 18시,화요일,충청남도 천안시 서북구 직산읍,경상사고,0,0,2,0,차대차 - 측면충돌,교차로운행방법위반,건조,맑음,교차로 - 교차로안,승용,남,34세,경상,승용,남,59세,경상
2021072100100009,2021년 7월 21일 00시,수요일,충청남도 천안시 서북구 직산읍,중상사고,0,1,0,0,차대사람 - 길가장자리구역통행중,안전운전불이행,건조,맑음,기타 - 기타,화물,남,72세,상해없음,보행자,남,56세,중상
2021072100100065,2021년 7월 21일 07시,수요일,충청남도 천안시 서북구 입장면,중상사고,0,1,1,0,차대차 - 정면충돌,안전운전불이행,건조,맑음,단일로 - 기타,자전거,남,40세,중상,승용,남,28세,경상
2021072100100098,2021년 7월 21일 08시,수요일,충청남도 천안시 서북구 신당동,경상사고,0,0,1,0,차대차 - 기타,교차로운행방법위반,건조,맑음,교차로 - 교차로안,화물,남,42세,상해없음,승용,여,32세,경상
2021072100100101,2021년 7월 21일 08시,수요일,충청남도 천안시 동남구 신부동,경상사고,0,0,3,0,차대차 - 추돌,안전운전불이행,건조,맑음,단일로 - 기타,승용,남,25세,상해없음,승용,남,38세,경상
2021072100100220,2021년 7월 21일 11시,수요일,충청남도 천안시 서북구 성거읍,중상사고,0,1,0,1,차대차 - 기타,안전운전불이행,건조,맑음,교차로 - 교차로안,승용,남,75세,상해없음,이륜,남,43세,중상
2021072100100221,2021년 7월 21일 11시,수요일,충청남도 천안시 서북구 직산읍,경상사고,0,0,1,0,차대차 - 기타,교차로운행방법위반,건조,맑음,교차로 - 교차로안,화물,남,61세,상해없음,화물,남,65세,경상
2021072100100261,2021년 7월 21일 12시,수요일,충청남도 천안시 동남구 병천면,경상사고,0,0,1,0,차대차 - 기타,중앙선침범,건조,맑음,단일로 - 기타,승용,남,57세,상해없음,승용,여,51세,경상
2021072100100263,2021년 7월 21일 12시,수요일,충청남도 천안시 서북구 입장면,경상사고,0,0,2,0,차대차 - 추돌,안전거리미확보,건조,맑음,기타 - 기타,화물,남,60세,상해없음,승용,남,28세,경상
2021072100100296,2021년 7월 21일 13시,수요일,충청남도 천안시 서북구 두정동,경상사고,0,0,1,0,차대차 - 기타,중앙선침범,건조,맑음,기타 - 기타,승용,여,34세,상해없음,승용,여,50세,경상
2021072100100301,2021년 7월 21일 13시,수요일,충청남도 천안시 동남구 청당동,경상사고,0,0,1,0,차대차 - 기타,안전운전불이행,건조,맑음,교차로 - 교차로부근,승용,남,56세,상해없음,승용,남,30세,경상
2021072100100370,2021년 7월 21일 15시,수요일,충청남도 천안시 서북구 쌍용동,경상사고,0,0,1,0,차대사람 - 횡단중,신호위반,건조,기타,기타 - 기타,승용,여,69세,상해없음,보행자,남,11세,경상
2021072100100371,2021년 7월 21일 15시,수요일,충청남도 천안시 서북구 쌍용동,경상사고,0,0,3,0,차대차 - 기타,안전운전불이행,건조,맑음,교차로 - 교차로부근,승용,남,61세,경상,승용,남,45세,경상
2021072100100372,2021년 7월 21일 15시,수요일,충청남도 천안시 서북구 쌍용동,경상사고,0,0,1,0,차대차 - 기타,안전운전불이행,건조,맑음,기타 - 기타,화물,남,48세,상해없음,승용,여,26세,경상
2021072100100421,2021년 7월 21일 16시,수요일,충청남도 천안시 서북구 불당동,경상사고,0,0,1,0,차대차 - 기타,기타,건조,맑음,교차로 - 교차로부근,승용,남,30세,상해없음,승용,여,21세,경상
2021072100100568,2021년 7월 21일 19시,수요일,충청남도 천안시 서북구 성정동,경상사고,0,0,3,0,차대차 - 기타,안전운전불이행,건조,맑음,기타 - 기타,승용,남,23세,상해없음,승용,여,36세,경상
2021072200100095,2021년 7월 22일 08시,목요일,충청남도 천안시 서북구 성정동,경상사고,0,0,1,0,차대차 - 측면충돌,직진우회전진행방해,건조,맑음,교차로 - 교차로안,승용,여,57세,기타불명,승용,여,28세,경상
2021072200100161,2021년 7월 22일 10시,목요일,충청남도 천안시 서북구 불당동,경상사고,0,0,1,0,차대차 - 추돌,안전운전불이행,건조,맑음,교차로 - 교차로부근,승용,남,30세,상해없음,승용,여,44세,경상
2021072200100237,2021년 7월 22일 12시,목요일,충청남도 천안시 서북구 백석동,경상사고,0,0,3,0,차대차 - 기타,안전거리미확보,건조,맑음,단일로 - 기타,승용,남,35세,상해없음,승용,남,44세,경상
2021072200100274,2021년 7월 22일 13시,목요일,충청남도 천안시 동남구 삼룡동,경상사고,0,0,1,0,차대차 - 측면충돌,안전거리미확보,건조,맑음,교차로 - 교차로안,승용,여,69세,상해없음,승용,여,51세,경상
2021072200100361,2021년 7월 22일 15시,목요일,충청남도 천안시 서북구 불당동,경상사고,0,0,1,0,차대사람 - 횡단중,안전운전불이행,건조,맑음,단일로 - 기타,승용,남,28세,기타불명,보행자,남,10세,경상
2021072200100403,2021년 7월 22일 16시,목요일,충청남도 천안시 서북구 불당동,경상사고,0,0,1,0,차대차 - 추돌,안전운전불이행,건조,맑음,단일로 - 기타,승용,남,33세,상해없음,승용,여,54세,경상
2021072200100448,2021년 7월 22일 17시,목요일,충청남도 천안시 서북구 성정동,경상사고,0,0,1,0,차대차 - 추돌,안전운전불이행,건조,맑음,교차로 - 교차로부근,승용,남,24세,상해없음,승용,여,60세,경상
2021072200100536,2021년 7월 22일 19시,목요일,충청남도 천안시 서북구 쌍용동,경상사고,0,0,1,0,차대사람 - 보도통행중,신호위반,건조,맑음,단일로 - 기타,승용,여,45세,상해없음,보행자,여,45세,경상
2021072200100576,2021년 7월 22일 20시,목요일,충청남도 천안시 동남구 신부동,경상사고,0,0,1,0,차대차 - 측면충돌,안전운전불이행,건조,맑음,단일로 - 기타,승용,남,64세,상해없음,이륜,남,40세,경상
2021072200100628,2021년 7월 22일 22시,목요일,충청남도 천안시 동남구 구성동,경상사고,0,0,5,0,차대차 - 기타,안전운전불이행,건조,맑음,단일로 - 기타,승용,여,34세,경상,승용,남,29세,경상
2021072200100629,2021년 7월 22일 22시,목요일,충청남도 천안시 동남구 구성동,중상사고,0,2,2,0,차대차 - 기타,안전운전불이행,건조,맑음,단일로 - 기타,승용,남,58세,상해없음,승용,남,55세,경상
2021072300100057,2021년 7월 23일 07시,금요일,충청남도 천안시 서북구 쌍용동,경상사고,0,0,1,0,차대차 - 기타,안전운전불이행,건조,맑음,교차로 - 교차로안,승용,남,44세,상해없음,승용,남,32세,경상
2021072300100092,2021년 7월 23일 08시,금요일,충청남도 천안시 동남구 문화동,경상사고,0,0,1,0,차대차 - 기타,안전거리미확보,건조,맑음,단일로 - 기타,화물,남,25세,상해없음,승합,남,56세,경상
2021072300100120,2021년 7월 23일 09시,금요일,충청남도 천안시 서북구 불당동,경상사고,0,0,2,0,차대차 - 측면충돌,신호위반,건조,맑음,교차로 - 교차로안,승용,남,34세,상해없음,승용,여,30세,경상
2021072300100160,2021년 7월 23일 10시,금요일,충청남도 천안시 동남구 원성동,중상사고,0,1,0,0,차대사람 - 기타,안전운전불이행,건조,맑음,단일로 - 기타,승용,남,67세,상해없음,보행자,여,81세,중상
2021072300100304,2021년 7월 23일 14시,금요일,충청남도 천안시 동남구 신부동,경상사고,0,0,4,0,차대차 - 기타,신호위반,건조,맑음,교차로 - 교차로안,승용,여,49세,경상,승합,남,43세,상해없음
2021072300100439,2021년 7월 23일 17시,금요일,충청남도 천안시 서북구 성성동,경상사고,0,0,1,0,차대차 - 측면충돌,안전거리미확보,건조,맑음,단일로 - 기타,승용,남,25세,상해없음,승용,여,45세,경상
2021072300100493,2021년 7월 23일 18시,금요일,충청남도 천안시 서북구 성정동,경상사고,0,0,1,0,차대차 - 기타,안전운전불이행,건조,맑음,기타 - 기타,이륜,남,40세,상해없음,승용,남,26세,경상
2021072300100494,2021년 7월 23일 18시,금요일,충청남도 천안시 서북구 성정동,경상사고,0,0,1,0,차대차 - 추돌,안전운전불이행,건조,맑음,단일로 - 기타,승용,남,61세,상해없음,승용,남,27세,경상
2021072300100545,2021년 7월 23일 19시,금요일,충청남도 천안시 서북구 성정동,경상사고,0,0,1,0,차대차 - 기타,안전운전불이행,건조,맑음,기타 - 기타,이륜,남,35세,상해없음,이륜,남,27세,경상
2021072300100547,2021년 7월 23일 19시,금요일,충청남도 천안시 동남구 목천읍,중상사고,0,1,0,0,차대차 - 측면충돌,중앙선침범,건조,맑음,단일로 - 기타,화물,남,68세,상해없음,자전거,남,38세,중상
2021072300100588,2021년 7월 23일 20시,금요일,충청남도 천안시 서북구 성거읍,경상사고,0,0,1,0,차대차 - 측면충돌,직진우회전진행방해,건조,맑음,교차로 - 교차로안,승용,여,59세,상해없음,이륜,남,46세,경상
2021072300100634,2021년 7월 23일 22시,금요일,충청남도 천안시 동남구 원성동,경상사고,0,0,2,0,차대차 - 측면충돌,안전운전불이행,건조,맑음,교차로 - 교차로부근,승용,여,59세,경상,화물,남,52세,경상
2021072400100008,2021년 7월 24일 00시,토요일,충청남도 천안시 동남구 문화동,경상사고,0,0,1,0,차대차 - 기타,안전운전불이행,건조,맑음,교차로 - 교차로부근,승용,남,21세,상해없음,이륜,남,31세,경상
2021072400100052,2021년 7월 24일 07시,토요일,충청남도 천안시 서북구 입장면,중상사고,0,1,0,0,차대차 - 측면충돌,중앙선침범,건조,맑음,교차로 - 교차로안,이륜,남,84세,중상,승용,남,58세,상해없음
2021072400100120,2021년 7월 24일 10시,토요일,충청남도 천안시 서북구 성정동,경상사고,0,0,1,0,차대차 - 기타,신호위반,건조,맑음,교차로 - 교차로안,화물,남,59세,상해없음,승용,여,52세,경상
2021072400100122,2021년 7월 24일 10시,토요일,충청남도 천안시 동남구 신방동,중상사고,0,2,0,0,차대차 - 기타,기타,건조,맑음,단일로 - 기타,승용,남,38세,상해없음,이륜,남,56세,중상
2021072400100204,2021년 7월 24일 12시,토요일,충청남도 천안시 동남구 봉명동,경상사고,0,0,1,0,차대사람 - 차도통행중,안전운전불이행,건조,맑음,단일로 - 기타,승용,남,66세,상해없음,보행자,남,43세,경상
2021072400100244,2021년 7월 24일 13시,토요일,충청남도 천안시 동남구 신부동,경상사고,0,0,4,0,차대차 - 후진중충돌,불법유턴,건조,맑음,단일로 - 기타,승용,남,33세,상해없음,승용,남,58세,경상
2021072400100245,2021년 7월 24일 13시,토요일,충청남도 천안시 동남구 신방동,중상사고,0,1,0,0,차대차 - 측면충돌,안전운전불이행,건조,맑음,단일로 - 기타,화물,남,45세,상해없음,이륜,남,61세,중상
2021072400100290,2021년 7월 24일 14시,토요일,충청남도 천안시 서북구 직산읍,경상사고,0,0,2,0,차대차 - 기타,안전운전불이행,건조,맑음,교차로 - 교차로안,승용,남,22세,상해없음,승용,남,34세,경상
2021072400100569,2021년 7월 24일 22시,토요일,충청남도 천안시 동남구 대흥동,경상사고,0,0,2,0,차대차 - 측면충돌,교차로운행방법위반,건조,맑음,교차로 - 교차로안,승용,여,55세,상해없음,승용,여,54세,경상
2021072500100124,2021년 7월 25일 12시,일요일,충청남도 천안시 서북구 성환읍,경상사고,0,0,1,0,차대차 - 기타,안전운전불이행,건조,맑음,교차로 - 교차로안,승용,여,35세,상해없음,이륜,남,43세,경상
2021072500100387,2021년 7월 25일 20시,일요일,충청남도 천안시 동남구 신부동,경상사고,0,0,4,0,차대차 - 측면충돌,안전운전불이행,건조,맑음,교차로 - 교차로부근,승합,남,26세,상해없음,승용,남,61세,경상
2021072600100082,2021년 7월 26일 08시,월요일,충청남도 천안시 서북구 직산읍,사망사고,1,0,1,0,차대차 - 측면충돌,안전운전불이행,건조,맑음,교차로 - 교차로부근,이륜,남,79세,사망,화물,남,31세,경상
2021072600100291,2021년 7월 26일 13시,월요일,충청남도 천안시 동남구 유량동,경상사고,0,0,1,0,차대차 - 측면충돌,안전운전불이행,건조,맑음,교차로 - 교차로부근,승용,남,75세,상해없음,승용,여,69세,경상
2021072600100441,2021년 7월 26일 17시,월요일,충청남도 천안시 동남구 신방동,경상사고,0,0,1,0,차대차 - 측면충돌,신호위반,건조,맑음,교차로 - 교차로안,승용,남,62세,상해없음,승용,여,34세,경상
2021072600100491,2021년 7월 26일 18시,월요일,충청남도 천안시 동남구 봉명동,경상사고,0,0,1,0,차대차 - 기타,불법유턴,건조,맑음,단일로 - 기타,개인형이동수단(PM),여,26세,경상,승용,남,32세,상해없음
2021072600100633,2021년 7월 26일 23시,월요일,충청남도 천안시 서북구 쌍용동,경상사고,0,0,2,0,차대차 - 기타,안전거리미확보,건조,맑음,단일로 - 기타,승용,남,52세,상해없음,승용,남,32세,상해없음
2021072700100101,2021년 7월 27일 08시,화요일,충청남도 천안시 동남구 구룡동,경상사고,0,0,1,0,차대차 - 추돌,안전운전불이행,건조,맑음,교차로 - 교차로부근,승용,남,37세,상해없음,승용,여,41세,경상
2021072700100215,2021년 7월 27일 11시,화요일,충청남도 천안시 동남구 삼룡동,경상사고,0,0,1,0,차대차 - 기타,안전운전불이행,건조,맑음,단일로 - 고가도로위,기타불명,기타불명,미분류,기타불명,승용,남,31세,경상
2021072700100216,2021년 7월 27일 11시,화요일,충청남도 천안시 동남구 청당동,경상사고,0,0,1,1,차대차 - 측면충돌,안전거리미확보,건조,맑음,단일로 - 기타,화물,남,55세,부상신고,승용,남,28세,경상
2021072700100254,2021년 7월 27일 12시,화요일,충청남도 천안시 동남구 풍세면,중상사고,0,1,0,0,차대차 - 측면충돌,안전운전불이행,건조,맑음,단일로 - 기타,화물,남,63세,상해없음,승용,남,41세,중상
2021072700100312,2021년 7월 27일 14시,화요일,충청남도 천안시 동남구 대흥동,경상사고,0,0,4,0,차대차 - 정면충돌,중앙선침범,건조,맑음,교차로 - 교차로안,승용,남,72세,경상,승용,남,22세,경상
2021072700100353,2021년 7월 27일 15시,화요일,충청남도 천안시 서북구 성정동,경상사고,0,0,1,0,차대차 - 기타,신호위반,건조,맑음,교차로 - 교차로횡단보도내,승용,여,62세,상해없음,개인형이동수단(PM),남,58세,경상
2021072700100472,2021년 7월 27일 18시,화요일,충청남도 천안시 서북구 성정동,경상사고,0,0,1,0,차대차 - 기타,교차로운행방법위반,건조,맑음,교차로 - 교차로안,화물,남,34세,상해없음,이륜,남,33세,경상
2021072800100004,2021년 7월 28일 00시,수요일,충청남도 천안시 동남구 원성동,경상사고,0,0,1,0,차량단독 - 전도전복 - 전도,안전운전불이행,건조,맑음,교차로 - 교차로안,자전거,남,17세,경상,,,,
2021072800100029,2021년 7월 28일 05시,수요일,충청남도 천안시 서북구 성환읍,경상사고,0,0,1,0,차대차 - 기타,신호위반,건조,맑음,교차로 - 교차로안,승용,남,60세,상해없음,개인형이동수단(PM),남,17세,경상
2021072800100048,2021년 7월 28일 06시,수요일,충청남도 천안시 서북구 두정동,경상사고,0,0,1,0,차대차 - 기타,안전운전불이행,건조,맑음,주차장 - 주차장,승용,남,41세,상해없음,이륜,남,17세,경상
2021072800100070,2021년 7월 28일 07시,수요일,충청남도 천안시 서북구 성정동,경상사고,0,0,1,0,차대차 - 기타,신호위반,건조,맑음,기타 - 기타,승용,남,41세,상해없음,승용,남,30세,경상
2021072800100094,2021년 7월 28일 08시,수요일,충청남도 천안시 동남구 북면,중상사고,0,1,0,0,차대차 - 측면충돌,교차로운행방법위반,건조,맑음,단일로 - 기타,승합,남,63세,상해없음,이륜,남,68세,중상
2021072800100188,2021년 7월 28일 11시,수요일,충청남도 천안시 서북구 백석동,경상사고,0,0,1,0,차대차 - 추돌,안전운전불이행,건조,맑음,교차로 - 교차로부근,승용,남,67세,상해없음,승용,남,33세,경상
2021072800100295,2021년 7월 28일 14시,수요일,충청남도 천안시 서북구 입장면,경상사고,0,0,1,0,차대차 - 정면충돌,중앙선침범,건조,맑음,단일로 - 기타,승용,남,53세,상해없음,건설기계,남,50세,경상
2021072800100328,2021년 7월 28일 15시,수요일,충청남도 천안시 동남구 다가동,경상사고,0,0,1,0,차대차 - 측면충돌,안전운전불이행,건조,맑음,교차로 - 교차로안,승용,여,43세,상해없음,승용,남,60세,경상