사고번호,사고일시,요일,시군구,사고내용,사망자수,중상자수,경상자수,부상신고자수,사고유형,법규위반,노면상태,기상상태,도로형태,가해운전자 차종,가해운전자 성별,가해운전자 연령,가해운전자 상해정도,피해운전자 차종,피해운전자 성별,피해운전자 연령,피해운전자 상해정도
2021100100100603,2021년 10월 1일 20시,금요일,충청남도 천안시 동남구 신방동,경상사고,0,0,3,0,차대차 - 측면충돌,안전운전불이행,건조,맑음,단일로 - 기타,승용,남,61세,상해없음,승용,여,19세,경상
2021100100100669,2021년 10월 1일 22시,금요일,충청남도 천안시 서북구 성정동,경상사고,0,0,2,0,차대차 - 기타,안전운전불이행,건조,맑음,단일로 - 기타,승용,남,23세,상해없음,승용,여,21세,경상
2021100200100007,2021년 10월 2일 00시,토요일,충청남도 천안시 서북구 두정동,경상사고,0,0,1,0,차대차 - 정면충돌,중앙선침범,건조,맑음,교차로 - 교차로안,승용,남,32세,상해없음,승용,여,57세,경상
2021100200100023,2021년 10월 2일 04시,토요일,충청남도 천안시 동남구 신방동,중상사고,0,1,0,0,차대차 - 추돌,안전운전불이행,젖음/습기,비,교차로 - 교차로부근,이륜,남,40세,중상,승용,여,64세,상해없음
2021100200100044,2021년 10월 2일 06시,토요일,충청남도 천안시 서북구 백석동,경상사고,0,0,2,0,차대차 - 기타,안전운전불이행,건조,맑음,교차로 - 교차로안,승용,여,35세,상해없음,승용,남,58세,경상
2021100200100223,2021년 10월 2일 12시,토요일,충청남도 천안시 서북구 성성동,경상사고,0,0,1,0,차대차 - 측면충돌,안전운전불이행,건조,맑음,단일로 - 기타,승용,여,26세,상해없음,승용,남,31세,경상
2021100200100386,2021년 10월 2일 16시,토요일,충청남도 천안시 동남구 원성동,중상사고,0,1,1,0,차대차 - 추돌,안전운전불이행,건조,맑음,단일로 - 기타,승용,남,41세,상해없음,승용,남,71세,경상
2021100200100424,2021년 10월 2일 17시,토요일,충청남도 천안시 서북구 불당동,경상사고,0,0,2,0,차대차 - 정면충돌,직진우회전진행방해,건조,맑음,교차로 - 교차로부근,승용,남,23세,기타불명,승용,남,28세,경상
2021100200100461,2021년 10월 2일 18시,토요일,충청남도 천안시 서북구 성정동,경상사고,0,0,5,0,차대차 - 추돌,안전운전불이행,건조,맑음,단일로 - 기타,승용,남,45세,상해없음,승용,여,58세,경상
2021100200100550,2021년 10월 2일 20시,토요일,충청남도 천안시 동남구 사직동,경상사고,0,0,1,0,차대차 - 측면충돌,중앙선침범,건조,맑음,단일로 - 터널,승용,남,25세,상해없음,승용,여,26세,경상
2021100200100574,2021년 10월 2일 21시,토요일,충청남도 천안시 서북구 성정동,경상사고,0,0,1,0,차대차 - 기타,안전거리미확보,건조,맑음,단일로 - 기타,승용,남,40세,상해없음,승용,남,26세,경상
2021100200100576,2021년 10월 2일 21시,토요일,충청남도 천안시 동남구 광덕면,경상사고,0,0,2,0,차대사람 - 기타,안전운전불이행,건조,맑음,교차로 - 교차로안,승합,남,63세,상해없음,보행자,남,51세,경상
2021100300100124,2021년 10월 3일 11시,일요일,충청남도 천안시 동남구 신방동,중상사고,0,1,0,0,차대차 - 기타,안전운전불이행,건조,맑음,교차로 - 교차로안,원동기,남,49세,중상,승용,남,48세,상해없음
2021100300100125,2021년 10월 3일 11시,일요일,충청남도 천안시 동남구 구성동,경상사고,0,0,1,0,차량단독 - 기타,기타,건조,맑음,단일로 - 기타,승합,남,58세,상해없음,,,,
2021100300100227,2021년 10월 3일 14시,일요일,충청남도 천안시 서북구 백석동,경상사고,0,0,1,0,차대사람 - 기타,안전운전불이행,건조,맑음,단일로 - 기타,승합,남,62세,상해없음,보행자,여,30세,경상
2021100300100265,2021년 10월 3일 15시,일요일,충청남도 천안시 서북구 두정동,경상사고,0,0,2,0,차대차 - 측면충돌,신호위반,건조,맑음,교차로 - 교차로부근,승용,남,47세,상해없음,승용,남,28세,상해없음
2021100300100448,2021년 10월 3일 20시,일요일,충청남도 천안시 동남구 신방동,경상사고,0,0,2,0,차대차 - 추돌,안전운전불이행,건조,맑음,교차로 - 교차로안,승용,남,52세,상해없음,승용,남,51세,경상
2021100400100118,2021년 10월 4일 11시,월요일,충청남도 천안시 동남구 신부동,경상사고,0,0,1,0,차대사람 - 횡단중,안전운전불이행,건조,맑음,단일로 - 기타,기타불명,기타불명,미분류,기타불명,보행자,남,45세,경상
2021100400100317,2021년 10월 4일 17시,월요일,충청남도 천안시 서북구 성정동,경상사고,0,0,2,0,차대차 - 기타,안전운전불이행,건조,맑음,기타 - 기타,승용,여,49세,경상,승용,여,42세,경상
2021100400100389,2021년 10월 4일 19시,월요일,충청남도 천안시 서북구 두정동,중상사고,0,1,0,0,차대차 - 측면충돌,중앙선침범,건조,맑음,단일로 - 기타,승용,남,56세,상해없음,이륜,남,22세,중상
2021100400100429,2021년 10월 4일 20시,월요일,충청남도 천안시 서북구 성환읍,중상사고,0,1,0,0,차대차 - 기타,안전거리미확보,건조,맑음,단일로 - 기타,이륜,남,17세,중상,화물,남,53세,상해없음
2021100400100430,2021년 10월 4일 20시,월요일,충청남도 천안시 서북구 직산읍,경상사고,0,0,1,0,차대사람 - 기타,안전운전불이행,건조,맑음,주차장 - 주차장,승용,여,45세,상해없음,보행자,남,72세,경상
2021100400100478,2021년 10월 4일 22시,월요일,충청남도 천안시 동남구 광덕면,중상사고,0,1,0,0,차량단독 - 도로외이탈 - 추락,안전운전불이행,건조,맑음,교차로 - 교차로부근,승용,남,36세,중상,,,,
2021100400100495,2021년 10월 4일 23시,월요일,충청남도 천안시 서북구 두정동,경상사고,0,0,1,0,차대차 - 기타,안전운전불이행,건조,맑음,기타 - 기타,승용,남,48세,상해없음,승용,여,61세,경상
2021100400100496,2021년 10월 4일 23시,월요일,충청남도 천안시 동남구 안서동,경상사고,0,0,1,0,차대차 - 기타,안전운전불이행,건조,맑음,교차로 - 교차로안,승용,남,18세,상해없음,이륜,남,29세,경상
2021100500100029,2021년 10월 5일 06시,화요일,충청남도 천안시 서북구 두정동,경상사고,0,0,1,0,차대차 - 기타,안전운전불이행,건조,맑음,기타 - 기타,승용,남,47세,상해없음,승용,남,47세,경상
2021100500100120,2021년 10월 5일 09시,화요일,충청남도 천안시 서북구 성환읍,경상사고,0,0,1,0,차대차 - 기타,안전운전불이행,건조,맑음,단일로 - 기타,승합,남,68세,기타불명,승용,남,24세,경상
2021100500100121,2021년 10월 5일 09시,화요일,충청남도 천안시 서북구 성성동,경상사고,0,0,2,0,차대차 - 기타,교차로운행방법위반,건조,맑음,교차로 - 교차로안,승용,여,49세,상해없음,승용,남,67세,경상
2021100500100122,2021년 10월 5일 09시,화요일,충청남도 천안시 동남구 광덕면,경상사고,0,0,1,0,차대차 - 측면충돌,교차로운행방법위반,건조,맑음,교차로 - 교차로안,승용,남,55세,상해없음,승용,여,52세,경상
2021100500100312,2021년 10월 5일 14시,화요일,충청남도 천안시 서북구 불당동,중상사고,0,1,0,0,차대차 - 측면충돌,안전운전불이행,건조,맑음,단일로 - 기타,화물,남,37세,상해없음,이륜,남,25세,중상
2021100500100354,2021년 10월 5일 15시,화요일,충청남도 천안시 동남구 풍세면,중상사고,0,1,1,0,차대차 - 추돌,안전운전불이행,건조,맑음,단일로 - 기타,승용,여,58세,상해없음,승용,여,62세,중상
2021100500100448,2021년 10월 5일 17시,화요일,충청남도 천안시 동남구 북면,경상사고,0,0,1,0,차대차 - 측면충돌,안전거리미확보,건조,맑음,단일로 - 기타,이륜,남,56세,상해없음,승용,여,32세,경상
2021100500100494,2021년 10월 5일 18시,화요일,충청남도 천안시 서북구 성환읍,경상사고,0,0,1,0,차대차 - 기타,직진우회전진행방해,건조,맑음,교차로 - 교차로안,승용,남,32세,상해없음,이륜,남,53세,경상
2021100500100495,2021년 10월 5일 18시,화요일,충청남도 천안시 서북구 불당동,경상사고,0,0,1,0,차대차 - 기타,안전운전불이행,건조,맑음,기타 - 기타,승용,남,59세,기타불명,이륜,남,39세,경상
2021100500100497,2021년 10월 5일 18시,화요일,충청남도 천안시 동남구 신부동,경상사고,0,0,1,0,차대차 - 기타,불법유턴,건조,맑음,단일로 - 기타,승용,여,54세,상해없음,승합,남,61세,상해없음
2021100500100611,2021년 10월 5일 21시,화요일,충청남도 천안시 동남구 문화동,경상사고,0,0,1,0,차대사람 - 차도통행중,안전운전불이행,건조,맑음,교차로 - 교차로안,승용,남,52세,상해없음,보행자,남,71세,경상
2021100500100630,2021년 10월 5일 22시,화요일,충청남도 천안시 동남구 삼룡동,중상사고,0,1,0,0,차대차 - 기타,기타,건조,맑음,단일로 - 기타,승용,여,42세,기타불명,이륜,남,57세,중상
2021100600100231,2021년 10월 6일 12시,수요일,충청남도 천안시 동남구 신부동,중상사고,0,1,0,0,차대차 - 기타,기타,젖음/습기,비,단일로 - 기타,승용,남,57세,상해없음,이륜,남,36세,중상
2021100600100257,2021년 10월 6일 13시,수요일,충청남도 천안시 서북구 두정동,경상사고,0,0,1,0,차대사람 - 기타,안전운전불이행,건조,흐림,교차로 - 교차로안,승용,남,57세,상해없음,보행자,남,49세,경상
2021100600100327,2021년 10월 6일 15시,수요일,충청남도 천안시 동남구 사직동,경상사고,0,0,1,0,차대차 - 기타,안전운전불이행,건조,맑음,단일로 - 기타,승용,여,61세,상해없음,승용,여,65세,경상
2021100600100371,2021년 10월 6일 16시,수요일,충청남도 천안시 서북구 두정동,경상사고,0,0,1,0,차대차 - 기타,불법유턴,건조,흐림,단일로 - 기타,이륜,남,17세,상해없음,자전거,남,21세,경상
2021100600100411,2021년 10월 6일 17시,수요일,충청남도 천안시 동남구 다가동,경상사고,0,0,1,0,차대차 - 측면충돌,신호위반,건조,맑음,교차로 - 교차로안,승용,여,20세,기타불명,승용,여,34세,경상
2021100600100412,2021년 10월 6일 17시,수요일,충청남도 천안시 동남구 목천읍,경상사고,0,0,3,0,차대차 - 기타,안전운전불이행,건조,맑음,교차로 - 교차로부근,승용,남,40세,상해없음,승용,남,47세,경상
2021100600100460,2021년 10월 6일 18시,수요일,충청남도 천안시 동남구 신방동,경상사고,0,0,3,0,차대차 - 기타,직진우회전진행방해,건조,맑음,교차로 - 교차로안,승용,여,38세,경상,승용,남,27세,경상
2021100700100035,2021년 10월 7일 06시,목요일,충청남도 천안시 서북구 두정동,경상사고,0,0,2,0,차대차 - 추돌,안전운전불이행,젖음/습기,비,교차로 - 교차로부근,화물,남,48세,상해없음,승용,남,48세,경상
2021100700100125,2021년 10월 7일 09시,목요일,충청남도 천안시 동남구 신부동,경상사고,0,0,1,0,차량단독 - 전도전복 - 전도,안전운전불이행,젖음/습기,비,기타 - 기타,이륜,남,37세,경상,,,,
2021100700100153,2021년 10월 7일 10시,목요일,충청남도 천안시 동남구 목천읍,경상사고,0,0,1,1,차대차 - 기타,안전거리미확보,건조,맑음,단일로 - 기타,화물,남,60세,부상신고,승용,여,40세,경상
2021100700100259,2021년 10월 7일 13시,목요일,충청남도 천안시 서북구 두정동,중상사고,0,1,0,0,차대사람 - 횡단중,기타,건조,맑음,교차로 - 교차로횡단보도내,화물,남,59세,상해없음,보행자,여,72세,중상
2021100700100391,2021년 10월 7일 17시,목요일,충청남도 천안시 동남구 광덕면,중상사고,0,1,0,0,차량단독 - 공작물충돌,안전운전불이행,건조,맑음,단일로 - 기타,승용,남,57세,중상,,,,
2021100700100496,2021년 10월 7일 19시,목요일,충청남도 천안시 서북구 쌍용동,경상사고,0,0,1,0,차대차 - 기타,신호위반,건조,맑음,교차로 - 교차로안,이륜,남,45세,상해없음,이륜,남,31세,경상
2021100700100557,2021년 10월 7일 21시,목요일,충청남도 천안시 서북구 두정동,경상사고,0,0,1,0,차대차 - 기타,직진우회전진행방해,건조,맑음,교차로 - 교차로안,이륜,남,25세,경상,승용,여,34세,상해없음
2021100700100602,2021년 10월 7일 23시,목요일,충청남도 천안시 동남구 신부동,경상사고,0,0,2,0,차대차 - 측면충돌,신호위반,젖음/습기,비,교차로 - 교차로안,이륜,남,19세,상해없음,승용,남,60세,경상
2021100800100051,2021년 10월 8일 07시,금요일,충청남도 천안시 서북구 두정동,경상사고,0,0,1,0,차대차 - 기타,안전운전불이행,건조,맑음,교차로 - 교차로부근,승용,남,65세,상해없음,승용,여,36세,경상
2021100800100052,2021년 10월 8일 07시,금요일,충청남도 천안시 서북구 불당동,경상사고,0,0,1,0,차대차 - 기타,안전운전불이행,건조,맑음,교차로 - 교차로안,승용,남,41세,상해없음,승용,여,42세,경상
2021100800100054,2021년 10월 8일 07시,금요일,충청남도 천안시 동남구 다가동,경상사고,0,0,1,0,차대차 - 측면충돌,신호위반,젖음/습기,비,교차로 - 교차로안,승용,남,32세,상해없음,승용,여,29세,경상
2021100800100152,2021년 10월 8일 10시,금요일,충청남도 천안시 서북구 부대동,경상사고,0,0,1,0,차대차 - 측면충돌,안전운전불이행,젖음/습기,흐림,교차로 - 교차로안,승용,남,46세,상해없음,승용,여,52세,경상
2021100800100225,2021년 10월 8일 12시,금요일,충청남도 천안시 서북구 두정동,경상사고,0,0,1,0,차대차 - 측면충돌,안전운전불이행,건조,맑음,교차로 - 교차로부근,화물,남,30세,상해없음,승용,남,59세,경상
2021100800100307,2021년 10월 8일 14시,금요일,충청남도 천안시 동남구 풍세면,경상사고,0,0,2,0,차대차 - 추돌,안전운전불이행,건조,맑음,단일로 - 교량,승용,남,64세,상해없음,승용,여,61세,경상
2021100800100344,2021년 10월 8일 15시,금요일,충청남도 천안시 서북구 성정동,경상사고,0,0,5,0,차대차 - 추돌,안전운전불이행,건조,맑음,단일로 - 기타,승용,남,51세,상해없음,승용,여,39세,경상
2021100800100490,2021년 10월 8일 18시,금요일,충청남도 천안시 서북구 성정동,경상사고,0,0,4,0,차대차 - 후진중충돌,안전운전불이행,건조,맑음,단일로 - 기타,화물,남,67세,상해없음,승용,남,32세,경상
2021100800100491,2021년 10월 8일 18시,금요일,충청남도 천안시 동남구 원성동,경상사고,0,0,2,0,차대차 - 측면충돌,중앙선침범,젖음/습기,비,단일로 - 기타,승용,남,54세,상해없음,승합,남,66세,경상
2021100800100492,2021년 10월 8일 18시,금요일,충청남도 천안시 동남구 신부동,경상사고,0,0,1,0,차대차 - 측면충돌,안전운전불이행,젖음/습기,흐림,교차로 - 교차로안,화물,남,41세,상해없음,승용,여,24세,경상
2021100800100564,2021년 10월 8일 19시,금요일,충청남도 천안시 서북구 쌍용동,경상사고,0,0,3,0,차대차 - 측면충돌,신호위반,젖음/습기,비,교차로 - 교차로부근,승합,남,32세,상해없음,승용,여,28세,경상
2021100800100565,2021년 10월 8일 19시,금요일,충청남도 천안시 서북구 두정동,중상사고,0,1,2,0,차대차 - 기타,직진우회전진행방해,젖음/습기,비,교차로 - 교차로안,승용,남,24세,경상,승용,남,45세,중상
2021100800100566,2021년 10월 8일 19시,금요일,충청남도 천안시 서북구 성정동,경상사고,0,0,2,0,차대차 - 기타,안전운전불이행,젖음/습기,비,단일로 - 기타,원동기,남,18세,경상,원동기,남,38세,경상
2021100800100567,2021년 10월 8일 19시,금요일,충청남도 천안시 서북구 백석동,중상사고,0,1,0,0,차대차 - 측면충돌,안전운전불이행,젖음/습기,비,교차로 - 교차로안,승용,여,25세,상해없음,승용,여,29세,중상
2021100800100647,2021년 10월 8일 21시,금요일,충청남도 천안시 서북구 성정동,중상사고,0,1,0,0,차대차 - 측면충돌,안전거리미확보,젖음/습기,비,단일로 - 기타,승용,남,33세,상해없음,승용,남,22세,중상
2021100800100673,2021년 10월 8일 22시,금요일,충청남도 천안시 서북구 두정동,중상사고,0,1,0,0,차대사람 - 횡단중,안전운전불이행,건조,맑음,교차로 - 교차로횡단보도내,이륜,남,24세,상해없음,보행자,여,44세,중상
2021100800100674,2021년 10월 8일 22시,금요일,충청남도 천안시 동남구 원성동,중상사고,0,1,3,0,차대차 - 추돌,안전운전불이행,건조,맑음,교차로 - 교차로부근,승용,남,22세,상해없음,승용,여,20세,경상
2021100800100703,2021년 10월 8일 23시,금요일,충청남도 천안시 서북구 두정동,중상사고,0,1,0,0,차대차 - 기타,직진우회전진행방해,젖음/습기,비,교차로 - 교차로안,승용,남,24세,상해없음,이륜,남,27세,중상
2021100800100704,2021년 10월 8일 23시,금요일,충청남도 천안시 동남구 신부동,중상사고,0,1,0,0,차대차 - 측면충돌,신호위반,건조,맑음,단일로 - 기타,승용,남,58세,상해없음,이륜,남,21세,중상
2021100900100007,2021년 10월 9일 00시,토요일,충청남도 천안시 서북구 성정동,경상사고,0,0,4,0,차대차 - 정면충돌,안전운전불이행,젖음/습기,흐림,단일로 - 기타,승용,남,43세,상해없음,승용,남,33세,경상
2021100900100017,2021년 10월 9일 02시,토요일,충청남도 천안시 서북구 성정동,경상사고,0,0,1,0,차대차 - 추돌,안전운전불이행,젖음/습기,흐림,단일로 - 기타,승용,남,37세,상해없음,승용,여,56세,경상
2021100900100115,2021년 10월 9일 11시,토요일,충청남도 천안시 서북구 불당동,경상사고,0,0,2,0,차대차 - 추돌,안전운전불이행,건조,맑음,교차로 - 교차로부근,승용,남,49세,상해없음,승용,남,40세,경상
2021100900100388,2021년 10월 9일 18시,토요일,충청남도 천안시 서북구 입장면,경상사고,0,0,5,0,차대차 - 추돌,안전운전불이행,건조,맑음,교차로 - 교차로부근,이륜,남,55세,상해없음,승용,남,46세,경상
2021100900100437,2021년 10월 9일 19시,토요일,충청남도 천안시 서북구 불당동,경상사고,0,0,1,0,차대차 - 기타,신호위반,건조,맑음,교차로 - 교차로안,이륜,남,51세,경상,기타불명,기타불명,미분류,기타불명
2021100900100542,2021년 10월 9일 22시,토요일,충청남도 천안시 동남구 목천읍,경상사고,0,0,2,0,차대차 - 기타,안전운전불이행,건조,맑음,교차로 - 교차로안,화물,남,59세,기타불명,승용,남,70세,경상
2021100900100571,2021년 10월 9일 23시,토요일,충청남도 천안시 서북구 성정동,경상사고,0,0,3,0,차대차 - 측면충돌,신호위반,건조,맑음,교차로 - 교차로안,화물,남,53세,경상,승용,남,31세,경상
2021100900100572,2021년 10월 9일 23시,토요일,충청남도 천안시 서북구 백석동,경상사고,0,0,1,0,차대차 - 추돌,안전운전불이행,건조,맑음,교차로 - 교차로부근,승용,여,42세,상해없음,승용,여,27세,경상
2021101000100025,2021년 10월 10일 02시,일요일,충청남도 천안시 동남구 병천면,경상사고,0,0,2,0,차량단독 - 공작물충돌,안전운전불이행,건조,맑음,단일로 - 기타,이륜,남,16세,경상,,,,
2021101000100214,2021년 10월 10일 14시,일요일,충청남도 천안시 서북구 두정동,경상사고,0,0,1,0,차대사람 - 횡단중,신호위반,건조,맑음,교차로 - 교차로횡단보도내,이륜,남,39세,상해없음,보행자,여,66세,경상
2021101000100361,2021년 10월 10일 18시,일요일,충청남도 천안시 서북구 성정동,경상사고,0,0,1,0,차대사람 - 기타,신호위반,건조,맑음,교차로 - 교차로횡단보도내,이륜,남,31세,상해없음,보행자,여,36세,경상
2021101000100362,2021년 10월 10일 18시,일요일,충청남도 천안시 서북구 성정동,중상사고,0,1,6,0,차대차 - 기타,신호위반,젖음/습기,비,교차로 - 교차로안,승용,남,58세,경상,승합,남,58세,상해없음
2021101000100364,2021년 10월 10일 18시,일요일,충청남도 천안시 동남구 봉명동,경상사고,0,0,1,0,차대차 - 측면충돌,직진우회전진행방해,젖음/습기,비,교차로 - 교차로안,승용,여,60세,상해없음,승용,남,42세,경상
2021101000100365,2021년 10월 10일 18시,일요일,충청남도 천안시 동남구 신부동,중상사고,0,1,0,0,차대차 - 측면충돌,안전운전불이행,건조,맑음,교차로 - 교차로안,승용,남,35세,상해없음,승용,남,33세,중상
2021101000100442,2021년 10월 10일 20시,일요일,충청남도 천안시 서북구 성정동,경상사고,0,0,1,0,차대차 - 기타,안전운전불이행,젖음/습기,비,교차로 - 교차로부근,특수,남,40세,상해없음,승용,여,67세,경상
2021101000100444,2021년 10월 10일 20시,일요일,충청남도 천안시 동남구 신부동,경상사고,0,0,5,0,차대차 - 추돌,안전운전불이행,젖음/습기,비,단일로 - 기타,승용,여,41세,상해없음,승용,남,40세,경상
2021101000100445,2021년 10월 10일 20시,일요일,충청남도 천안시 동남구 원성동,경상사고,0,0,1,0,차대차 - 추돌,안전운전불이행,젖음/습기,비,단일로 - 기타,승용,남,40세,상해없음,승용,여,51세,경상
2021101000100480,2021년 10월 10일 21시,일요일,충청남도 천안시 서북구 쌍용동,경상사고,0,0,2,0,차대차 - 기타,안전운전불이행,젖음/습기,비,기타 - 기타,화물,여,69세,상해없음,승용,여,53세,경상
2021101000100546,2021년 10월 10일 23시,일요일,충청남도 천안시 동남구 청당동,경상사고,0,0,1,0,차대차 - 후진중충돌,안전운전불이행,건조,맑음,기타 - 기타,승용,남,24세,상해없음,승용,남,19세,경상
2021101100100003,2021년 10월 11일 00시,월요일,충청남도 천안시 서북구 성정동,경상사고,0,0,1,0,차대차 - 기타,안전운전불이행,건조,흐림,교차로 - 교차로안,승용,남,23세,상해없음,승용,남,48세,경상
2021101100100004,2021년 10월 11일 00시,월요일,충청남도 천안시 동남구 신부동,중상사고,0,2,0,0,차대차 - 기타,안전거리미확보,건조,맑음,교차로 - 교차로안,승용,남,33세,상해없음,승용,남,22세,중상
2021101100100223,2021년 10월 11일 14시,월요일,충청남도 천안시 동남구 신방동,경상사고,0,0,1,0,차대차 - 측면충돌,중앙선침범,건조,맑음,교차로 - 교차로부근,자전거,남,14세,경상,승용,여,47세,상해없음
2021101100100264,2021년 10월 11일 15시,월요일,충청남도 천안시 서북구 쌍용동,경상사고,0,0,1,0,차대차 - 측면충돌,안전운전불이행,건조,맑음,단일로 - 기타,승용,여,48세,상해없음,승용,남,62세,경상
2021101100100295,2021년 10월 11일 16시,월요일,충청남도 천안시 서북구 직산읍,경상사고,0,0,2,0,차대차 - 기타,안전운전불이행,건조,맑음,교차로 - 교차로부근,원동기,남,19세,상해없음,승용,남,28세,경상
2021101100100297,2021년 10월 11일 16시,월요일,충청남도 천안시 동남구 신부동,경상사고,0,0,3,0,차대차 - 추돌,안전운전불이행,건조,맑음,단일로 - 기타,승용,여,43세,경상,기타불명,여,59세,경상
2021101100100423,2021년 10월 11일 19시,월요일,충청남도 천안시 서북구 불당동,경상사고,0,0,3,0,차대차 - 측면충돌,신호위반,건조,맑음,단일로 - 기타,승용,남,23세,상해없음,승용,남,36세,경상
2021101100100469,2021년 10월 11일 20시,월요일,충청남도 천안시 서북구 백석동,경상사고,0,0,1,0,차대차 - 기타,안전운전불이행,건조,기타,교차로 - 교차로안,승용,남,56세,상해없음,승용,남,56세,경상
2021101200100057,2021년 10월 12일 07시,화요일,충청남도 천안시 서북구 불당동,경상사고,0,0,1,1,차대차 - 측면충돌,안전운전불이행,건조,맑음,단일로 - 기타,승용,여,49세,부상신고,승합,남,53세,경상
2021101200100252,2021년 10월 12일 13시,화요일,충청남도 천안시 서북구 불당동,경상사고,0,0,3,0,차대차 - 추돌,안전운전불이행,건조,맑음,교차로 - 교차로부근,승용,남,54세,상해없음,승용,여,34세,경상
2021101200100253,2021년 10월 12일 13시,화요일,충청남도 천안시 동남구 청당동,경상사고,0,0,1,0,차대차 - 기타,안전운전불이행,건조,맑음,단일로 - 기타,이륜,남,40세,경상,승용,남,42세,상해없음
2021101200100278,2021년 10월 12일 14시,화요일,충청남도 천안시 서북구 와촌동,중상사고,0,1,0,0,차대사람 - 차도통행중,안전운전불이행,건조,맑음,교차로 - 교차로부근,승합,남,65세,상해없음,보행자,여,75세,중상
2021101200100307,2021년 10월 12일 15시,화요일,충청남도 천안시 서북구 성정동,경상사고,0,0,1,0,차대차 - 기타,신호위반,젖음/습기,비,교차로 - 교차로안,승용,여,52세,상해없음,승용,남,52세,경상
2021101200100425,2021년 10월 12일 18시,화요일,충청남도 천안시 서북구 불당동,경상사고,0,0,1,0,차대차 - 측면충돌,신호위반,건조,맑음,교차로 - 교차로안,승용,남,18세,상해없음,승용,여,45세,경상
2021101200100426,2021년 10월 12일 18시,화요일,충청남도 천안시 서북구 성정동,경상사고,0,0,1,0,차대차 - 측면충돌,안전운전불이행,건조,맑음,단일로 - 기타,화물,남,32세,상해없음,승용,여,43세,경상
2021101200100510,2021년 10월 12일 20시,화요일,충청남도 천안시 서북구 쌍용동,경상사고,0,0,1,0,차대차 - 기타,안전거리미확보,건조,맑음,단일로 - 기타,승용,남,48세,상해없음,이륜,남,37세,경상
2021101200100564,2021년 10월 12일 22시,화요일,충청남도 천안시 동남구 신부동,경상사고,0,0,1,0,차대차 - 측면충돌,안전거리미확보,젖음/습기,흐림,기타 - 기타,승용,남,26세,기타불명,승용,여,26세,경상
2021101300100159,2021년 10월 13일 10시,수요일,충청남도 천안시 서북구 불당동,경상사고,0,0,1,0,차대차 - 후진중충돌,안전운전불이행,건조,맑음,교차로 - 교차로부근,승용,여,53세,상해없음,승용,남,31세,경상
2021101300100412,2021년 10월 13일 17시,수요일,충청남도 천안시 서북구 입장면,경상사고,0,0,1,0,차대사람 - 기타,중앙선침범,건조,맑음,단일로 - 기타,승용,남,56세,상해없음,보행자,남,27세,경상
2021101400100154,2021년 10월 14일 09시,목요일,충청남도 천안시 서북구 성환읍,중상사고,0,1,0,0,차대사람 - 기타,안전운전불이행,건조,맑음,교차로 - 교차로안,승용,여,48세,상해없음,보행자,여,74세,중상
2021101400100155,2021년 10월 14일 09시,목요일,충청남도 천안시 서북구 성정동,경상사고,0,0,1,0,차대차 - 기타,안전운전불이행,건조,맑음,단일로 - 기타,승용,여,33세,상해없음,승합,남,53세,상해없음
2021101400100156,2021년 10월 14일 09시,목요일,충청남도 천안시 서북구 업성동,경상사고,0,0,1,0,차대차 - 기타,안전운전불이행,건조,맑음,주차장 - 주차장,승용,남,39세,상해없음,승용,여,32세,경상
2021101400100158,2021년 10월 14일 09시,목요일,충청남도 천안시 동남구 다가동,중상사고,0,1,0,0,차대사람 - 기타,안전운전불이행,건조,맑음,단일로 - 기타,승합,남,52세,상해없음,보행자,여,68세,중상
2021101400100190,2021년 10월 14일 10시,목요일,충청남도 천안시 동남구 영성동,경상사고,0,0,2,0,차대사람 - 차도통행중,직진우회전진행방해,건조,맑음,교차로 - 교차로안,승용,남,43세,상해없음,보행자,남,81세,경상
2021101400100223,2021년 10월 14일 11시,목요일,충청남도 천안시 서북구 두정동,경상사고,0,0,1,0,차대차 - 기타,신호위반,건조,맑음,교차로 - 교차로안,이륜,남,30세,상해없음,승용,여,23세,경상
2021101400100224,2021년 10월 14일 11시,목요일,충청남도 천안시 서북구 쌍용동,경상사고,0,0,1,0,차대차 - 측면충돌,안전운전불이행,건조,맑음,단일로 - 기타,승합,남,64세,상해없음,승용,남,54세,경상
2021101400100442,2021년 10월 14일 17시,목요일,충청남도 천안시 동남구 목천읍,경상사고,0,0,1,0,차대차 - 후진중충돌,안전운전불이행,건조,맑음,단일로 - 기타,화물,남,50세,상해없음,이륜,남,27세,경상
2021101400100544,2021년 10월 14일 19시,목요일,충청남도 천안시 동남구 용곡동,중상사고,0,1,1,0,차대차 - 측면충돌,신호위반,건조,맑음,교차로 - 교차로안,이륜,남,23세,경상,승용,남,37세,중상
2021101500100033,2021년 10월 15일 06시,금요일,충청남도 천안시 동남구 수신면,경상사고,0,0,1,0,차대차 - 기타,안전운전불이행,건조,맑음,단일로 - 기타,승용,남,51세,경상,승용,남,35세,상해없음
2021101500100048,2021년 10월 15일 07시,금요일,충청남도 천안시 서북구 성환읍,중상사고,0,1,0,0,차대차 - 측면충돌,안전거리미확보,건조,맑음,교차로 - 교차로부근,승용,남,64세,상해없음,승용,남,49세,중상