사고번호,사고일시,요일,시군구,사고내용,사망자수,중상자수,경상자수,부상신고자수,사고유형,법규위반,노면상태,기상상태,도로형태,가해운전자 차종,가해운전자 성별,가해운전자 연령,가해운전자 상해정도,피해운전자 차종,피해운전자 성별,피해운전자 연령,피해운전자 상해정도
2021112500100226,2021년 11월 25일 11시,목요일,충청남도 천안시 서북구 불당동,경상사고,0,0,1,0,차대차 - 기타,안전운전불이행,건조,맑음,기타 - 기타,승용,여,54세,상해없음,자전거,남,41세,경상
2021112500100256,2021년 11월 25일 12시,목요일,충청남도 천안시 동남구 신방동,경상사고,0,0,1,0,차대차 - 추돌,안전운전불이행,건조,맑음,기타 - 기타,승용,여,55세,상해없음,승용,여,50세,경상
2021112500100326,2021년 11월 25일 14시,목요일,충청남도 천안시 서북구 성정동,중상사고,0,1,0,0,차대차 - 기타,안전운전불이행,건조,맑음,단일로 - 기타,승용,여,58세,상해없음,승용,남,61세,중상
2021112500100414,2021년 11월 25일 16시,목요일,충청남도 천안시 서북구 성정동,경상사고,0,0,1,0,차대차 - 측면충돌,교차로운행방법위반,건조,맑음,교차로 - 교차로안,승용,여,22세,상해없음,이륜,남,33세,경상
2021112500100461,2021년 11월 25일 17시,목요일,충청남도 천안시 동남구 청당동,중상사고,0,1,0,0,차대차 - 측면충돌,신호위반,건조,맑음,교차로 - 교차로안,화물,남,59세,상해없음,이륜,남,24세,중상
2021112500100519,2021년 11월 25일 18시,목요일,충청남도 천안시 동남구 신부동,경상사고,0,0,1,0,차대사람 - 기타,안전운전불이행,건조,맑음,단일로 - 기타,승용,남,65세,상해없음,보행자,여,17세,경상
2021112500100575,2021년 11월 25일 19시,목요일,충청남도 천안시 서북구 성환읍,경상사고,0,0,1,0,차대차 - 기타,교차로운행방법위반,건조,맑음,교차로 - 교차로안,승용,남,46세,상해없음,자전거,남,57세,경상
2021112500100577,2021년 11월 25일 19시,목요일,충청남도 천안시 동남구 봉명동,경상사고,0,0,1,0,차대사람 - 기타,안전운전불이행,건조,맑음,교차로 - 교차로부근,승용,여,70세,상해없음,보행자,남,59세,경상
2021112600100038,2021년 11월 26일 03시,금요일,충청남도 천안시 서북구 불당동,경상사고,0,0,2,0,차대차 - 추돌,안전운전불이행,건조,맑음,단일로 - 기타,승용,남,53세,상해없음,승용,남,29세,경상
2021112600100048,2021년 11월 26일 05시,금요일,충청남도 천안시 서북구 백석동,경상사고,0,0,1,0,차대차 - 측면충돌,직진우회전진행방해,건조,맑음,교차로 - 교차로횡단보도내,승용,여,63세,상해없음,승합,남,79세,경상
2021112600100130,2021년 11월 26일 08시,금요일,충청남도 천안시 동남구 성황동,중상사고,0,1,0,0,차대사람 - 횡단중,안전운전불이행,건조,맑음,교차로 - 교차로안,승합,남,56세,상해없음,보행자,여,77세,중상
2021112600100316,2021년 11월 26일 13시,금요일,충청남도 천안시 서북구 성거읍,경상사고,0,0,2,0,차대차 - 기타,안전운전불이행,건조,맑음,단일로 - 기타,승용,남,52세,기타불명,승용,여,38세,경상
2021112600100387,2021년 11월 26일 15시,금요일,충청남도 천안시 서북구 부대동,중상사고,0,1,0,0,차대차 - 추돌,안전운전불이행,건조,맑음,교차로 - 교차로부근,이륜,여,17세,상해없음,화물,남,43세,상해없음
2021112600100390,2021년 11월 26일 15시,금요일,충청남도 천안시 동남구 청당동,경상사고,0,0,1,0,차대차 - 측면충돌,신호위반,건조,맑음,교차로 - 교차로안,화물,남,65세,상해없음,승용,여,49세,경상
2021112600100495,2021년 11월 26일 17시,금요일,충청남도 천안시 서북구 업성동,경상사고,0,0,2,0,차대차 - 측면충돌,직진우회전진행방해,건조,맑음,교차로 - 교차로안,승용,남,29세,상해없음,승용,여,53세,경상
2021112600100566,2021년 11월 26일 18시,금요일,충청남도 천안시 서북구 두정동,경상사고,0,0,1,0,차대차 - 기타,안전거리미확보,건조,맑음,단일로 - 기타,화물,남,40세,상해없음,이륜,남,19세,경상
2021112600100567,2021년 11월 26일 18시,금요일,충청남도 천안시 서북구 쌍용동,경상사고,0,0,1,0,차대사람 - 횡단중,보행자보호의무위반,건조,맑음,교차로 - 교차로안,승용,여,46세,상해없음,보행자,남,29세,경상
2021112600100667,2021년 11월 26일 20시,금요일,충청남도 천안시 서북구 두정동,중상사고,0,1,0,0,차대차 - 측면충돌,교차로운행방법위반,건조,맑음,교차로 - 교차로부근,승용,남,30세,상해없음,이륜,남,40세,중상
2021112600100668,2021년 11월 26일 20시,금요일,충청남도 천안시 서북구 불당동,경상사고,0,0,1,0,차대차 - 측면충돌,신호위반,건조,맑음,교차로 - 교차로안,원동기,남,39세,상해없음,원동기,남,40세,경상
2021112600100698,2021년 11월 26일 21시,금요일,충청남도 천안시 서북구 백석동,경상사고,0,0,2,0,차대차 - 측면충돌,신호위반,건조,맑음,교차로 - 교차로안,승용,남,28세,상해없음,승용,여,28세,경상
2021112600100738,2021년 11월 26일 23시,금요일,충청남도 천안시 동남구 목천읍,중상사고,0,3,0,1,차대차 - 정면충돌,중앙선침범,건조,맑음,단일로 - 기타,승용,남,36세,상해없음,승용,여,51세,중상
2021112700100007,2021년 11월 27일 00시,토요일,충청남도 천안시 서북구 두정동,경상사고,0,0,1,0,차대사람 - 차도통행중,안전운전불이행,건조,맑음,단일로 - 기타,승용,남,41세,상해없음,보행자,남,23세,경상
2021112700100043,2021년 11월 27일 04시,토요일,충청남도 천안시 서북구 쌍용동,경상사고,0,0,1,0,차대차 - 정면충돌,중앙선침범,건조,맑음,단일로 - 기타,승용,남,27세,상해없음,승용,여,63세,경상
2021112700100098,2021년 11월 27일 09시,토요일,충청남도 천안시 동남구 다가동,중상사고,0,1,0,0,차대차 - 기타,중앙선침범,건조,맑음,단일로 - 기타,승용,여,39세,상해없음,승용,남,59세,중상
2021112700100141,2021년 11월 27일 10시,토요일,충청남도 천안시 동남구 목천읍,경상사고,0,0,2,0,차대차 - 기타,중앙선침범,건조,맑음,교차로 - 교차로부근,승용,남,59세,상해없음,승용,남,38세,경상
2021112700100172,2021년 11월 27일 11시,토요일,충청남도 천안시 동남구 신부동,중상사고,0,1,2,0,차대차 - 추돌,안전운전불이행,건조,맑음,교차로 - 교차로안,승용,남,33세,상해없음,승용,여,50세,경상
2021112700100299,2021년 11월 27일 14시,토요일,충청남도 천안시 동남구 신부동,경상사고,0,0,1,0,차대사람 - 차도통행중,안전운전불이행,건조,맑음,단일로 - 기타,승용,남,41세,상해없음,보행자,여,38세,경상
2021112700100338,2021년 11월 27일 15시,토요일,충청남도 천안시 서북구 불당동,경상사고,0,0,1,0,차대사람 - 기타,기타,건조,맑음,기타 - 기타,자전거,남,12세,상해없음,보행자,남,5세,경상
2021112700100468,2021년 11월 27일 18시,토요일,충청남도 천안시 동남구 신방동,경상사고,0,0,1,0,차대차 - 정면충돌,안전운전불이행,건조,맑음,단일로 - 기타,화물,남,52세,상해없음,원동기,남,22세,경상
2021112800100050,2021년 11월 28일 04시,일요일,충청남도 천안시 동남구 신부동,경상사고,0,0,2,0,차대차 - 추돌,안전운전불이행,건조,맑음,단일로 - 기타,승용,남,48세,상해없음,승용,남,24세,경상
2021112800100063,2021년 11월 28일 06시,일요일,충청남도 천안시 동남구 쌍용동,중상사고,0,1,0,0,차대차 - 기타,신호위반,건조,맑음,교차로 - 교차로안,승용,남,36세,상해없음,승용,남,46세,중상
2021112800100069,2021년 11월 28일 07시,일요일,충청남도 천안시 서북구 성환읍,경상사고,0,0,2,0,차대차 - 기타,중앙선침범,건조,맑음,교차로 - 교차로부근,승용,여,43세,상해없음,승용,남,31세,경상
2021112800100139,2021년 11월 28일 11시,일요일,충청남도 천안시 서북구 백석동,경상사고,0,0,1,0,차대차 - 추돌,안전거리미확보,건조,맑음,단일로 - 기타,승용,남,36세,상해없음,승용,남,29세,경상
2021112800100200,2021년 11월 28일 13시,일요일,충청남도 천안시 동남구 신부동,경상사고,0,0,1,0,차대차 - 후진중충돌,안전운전불이행,건조,맑음,단일로 - 기타,승용,남,24세,상해없음,승용,여,25세,경상
2021112800100201,2021년 11월 28일 13시,일요일,충청남도 천안시 동남구 유량동,중상사고,0,1,1,0,차대차 - 정면충돌,중앙선침범,건조,맑음,교차로 - 교차로부근,승용,여,70세,상해없음,승용,남,54세,경상
2021112800100235,2021년 11월 28일 14시,일요일,충청남도 천안시 서북구 두정동,경상사고,0,0,1,0,차대차 - 측면충돌,안전거리미확보,건조,맑음,교차로 - 교차로부근,승용,남,74세,상해없음,승용,여,31세,경상
2021112800100352,2021년 11월 28일 18시,일요일,충청남도 천안시 서북구 불당동,경상사고,0,0,2,0,차대차 - 측면충돌,안전운전불이행,건조,맑음,단일로 - 기타,승용,남,26세,상해없음,승용,여,64세,경상
2021112800100354,2021년 11월 28일 18시,일요일,충청남도 천안시 동남구 영성동,경상사고,0,0,3,0,차대차 - 측면충돌,안전운전불이행,건조,맑음,교차로 - 교차로안,승용,남,61세,상해없음,승합,남,57세,경상
2021112800100466,2021년 11월 28일 22시,일요일,충청남도 천안시 서북구 부대동,경상사고,0,0,1,0,차대차 - 추돌,안전운전불이행,건조,기타,교차로 - 교차로부근,승용,남,48세,상해없음,승합,남,56세,경상
2021112900100074,2021년 11월 29일 07시,월요일,충청남도 천안시 서북구 성정동,경상사고,0,0,1,0,차대사람 - 횡단중,안전운전불이행,건조,맑음,교차로 - 교차로안,승용,남,43세,상해없음,보행자,여,59세,경상
2021112900100112,2021년 11월 29일 08시,월요일,충청남도 천안시 서북구 쌍용동,경상사고,0,0,2,0,차대차 - 추돌,안전거리미확보,건조,맑음,교차로 - 교차로안,승합,남,44세,상해없음,승용,남,29세,상해없음
2021112900100116,2021년 11월 29일 08시,월요일,충청남도 천안시 동남구 청수동,사망사고,1,0,0,0,차대사람 - 횡단중,안전운전불이행,건조,맑음,단일로 - 기타,승용,남,45세,상해없음,보행자,여,83세,사망
2021112900100159,2021년 11월 29일 09시,월요일,충청남도 천안시 서북구 부대동,경상사고,0,0,1,0,차대차 - 추돌,안전운전불이행,건조,맑음,교차로 - 교차로부근,승용,여,41세,상해없음,승용,여,37세,경상
2021112900100184,2021년 11월 29일 10시,월요일,충청남도 천안시 서북구 불당동,경상사고,0,0,1,0,차대차 - 측면충돌,안전운전불이행,건조,맑음,교차로 - 교차로부근,승용,남,79세,상해없음,승용,여,42세,경상
2021112900100364,2021년 11월 29일 15시,월요일,충청남도 천안시 서북구 부대동,경상사고,0,0,1,0,차대차 - 추돌,안전거리미확보,건조,맑음,단일로 - 기타,화물,남,58세,상해없음,승용,남,74세,경상
2021112900100365,2021년 11월 29일 15시,월요일,충청남도 천안시 서북구 두정동,경상사고,0,0,1,0,차대사람 - 기타,보행자보호의무위반,건조,맑음,교차로 - 교차로부근,승용,여,38세,상해없음,보행자,남,12세,경상
2021112900100542,2021년 11월 29일 19시,월요일,충청남도 천안시 서북구 직산읍,경상사고,0,0,1,0,차대사람 - 횡단중,보행자보호의무위반,건조,맑음,교차로 - 교차로횡단보도내,승합,남,45세,상해없음,보행자,남,59세,경상
2021112900100597,2021년 11월 29일 21시,월요일,충청남도 천안시 동남구 원성동,중상사고,0,1,0,0,차대차 - 정면충돌,신호위반,건조,맑음,교차로 - 교차로안,승용,남,40세,기타불명,승합,남,53세,중상
2021113000100008,2021년 11월 30일 00시,화요일,충청남도 천안시 서북구 두정동,경상사고,0,0,1,0,차대사람 - 차도통행중,안전운전불이행,건조,맑음,단일로 - 기타,승용,남,26세,상해없음,보행자,남,29세,경상
2021113000100016,2021년 11월 30일 01시,화요일,충청남도 천안시 서북구 성정동,경상사고,0,0,1,0,차대차 - 측면충돌,안전운전불이행,건조,맑음,교차로 - 교차로부근,승용,여,41세,상해없음,승용,남,27세,경상
2021113000100098,2021년 11월 30일 07시,화요일,충청남도 천안시 동남구 신부동,중상사고,0,1,0,0,차대사람 - 기타,보행자보호의무위반,젖음/습기,비,단일로 - 기타,화물,남,45세,상해없음,보행자,여,50세,중상
2021113000100099,2021년 11월 30일 07시,화요일,충청남도 천안시 동남구 신부동,경상사고,0,0,1,0,차대차 - 측면충돌,안전거리미확보,젖음/습기,비,교차로 - 교차로부근,승용,여,28세,상해없음,승용,여,29세,경상
2021113000100144,2021년 11월 30일 08시,화요일,충청남도 천안시 동남구 청당동,경상사고,0,0,3,0,차대차 - 측면충돌,안전운전불이행,젖음/습기,비,단일로 - 기타,승용,남,43세,경상,승용,남,52세,경상
2021113000100214,2021년 11월 30일 10시,화요일,충청남도 천안시 서북구 백석동,경상사고,0,0,1,0,차대차 - 기타,안전운전불이행,젖음/습기,맑음,교차로 - 교차로부근,화물,남,55세,상해없음,승용,남,29세,경상
2021113000100216,2021년 11월 30일 10시,화요일,충청남도 천안시 동남구 신방동,경상사고,0,0,1,0,차대차 - 기타,안전거리미확보,젖음/습기,비,교차로 - 교차로부근,화물,남,39세,상해없음,승용,남,40세,경상
2021113000100306,2021년 11월 30일 13시,화요일,충청남도 천안시 서북구 두정동,경상사고,0,0,2,0,차대차 - 기타,안전운전불이행,건조,맑음,단일로 - 기타,승용,남,64세,상해없음,승용,남,22세,경상
2021113000100447,2021년 11월 30일 17시,화요일,충청남도 천안시 서북구 성성동,경상사고,0,0,1,0,차대차 - 측면충돌,안전운전불이행,젖음/습기,비,기타 - 기타,화물,남,44세,상해없음,이륜,남,42세,경상
2021113000100448,2021년 11월 30일 17시,화요일,충청남도 천안시 서북구 두정동,경상사고,0,0,1,0,차대차 - 기타,신호위반,젖음/습기,비,교차로 - 교차로안,승용,여,33세,상해없음,특수,남,20세,경상
2021113000100449,2021년 11월 30일 17시,화요일,충청남도 천안시 서북구 두정동,경상사고,0,0,1,0,차대차 - 측면충돌,안전운전불이행,젖음/습기,비,단일로 - 기타,승용,남,51세,상해없음,승용,남,24세,경상
2021113000100503,2021년 11월 30일 18시,화요일,충청남도 천안시 동남구 신방동,경상사고,0,0,1,0,차대사람 - 횡단중,안전운전불이행,젖음/습기,비,단일로 - 기타,화물,남,48세,상해없음,보행자,남,13세,경상
2021113000100622,2021년 11월 30일 21시,화요일,충청남도 천안시 서북구 쌍용동,경상사고,0,0,1,0,차대차 - 기타,안전운전불이행,젖음/습기,비,교차로 - 교차로부근,화물,여,59세,상해없음,승용,여,23세,경상
2021113000100623,2021년 11월 30일 21시,화요일,충청남도 천안시 동남구 안서동,중상사고,0,1,0,0,차대차 - 측면충돌,직진우회전진행방해,젖음/습기,비,교차로 - 교차로안,승용,남,25세,상해없음,원동기,남,28세,중상
2021113000100652,2021년 11월 30일 23시,화요일,충청남도 천안시 동남구 원성동,중상사고,0,1,2,0,차대차 - 기타,신호위반,건조,맑음,교차로 - 교차로안,승용,남,36세,상해없음,화물,남,39세,경상
2021120100100041,2021년 12월 1일 05시,수요일,충청남도 천안시 서북구 입장면,사망사고,2,5,0,0,차대차 - 측면충돌,안전거리미확보,건조,맑음,기타 - 기타,화물,남,59세,상해없음,승용,남,49세,중상
2021120100100145,2021년 12월 1일 09시,수요일,충청남도 천안시 동남구 안서동,중상사고,0,1,0,0,차대차 - 정면충돌,안전운전불이행,건조,맑음,교차로 - 교차로안,승용,여,58세,상해없음,승용,남,68세,중상
2021120100100188,2021년 12월 1일 10시,수요일,충청남도 천안시 서북구 쌍용동,중상사고,0,1,0,0,차대차 - 기타,안전운전불이행,건조,맑음,단일로 - 기타,화물,남,42세,상해없음,승용,여,53세,중상
2021120100100536,2021년 12월 1일 19시,수요일,충청남도 천안시 동남구 용곡동,경상사고,0,0,1,0,차대차 - 기타,안전거리미확보,건조,맑음,기타 - 기타,승용,남,45세,상해없음,승용,남,52세,경상
2021120200100068,2021년 12월 2일 07시,목요일,충청남도 천안시 서북구 백석동,경상사고,0,0,1,0,차대차 - 기타,안전거리미확보,건조,맑음,단일로 - 기타,승용,여,27세,기타불명,승용,남,64세,경상
2021120200100069,2021년 12월 2일 07시,목요일,충청남도 천안시 동남구 동면,중상사고,0,1,0,0,차대차 - 기타,직진우회전진행방해,건조,맑음,교차로 - 교차로안,승용,남,70세,기타불명,화물,남,59세,중상
2021120200100114,2021년 12월 2일 08시,목요일,충청남도 천안시 서북구 백석동,경상사고,0,0,1,0,차대차 - 기타,안전운전불이행,건조,맑음,교차로 - 교차로안,승용,남,68세,상해없음,승용,여,48세,경상
2021120200100276,2021년 12월 2일 13시,목요일,충청남도 천안시 서북구 두정동,경상사고,0,0,1,0,차대차 - 측면충돌,직진우회전진행방해,건조,맑음,교차로 - 교차로안,승용,여,45세,상해없음,승용,여,58세,경상
2021120200100315,2021년 12월 2일 14시,목요일,충청남도 천안시 동남구 청당동,경상사고,0,0,2,0,차대차 - 기타,중앙선침범,건조,맑음,교차로 - 교차로부근,승용,여,37세,상해없음,승용,남,37세,경상
2021120200100387,2021년 12월 2일 16시,목요일,충청남도 천안시 서북구 신당동,경상사고,0,0,1,0,차대차 - 측면충돌,직진우회전진행방해,건조,맑음,교차로 - 교차로부근,승용,남,41세,상해없음,승용,남,65세,경상
2021120200100587,2021년 12월 2일 21시,목요일,충청남도 천안시 서북구 두정동,경상사고,0,0,1,0,차대차 - 측면충돌,직진우회전진행방해,건조,맑음,교차로 - 교차로안,승용,남,30세,상해없음,이륜,남,53세,경상
2021120200100609,2021년 12월 2일 22시,목요일,충청남도 천안시 서북구 두정동,중상사고,0,1,0,0,차대차 - 기타,불법유턴,건조,맑음,단일로 - 기타,승용,남,23세,상해없음,이륜,남,32세,중상
2021120300100342,2021년 12월 3일 13시,금요일,충청남도 천안시 동남구 목천읍,경상사고,0,0,1,0,차대차 - 추돌,기타,건조,맑음,단일로 - 기타,승용,남,27세,경상,화물,남,68세,상해없음
2021120300100384,2021년 12월 3일 14시,금요일,충청남도 천안시 서북구 성정동,경상사고,0,0,2,0,차대차 - 기타,안전운전불이행,건조,기타,기타 - 기타,승용,남,59세,상해없음,승용,여,47세,경상
2021120300100620,2021년 12월 3일 19시,금요일,충청남도 천안시 서북구 성성동,경상사고,0,0,1,0,차대차 - 기타,안전운전불이행,건조,맑음,교차로 - 교차로안,화물,남,58세,상해없음,승용,남,22세,경상
2021120300100621,2021년 12월 3일 19시,금요일,충청남도 천안시 동남구 다가동,경상사고,0,0,1,0,차대차 - 측면충돌,안전운전불이행,건조,맑음,교차로 - 교차로안,승용,남,51세,상해없음,이륜,남,41세,경상
2021120300100622,2021년 12월 3일 19시,금요일,충청남도 천안시 동남구 원성동,경상사고,0,0,1,0,차대사람 - 횡단중,안전운전불이행,건조,맑음,교차로 - 교차로안,승합,남,41세,상해없음,보행자,남,45세,경상
2021120300100715,2021년 12월 3일 22시,금요일,충청남도 천안시 동남구 원성동,경상사고,0,0,1,0,차대차 - 추돌,안전운전불이행,건조,맑음,교차로 - 교차로부근,승용,남,41세,상해없음,승용,여,69세,경상
2021120400100048,2021년 12월 4일 03시,토요일,충청남도 천안시 서북구 두정동,경상사고,0,0,1,0,차대사람 - 차도통행중,안전운전불이행,건조,맑음,단일로 - 기타,승용,남,32세,상해없음,보행자,남,38세,경상
2021120400100066,2021년 12월 4일 06시,토요일,충청남도 천안시 동남구 영성동,중상사고,0,1,3,0,차대차 - 측면충돌,직진우회전진행방해,건조,맑음,교차로 - 교차로안,화물,남,57세,상해없음,승합,남,46세,경상
2021120400100129,2021년 12월 4일 10시,토요일,충청남도 천안시 서북구 두정동,중상사고,0,1,0,0,차대차 - 측면충돌,신호위반,건조,맑음,교차로 - 교차로안,승용,여,57세,상해없음,승용,여,58세,중상
2021120400100239,2021년 12월 4일 13시,토요일,충청남도 천안시 동남구 수신면,중상사고,0,2,2,0,차대차 - 추돌,안전운전불이행,건조,맑음,기타 - 기타,화물,남,29세,상해없음,승용,남,38세,중상
2021120400100325,2021년 12월 4일 16시,토요일,충청남도 천안시 동남구 봉명동,경상사고,0,0,1,0,차대차 - 추돌,안전거리미확보,건조,맑음,단일로 - 기타,이륜,남,23세,경상,승용,남,62세,상해없음
2021120400100365,2021년 12월 4일 17시,토요일,충청남도 천안시 동남구 청당동,경상사고,0,0,2,0,차대차 - 추돌,안전운전불이행,건조,맑음,단일로 - 기타,승용,남,31세,상해없음,승용,남,42세,경상
2021120400100366,2021년 12월 4일 17시,토요일,충청남도 천안시 동남구 원성동,경상사고,0,0,1,0,차대차 - 추돌,안전운전불이행,건조,맑음,교차로 - 교차로안,승용,남,50세,상해없음,승용,여,33세,경상
2021120400100406,2021년 12월 4일 18시,토요일,충청남도 천안시 서북구 백석동,경상사고,0,0,2,0,차대사람 - 보도통행중,기타,건조,맑음,단일로 - 기타,개인형이동수단(PM),남,16세,상해없음,보행자,여,27세,경상
2021120400100502,2021년 12월 4일 21시,토요일,충청남도 천안시 서북구 성정동,경상사고,0,0,2,0,차대차 - 측면충돌,안전거리미확보,건조,맑음,단일로 - 기타,화물,남,41세,상해없음,승용,여,40세,경상
2021120400100503,2021년 12월 4일 21시,토요일,충청남도 천안시 서북구 성정동,중상사고,0,1,1,0,차대차 - 기타,신호위반,건조,맑음,교차로 - 교차로안,승용,남,27세,상해없음,승용,여,48세,중상
2021120400100505,2021년 12월 4일 21시,토요일,충청남도 천안시 동남구 신방동,경상사고,0,0,4,0,차대차 - 측면충돌,안전거리미확보,건조,맑음,단일로 - 기타,승용,여,64세,상해없음,승용,남,42세,경상
2021120400100556,2021년 12월 4일 23시,토요일,충청남도 천안시 서북구 두정동,경상사고,0,0,1,0,차대차 - 기타,안전운전불이행,건조,맑음,단일로 - 기타,승용,남,43세,상해없음,승용,남,30세,기타불명
2021120500100021,2021년 12월 5일 01시,일요일,충청남도 천안시 동남구 목천읍,경상사고,0,0,1,0,차대차 - 측면충돌,신호위반,건조,맑음,교차로 - 교차로안,승용,남,27세,상해없음,승용,여,43세,경상
2021120500100109,2021년 12월 5일 10시,일요일,충청남도 천안시 서북구 불당동,사망사고,1,0,0,0,차대차 - 측면충돌,기타,건조,맑음,단일로 - 기타,이륜,남,41세,사망,승용,남,61세,상해없음
2021120500100312,2021년 12월 5일 17시,일요일,충청남도 천안시 동남구 용곡동,경상사고,0,0,1,0,차대차 - 측면충돌,안전운전불이행,건조,맑음,단일로 - 기타,승용,남,53세,상해없음,승합,남,30세,경상
2021120500100334,2021년 12월 5일 18시,일요일,충청남도 천안시 서북구 두정동,중상사고,0,1,0,0,차대차 - 측면충돌,중앙선침범,건조,맑음,단일로 - 기타,승용,남,55세,상해없음,이륜,남,29세,중상
2021120500100368,2021년 12월 5일 19시,일요일,충청남도 천안시 서북구 차암동,중상사고,0,2,1,0,차대차 - 추돌,안전운전불이행,건조,맑음,단일로 - 기타,승용,남,43세,상해없음,승용,남,36세,중상
2021120600100011,2021년 12월 6일 04시,월요일,충청남도 천안시 서북구 성정동,경상사고,0,0,4,0,차대차 - 추돌,안전운전불이행,건조,맑음,교차로 - 교차로부근,승용,남,26세,상해없음,승합,남,43세,경상
2021120600100081,2021년 12월 6일 08시,월요일,충청남도 천안시 동남구 청당동,경상사고,0,0,1,0,차대차 - 측면충돌,직진우회전진행방해,건조,맑음,교차로 - 교차로안,승용,여,39세,상해없음,승용,남,51세,경상
2021120600100122,2021년 12월 6일 09시,월요일,충청남도 천안시 서북구 성정동,경상사고,0,0,1,0,차대차 - 기타,신호위반,건조,맑음,교차로 - 교차로안,이륜,남,48세,상해없음,승용,여,51세,경상
2021120600100150,2021년 12월 6일 10시,월요일,충청남도 천안시 동남구 다가동,중상사고,0,1,0,0,차대사람 - 횡단중,안전운전불이행,건조,맑음,교차로 - 교차로안,승용,남,43세,상해없음,보행자,여,79세,중상
2021120700100023,2021년 12월 7일 01시,화요일,충청남도 천안시 서북구 성정동,경상사고,0,0,1,0,차대차 - 기타,안전운전불이행,건조,맑음,교차로 - 교차로안,승용,남,27세,상해없음,승용,여,26세,경상
2021120700100071,2021년 12월 7일 07시,화요일,충청남도 천안시 동남구 성남면,경상사고,0,0,1,0,차대차 - 측면충돌,안전거리미확보,건조,맑음,단일로 - 기타,화물,남,52세,상해없음,승용,여,27세,경상
2021120700100157,2021년 12월 7일 10시,화요일,충청남도 천안시 서북구 두정동,경상사고,0,0,1,0,차대차 - 기타,중앙선침범,건조,맑음,단일로 - 기타,승용,남,59세,상해없음,개인형이동수단(PM),남,28세,경상
2021120700100158,2021년 12월 7일 10시,화요일,충청남도 천안시 동남구 목천읍,경상사고,0,0,3,0,차대차 - 추돌,안전거리미확보,건조,맑음,단일로 - 기타,승용,남,43세,상해없음,승용,여,59세,경상
2021120700100183,2021년 12월 7일 11시,화요일,충청남도 천안시 동남구 청당동,경상사고,0,0,1,0,차대차 - 추돌,안전운전불이행,건조,맑음,단일로 - 기타,승용,남,42세,상해없음,승용,남,55세,경상
2021120700100516,2021년 12월 7일 19시,화요일,충청남도 천안시 서북구 두정동,중상사고,0,1,0,0,차대차 - 측면충돌,안전운전불이행,건조,기타,교차로 - 교차로부근,승용,남,26세,상해없음,이륜,남,50세,중상
2021120700100517,2021년 12월 7일 19시,화요일,충청남도 천안시 서북구 입장면,사망사고,1,0,0,0,차대사람 - 횡단중,안전운전불이행,건조,기타,단일로 - 기타,승용,남,34세,상해없음,보행자,여,79세,사망
2021120700100594,2021년 12월 7일 23시,화요일,충청남도 천안시 서북구 두정동,중상사고,0,1,0,0,차대사람 - 차도통행중,안전운전불이행,건조,기타,교차로 - 교차로안,승용,여,51세,상해없음,보행자,남,45세,중상
2021120800100004,2021년 12월 8일 00시,수요일,충청남도 천안시 서북구 두정동,중상사고,0,1,0,0,차대차 - 기타,교차로운행방법위반,건조,맑음,교차로 - 교차로안,승용,남,23세,기타불명,이륜,남,35세,중상
2021120800100109,2021년 12월 8일 08시,수요일,충청남도 천안시 서북구 두정동,경상사고,0,0,1,0,차대차 - 기타,안전운전불이행,건조,맑음,교차로 - 교차로부근,화물,남,56세,상해없음,승용,여,61세,경상
2021120800100265,2021년 12월 8일 13시,수요일,충청남도 천안시 서북구 성정동,경상사고,0,0,2,0,차대차 - 추돌,안전운전불이행,건조,맑음,단일로 - 기타,승용,남,53세,상해없음,승용,여,35세,경상
2021120800100302,2021년 12월 8일 14시,수요일,충청남도 천안시 서북구 성정동,경상사고,0,0,1,0,차대차 - 기타,안전운전불이행,건조,맑음,단일로 - 기타,승용,여,30세,상해없음,승합,남,56세,상해없음
2021120800100337,2021년 12월 8일 15시,수요일,충청남도 천안시 동남구 봉명동,경상사고,0,0,1,0,차대차 - 측면충돌,직진우회전진행방해,건조,맑음,교차로 - 교차로안,승용,여,56세,상해없음,승용,여,23세,경상
2021120800100422,2021년 12월 8일 17시,수요일,충청남도 천안시 서북구 두정동,경상사고,0,0,1,0,차대차 - 측면충돌,안전운전불이행,건조,맑음,교차로 - 교차로안,승용,여,66세,상해없음,승용,여,45세,경상
2021120800100423,2021년 12월 8일 17시,수요일,충청남도 천안시 서북구 불당동,중상사고,0,1,0,0,차대차 - 측면충돌,불법유턴,건조,맑음,단일로 - 기타,승용,여,48세,상해없음,이륜,남,59세,중상
2021120800100427,2021년 12월 8일 17시,수요일,충청남도 천안시 동남구 원성동,중상사고,0,1,0,0,차대차 - 측면충돌,교차로운행방법위반,건조,맑음,교차로 - 교차로안,승용,여,73세,상해없음,이륜,남,28세,중상
2021120800100474,2021년 12월 8일 18시,수요일,충청남도 천안시 서북구 백석동,경상사고,0,0,3,0,차대차 - 기타,안전운전불이행,건조,맑음,교차로 - 교차로안,승용,남,45세,상해없음,승용,남,37세,경상