사고번호,사고일시,요일,시군구,사고내용,사망자수,중상자수,경상자수,부상신고자수,사고유형,법규위반,노면상태,기상상태,도로형태,가해운전자 차종,가해운전자 성별,가해운전자 연령,가해운전자 상해정도,피해운전자 차종,피해운전자 성별,피해운전자 연령,피해운전자 상해정도
2022022700100014,2022년 2월 27일 02시,일요일,충청남도 천안시 동남구 동면,중상사고,0,1,0,0,차량단독 - 공작물충돌,안전운전불이행,건조,맑음,단일로 - 기타,승용,남,24세,상해없음,,,,
2022022700100325,2022년 2월 27일 20시,일요일,충청남도 천안시 서북구 성정동,경상사고,0,0,1,0,차대사람 - 기타,안전운전불이행,건조,맑음,단일로 - 기타,원동기,남,19세,상해없음,보행자,여,24세,경상
2022022700100359,2022년 2월 27일 22시,일요일,충청남도 천안시 서북구 성정동,중상사고,0,1,0,0,차대사람 - 기타,안전운전불이행,건조,맑음,단일로 - 기타,승용,여,22세,상해없음,보행자,남,38세,중상
2022022800100099,2022년 2월 28일 09시,월요일,충청남도 천안시 동남구 구성동,경상사고,0,0,2,0,차대차 - 측면충돌,안전운전불이행,건조,맑음,단일로 - 기타,승용,남,66세,상해없음,승용,여,46세,경상
2022022800100100,2022년 2월 28일 09시,월요일,충청남도 천안시 동남구 원성동,중상사고,0,1,1,0,차대차 - 측면충돌,기타,건조,맑음,교차로 - 교차로안,승용,여,60세,상해없음,원동기,남,53세,중상
2022022800100186,2022년 2월 28일 12시,월요일,충청남도 천안시 서북구 성성동,경상사고,0,0,1,0,차대차 - 기타,안전운전불이행,건조,맑음,기타 - 기타,승용,남,62세,상해없음,승용,여,32세,경상
2022022800100187,2022년 2월 28일 12시,월요일,충청남도 천안시 서북구 불당동,경상사고,0,0,2,0,차대차 - 기타,안전운전불이행,건조,맑음,기타 - 기타,이륜,남,45세,상해없음,화물,남,48세,경상
2022022800100213,2022년 2월 28일 13시,월요일,충청남도 천안시 동남구 쌍용동,경상사고,0,0,1,0,차대차 - 기타,안전운전불이행,건조,맑음,교차로 - 교차로부근,승용,여,59세,상해없음,승용,남,30세,경상
2022022800100252,2022년 2월 28일 14시,월요일,충청남도 천안시 서북구 성정동,경상사고,0,0,2,0,차대차 - 측면충돌,안전운전불이행,건조,맑음,교차로 - 교차로안,이륜,남,32세,경상,승합,여,35세,경상
2022022800100448,2022년 2월 28일 19시,월요일,충청남도 천안시 서북구 두정동,중상사고,0,1,0,0,차대사람 - 기타,기타,건조,맑음,단일로 - 기타,승용,남,33세,상해없음,보행자,여,52세,중상
2022030100100017,2022년 3월 1일 05시,화요일,충청남도 천안시 서북구 성환읍,경상사고,0,0,1,0,차대사람 - 횡단중,안전운전불이행,기타,기타,기타 - 기타,승합,여,62세,상해없음,보행자,여,64세,경상
2022030100100072,2022년 3월 1일 10시,화요일,충청남도 천안시 서북구 쌍용동,경상사고,0,0,1,0,차대차 - 기타,중앙선침범,건조,맑음,교차로 - 교차로부근,승용,남,71세,상해없음,이륜,남,21세,경상
2022030100100160,2022년 3월 1일 14시,화요일,충청남도 천안시 서북구 부대동,중상사고,0,1,0,0,차량단독 - 공작물충돌,안전운전불이행,건조,맑음,단일로 - 기타,이륜,남,14세,상해없음,,,,
2022030100100242,2022년 3월 1일 17시,화요일,충청남도 천안시 서북구 쌍용동,중상사고,0,1,0,0,차대사람 - 횡단중,보행자보호의무위반,건조,맑음,단일로 - 기타,자전거,남,14세,상해없음,보행자,여,50세,중상
2022030200100111,2022년 3월 2일 09시,수요일,충청남도 천안시 서북구 두정동,경상사고,0,0,1,0,차대차 - 측면충돌,안전운전불이행,건조,맑음,단일로 - 기타,화물,여,57세,상해없음,승용,남,22세,경상
2022030200100112,2022년 3월 2일 09시,수요일,충청남도 천안시 동남구 영성동,경상사고,0,0,1,0,차대사람 - 횡단중,안전운전불이행,건조,맑음,단일로 - 기타,승용,여,64세,상해없음,보행자,여,79세,경상
2022030200100139,2022년 3월 2일 10시,수요일,충청남도 천안시 동남구 북면,경상사고,0,0,1,0,차대차 - 기타,직진우회전진행방해,건조,맑음,교차로 - 교차로안,승용,여,45세,상해없음,승용,남,39세,경상
2022030200100140,2022년 3월 2일 10시,수요일,충청남도 천안시 동남구 신부동,경상사고,0,0,1,0,차대차 - 추돌,안전거리미확보,건조,맑음,단일로 - 기타,승용,남,62세,상해없음,화물,남,32세,경상
2022030200100141,2022년 3월 2일 10시,수요일,충청남도 천안시 동남구 원성동,경상사고,0,0,1,0,차대차 - 측면충돌,직진우회전진행방해,건조,맑음,교차로 - 교차로안,화물,남,61세,상해없음,승용,여,58세,경상
2022030200100293,2022년 3월 2일 15시,수요일,충청남도 천안시 서북구 백석동,경상사고,0,0,2,0,차대차 - 기타,안전거리미확보,건조,맑음,교차로 - 교차로안,승용,여,51세,상해없음,승용,여,34세,경상
2022030200100330,2022년 3월 2일 16시,수요일,충청남도 천안시 동남구 청당동,경상사고,0,0,1,0,차대차 - 측면충돌,신호위반,건조,맑음,교차로 - 교차로안,승용,남,27세,상해없음,이륜,남,16세,경상
2022030200100374,2022년 3월 2일 17시,수요일,충청남도 천안시 동남구 신부동,경상사고,0,0,1,0,차대차 - 측면충돌,교차로운행방법위반,건조,맑음,교차로 - 교차로안,승용,남,22세,상해없음,승용,여,47세,경상
2022030200100453,2022년 3월 2일 19시,수요일,충청남도 천안시 동남구 신부동,경상사고,0,0,3,0,차대차 - 측면충돌,안전거리미확보,건조,맑음,기타 - 기타,승용,남,61세,상해없음,승용,남,43세,경상
2022030200100522,2022년 3월 2일 22시,수요일,충청남도 천안시 동남구 신부동,경상사고,0,0,2,0,차대차 - 측면충돌,안전운전불이행,건조,맑음,교차로 - 교차로안,승용,남,50세,상해없음,승용,남,29세,경상
2022030300100049,2022년 3월 3일 07시,목요일,충청남도 천안시 서북구 성거읍,경상사고,0,0,1,0,차대차 - 기타,신호위반,건조,맑음,교차로 - 교차로부근,승합,남,79세,기타불명,승용,남,59세,경상
2022030300100126,2022년 3월 3일 09시,목요일,충청남도 천안시 서북구 쌍용동,중상사고,0,1,0,0,차대차 - 기타,직진우회전진행방해,건조,맑음,교차로 - 교차로안,이륜,남,82세,중상,승용,남,53세,상해없음
2022030300100173,2022년 3월 3일 11시,목요일,충청남도 천안시 서북구 성정동,경상사고,0,0,2,0,차대차 - 측면충돌,직진우회전진행방해,건조,맑음,교차로 - 교차로안,승용,남,70세,상해없음,승용,여,53세,경상
2022030300100174,2022년 3월 3일 11시,목요일,충청남도 천안시 동남구 안서동,경상사고,0,0,1,0,차대차 - 측면충돌,안전운전불이행,건조,맑음,교차로 - 교차로부근,승용,남,24세,상해없음,이륜,여,30세,경상
2022030300100448,2022년 3월 3일 20시,목요일,충청남도 천안시 서북구 성성동,중상사고,0,1,0,0,차대차 - 기타,신호위반,건조,기타,교차로 - 교차로횡단보도내,자전거,남,13세,중상,승용,남,34세,상해없음
2022030300100474,2022년 3월 3일 21시,목요일,충청남도 천안시 동남구 청당동,중상사고,0,1,0,0,차대사람 - 횡단중,안전운전불이행,건조,맑음,교차로 - 교차로안,승용,여,68세,상해없음,보행자,남,42세,중상
2022030300100475,2022년 3월 3일 21시,목요일,충청남도 천안시 동남구 삼룡동,경상사고,0,0,3,0,차대차 - 측면충돌,신호위반,건조,맑음,교차로 - 교차로안,승용,남,39세,상해없음,승용,남,44세,경상
2022030400100050,2022년 3월 4일 08시,금요일,충청남도 천안시 동남구 봉명동,경상사고,0,0,1,0,차대차 - 측면충돌,중앙선침범,건조,맑음,교차로 - 교차로부근,승용,남,73세,상해없음,승용,남,50세,경상
2022030400100110,2022년 3월 4일 11시,금요일,충청남도 천안시 서북구 성정동,경상사고,0,0,2,0,차대차 - 측면충돌,신호위반,건조,맑음,교차로 - 교차로안,이륜,남,24세,경상,화물,남,32세,경상
2022030400100255,2022년 3월 4일 16시,금요일,충청남도 천안시 서북구 불당동,경상사고,0,0,1,0,차대차 - 기타,교차로운행방법위반,건조,맑음,교차로 - 교차로안,승합,남,58세,상해없음,승용,남,45세,경상
2022030400100256,2022년 3월 4일 16시,금요일,충청남도 천안시 동남구 신부동,경상사고,0,0,1,0,차대차 - 추돌,안전운전불이행,건조,맑음,기타 - 기타,승용,남,30세,상해없음,승용,남,23세,경상
2022030400100288,2022년 3월 4일 17시,금요일,충청남도 천안시 서북구 쌍용동,경상사고,0,0,1,0,차대차 - 측면충돌,안전운전불이행,건조,맑음,단일로 - 기타,승용,남,52세,상해없음,승용,남,31세,경상
2022030400100391,2022년 3월 4일 20시,금요일,충청남도 천안시 서북구 두정동,경상사고,0,0,1,0,차대차 - 기타,안전거리미확보,건조,맑음,단일로 - 기타,승용,남,34세,상해없음,승용,남,57세,경상
2022030400100453,2022년 3월 4일 22시,금요일,충청남도 천안시 서북구 부대동,중상사고,0,1,1,0,차대차 - 측면충돌,기타,건조,맑음,단일로 - 고가도로위,승용,남,53세,상해없음,승용,여,32세,경상
2022030500100007,2022년 3월 5일 00시,토요일,충청남도 천안시 서북구 백석동,중상사고,0,2,0,0,차대차 - 추돌,안전운전불이행,건조,맑음,교차로 - 교차로부근,승용,여,47세,상해없음,승용,여,45세,중상
2022030500100025,2022년 3월 5일 04시,토요일,충청남도 천안시 서북구 신당동,중상사고,0,1,0,0,차대차 - 추돌,안전운전불이행,건조,맑음,단일로 - 기타,화물,남,22세,중상,화물,남,51세,상해없음
2022030500100134,2022년 3월 5일 11시,토요일,충청남도 천안시 서북구 불당동,경상사고,0,0,1,0,차대차 - 기타,안전운전불이행,건조,맑음,교차로 - 교차로안,승용,여,23세,상해없음,개인형이동수단(PM),남,22세,경상
2022030500100135,2022년 3월 5일 11시,토요일,충청남도 천안시 서북구 백석동,경상사고,0,0,1,0,차대차 - 추돌,안전운전불이행,건조,맑음,단일로 - 기타,화물,남,32세,상해없음,이륜,남,23세,경상
2022030500100207,2022년 3월 5일 13시,토요일,충청남도 천안시 동남구 용곡동,경상사고,0,0,1,0,차대차 - 정면충돌,안전운전불이행,건조,맑음,교차로 - 교차로안,승용,남,66세,상해없음,승용,여,29세,경상
2022030500100326,2022년 3월 5일 17시,토요일,충청남도 천안시 서북구 성성동,경상사고,0,0,1,0,차대차 - 기타,안전운전불이행,건조,맑음,단일로 - 기타,승용,기타불명,미분류,기타불명,이륜,남,29세,경상
2022030500100329,2022년 3월 5일 17시,토요일,충청남도 천안시 동남구 구룡동,경상사고,0,0,1,0,차대차 - 측면충돌,안전거리미확보,건조,맑음,단일로 - 기타,승합,남,52세,상해없음,승용,여,33세,경상
2022030500100454,2022년 3월 5일 23시,토요일,충청남도 천안시 서북구 백석동,중상사고,0,1,1,0,차대차 - 기타,안전운전불이행,건조,맑음,기타 - 기타,승용,남,37세,상해없음,승용,남,68세,경상
2022030600100094,2022년 3월 6일 12시,일요일,충청남도 천안시 서북구 불당동,중상사고,0,1,0,0,차대차 - 기타,안전운전불이행,건조,맑음,단일로 - 기타,승용,여,42세,상해없음,이륜,남,25세,중상
2022030600100095,2022년 3월 6일 12시,일요일,충청남도 천안시 동남구 청당동,경상사고,0,0,1,0,차대사람 - 횡단중,보행자보호의무위반,건조,맑음,교차로 - 교차로횡단보도내,승용,여,55세,상해없음,보행자,남,25세,경상
2022030600100141,2022년 3월 6일 14시,일요일,충청남도 천안시 서북구 신당동,경상사고,0,0,1,0,차대차 - 측면충돌,안전운전불이행,건조,맑음,단일로 - 기타,승용,여,49세,상해없음,승용,남,64세,경상
2022030600100276,2022년 3월 6일 19시,일요일,충청남도 천안시 서북구 성거읍,경상사고,0,0,1,0,차대차 - 기타,안전운전불이행,건조,맑음,기타 - 기타,승용,남,44세,상해없음,승용,남,64세,경상
2022030700100007,2022년 3월 7일 01시,월요일,충청남도 천안시 서북구 신당동,중상사고,0,1,0,0,차대차 - 기타,중앙선침범,건조,맑음,단일로 - 기타,화물,남,37세,상해없음,승용,남,37세,중상
2022030700100067,2022년 3월 7일 08시,월요일,충청남도 천안시 서북구 백석동,경상사고,0,0,1,0,차대차 - 측면충돌,안전운전불이행,건조,맑음,교차로 - 교차로횡단보도내,승용,여,32세,상해없음,승용,남,42세,경상
2022030700100068,2022년 3월 7일 08시,월요일,충청남도 천안시 서북구 와촌동,경상사고,0,0,1,0,차대차 - 기타,직진우회전진행방해,건조,맑음,교차로 - 교차로안,승용,남,49세,상해없음,승합,남,52세,상해없음
2022030700100112,2022년 3월 7일 09시,월요일,충청남도 천안시 동남구 오룡동,경상사고,0,0,2,0,차대차 - 추돌,안전운전불이행,건조,맑음,기타 - 기타,승용,여,58세,경상,화물,남,69세,경상
2022030700100142,2022년 3월 7일 10시,월요일,충청남도 천안시 서북구 두정동,경상사고,0,0,2,0,차대차 - 추돌,안전운전불이행,건조,맑음,단일로 - 기타,승용,남,53세,상해없음,승용,남,58세,경상
2022030700100272,2022년 3월 7일 16시,월요일,충청남도 천안시 동남구 봉명동,경상사고,0,0,1,0,차대차 - 후진중충돌,안전운전불이행,건조,맑음,단일로 - 기타,승합,남,55세,상해없음,승용,여,40세,경상
2022030700100293,2022년 3월 7일 17시,월요일,충청남도 천안시 서북구 성성동,경상사고,0,0,1,0,차대차 - 기타,기타,건조,맑음,단일로 - 기타,화물,남,75세,상해없음,승용,남,41세,경상
2022030700100321,2022년 3월 7일 18시,월요일,충청남도 천안시 서북구 두정동,경상사고,0,0,1,0,차대차 - 기타,신호위반,건조,맑음,단일로 - 기타,승용,남,42세,상해없음,이륜,남,22세,경상
2022030800100168,2022년 3월 8일 12시,화요일,충청남도 천안시 동남구 봉명동,경상사고,0,0,1,0,차대차 - 정면충돌,직진우회전진행방해,건조,맑음,기타 - 기타,승용,여,65세,상해없음,이륜,남,29세,경상
2022030800100219,2022년 3월 8일 14시,화요일,충청남도 천안시 서북구 백석동,중상사고,0,1,0,0,차량단독 - 기타,안전운전불이행,건조,맑음,단일로 - 기타,승합,남,34세,상해없음,,,,
2022030800100283,2022년 3월 8일 16시,화요일,충청남도 천안시 동남구 유량동,경상사고,0,0,1,0,차대차 - 기타,안전운전불이행,건조,맑음,단일로 - 기타,승용,여,63세,상해없음,자전거,남,63세,경상
2022030800100284,2022년 3월 8일 16시,화요일,충청남도 천안시 동남구 원성동,경상사고,0,0,2,0,차대차 - 기타,교차로운행방법위반,건조,맑음,단일로 - 기타,승합,남,54세,상해없음,승용,여,60세,경상
2022030800100319,2022년 3월 8일 17시,화요일,충청남도 천안시 동남구 수신면,중상사고,0,3,3,0,차대차 - 측면충돌,직진우회전진행방해,건조,맑음,교차로 - 교차로안,승합,남,25세,경상,화물,남,48세,경상
2022030800100479,2022년 3월 8일 23시,화요일,충청남도 천안시 서북구 불당동,경상사고,0,0,2,0,차대차 - 측면충돌,직진우회전진행방해,건조,맑음,교차로 - 교차로안,승용,남,36세,경상,승용,남,62세,경상
2022030900100008,2022년 3월 9일 00시,수요일,충청남도 천안시 서북구 두정동,경상사고,0,0,1,0,차대차 - 측면충돌,안전운전불이행,건조,맑음,교차로 - 교차로안,승용,남,31세,상해없음,승용,남,68세,경상
2022030900100010,2022년 3월 9일 00시,수요일,충청남도 천안시 서북구 입장면,중상사고,0,1,0,0,차대차 - 기타,안전운전불이행,건조,기타,단일로 - 기타,승용,남,60세,상해없음,화물,남,55세,상해없음
2022030900100118,2022년 3월 9일 11시,수요일,충청남도 천안시 서북구 성성동,사망사고,1,0,0,0,차대차 - 기타,안전운전불이행,건조,맑음,기타 - 기타,화물,남,50세,상해없음,이륜,남,28세,사망
2022030900100119,2022년 3월 9일 11시,수요일,충청남도 천안시 서북구 성성동,경상사고,0,0,2,0,차대차 - 측면충돌,직진우회전진행방해,건조,맑음,교차로 - 교차로안,승용,여,57세,상해없음,승용,남,68세,경상
2022030900100144,2022년 3월 9일 12시,수요일,충청남도 천안시 서북구 쌍용동,경상사고,0,0,1,0,차대차 - 기타,교차로운행방법위반,건조,맑음,교차로 - 교차로안,승용,여,54세,상해없음,이륜,남,32세,경상
2022030900100175,2022년 3월 9일 13시,수요일,충청남도 천안시 동남구 다가동,경상사고,0,0,1,0,차대사람 - 횡단중,보행자보호의무위반,건조,맑음,단일로 - 기타,승용,남,76세,상해없음,보행자,남,63세,경상
2022030900100309,2022년 3월 9일 18시,수요일,충청남도 천안시 동남구 목천읍,중상사고,0,1,0,0,차대차 - 추돌,안전운전불이행,건조,맑음,단일로 - 기타,이륜,남,31세,상해없음,자전거,남,40세,중상
2022030900100377,2022년 3월 9일 21시,수요일,충청남도 천안시 서북구 불당동,경상사고,0,0,1,0,차대차 - 추돌,안전운전불이행,건조,맑음,교차로 - 교차로부근,승용,남,33세,상해없음,승용,남,61세,경상
2022031000100154,2022년 3월 10일 11시,목요일,충청남도 천안시 서북구 쌍용동,경상사고,0,0,1,0,차대차 - 측면충돌,교차로운행방법위반,건조,맑음,교차로 - 교차로안,화물,여,47세,기타불명,원동기,남,33세,경상
2022031000100259,2022년 3월 10일 15시,목요일,충청남도 천안시 서북구 두정동,중상사고,0,1,0,0,차대차 - 정면충돌,안전운전불이행,건조,맑음,교차로 - 교차로안,승용,남,30세,상해없음,이륜,남,29세,중상
2022031000100260,2022년 3월 10일 15시,목요일,충청남도 천안시 동남구 영성동,중상사고,0,1,0,0,차대차 - 측면충돌,신호위반,건조,맑음,단일로 - 기타,승용,남,63세,상해없음,이륜,남,54세,중상
2022031000100285,2022년 3월 10일 16시,목요일,충청남도 천안시 서북구 불당동,경상사고,0,0,1,0,차대차 - 측면충돌,안전운전불이행,건조,맑음,교차로 - 교차로횡단보도내,승용,여,50세,상해없음,자전거,남,9세,경상
2022031000100314,2022년 3월 10일 17시,목요일,충청남도 천안시 서북구 백석동,중상사고,0,1,0,0,차대차 - 기타,안전거리미확보,건조,맑음,단일로 - 기타,승용,남,57세,기타불명,승용,여,30세,중상
2022031000100387,2022년 3월 10일 20시,목요일,충청남도 천안시 서북구 성정동,중상사고,0,2,0,0,차대차 - 추돌,안전운전불이행,건조,맑음,단일로 - 기타,승용,여,53세,상해없음,승용,남,50세,중상
2022031000100389,2022년 3월 10일 20시,목요일,충청남도 천안시 동남구 목천읍,경상사고,0,0,1,0,차대차 - 후진중충돌,안전운전불이행,건조,맑음,교차로 - 교차로안,승용,남,46세,상해없음,승합,남,57세,경상
2022031100100009,2022년 3월 11일 01시,금요일,충청남도 천안시 서북구 두정동,경상사고,0,0,1,0,차대사람 - 기타,안전운전불이행,건조,맑음,단일로 - 기타,승용,남,69세,기타불명,보행자,남,28세,경상
2022031100100071,2022년 3월 11일 08시,금요일,충청남도 천안시 서북구 직산읍,경상사고,0,0,3,0,차대차 - 기타,신호위반,건조,맑음,교차로 - 교차로안,승용,여,33세,경상,화물,남,54세,경상
2022031100100243,2022년 3월 11일 14시,금요일,충청남도 천안시 서북구 두정동,경상사고,0,0,1,0,차대차 - 측면충돌,신호위반,건조,맑음,교차로 - 교차로안,승용,남,39세,상해없음,이륜,남,31세,경상
2022031100100483,2022년 3월 11일 22시,금요일,충청남도 천안시 서북구 차암동,경상사고,0,0,3,0,차대차 - 기타,안전운전불이행,건조,맑음,단일로 - 기타,화물,남,28세,상해없음,승용,남,42세,경상
2022031200100077,2022년 3월 12일 10시,토요일,충청남도 천안시 동남구 광덕면,경상사고,0,0,2,0,차대차 - 측면충돌,차로위반,건조,맑음,단일로 - 기타,승용,남,49세,상해없음,승용,여,53세,경상
2022031200100172,2022년 3월 12일 13시,토요일,충청남도 천안시 동남구 병천면,중상사고,0,1,0,0,차대사람 - 기타,안전운전불이행,건조,맑음,단일로 - 기타,화물,남,51세,상해없음,보행자,여,82세,중상
2022031200100228,2022년 3월 12일 15시,토요일,충청남도 천안시 서북구 두정동,경상사고,0,0,1,0,차대차 - 기타,중앙선침범,건조,맑음,교차로 - 교차로부근,승용,남,28세,상해없음,승용,남,44세,경상
2022031200100394,2022년 3월 12일 20시,토요일,충청남도 천안시 서북구 불당동,경상사고,0,0,1,0,차대차 - 기타,안전운전불이행,건조,맑음,단일로 - 기타,승용,남,46세,상해없음,이륜,남,40세,경상
2022031200100419,2022년 3월 12일 21시,토요일,충청남도 천안시 서북구 성정동,중상사고,0,1,0,0,차대차 - 기타,안전운전불이행,건조,맑음,단일로 - 기타,승용,남,56세,상해없음,승용,남,24세,중상
2022031200100478,2022년 3월 12일 23시,토요일,충청남도 천안시 서북구 성환읍,경상사고,0,0,2,0,차대차 - 추돌,안전운전불이행,건조,맑음,단일로 - 기타,승용,남,58세,경상,승용,여,39세,경상
2022031200100479,2022년 3월 12일 23시,토요일,충청남도 천안시 서북구 두정동,경상사고,0,0,1,0,차대차 - 기타,교차로운행방법위반,건조,맑음,교차로 - 교차로안,이륜,남,49세,경상,승용,남,64세,상해없음
2022031300100006,2022년 3월 13일 00시,일요일,충청남도 천안시 동남구 신부동,경상사고,0,0,1,0,차대차 - 기타,안전운전불이행,건조,맑음,단일로 - 기타,승용,남,29세,상해없음,이륜,남,24세,경상
2022031300100087,2022년 3월 13일 12시,일요일,충청남도 천안시 동남구 원성동,경상사고,0,0,2,0,차대차 - 추돌,차로위반,기타,비,기타 - 기타,승용,남,62세,경상,승용,남,37세,경상
2022031300100139,2022년 3월 13일 14시,일요일,충청남도 천안시 서북구 성정동,경상사고,0,0,1,0,차대차 - 측면충돌,신호위반,젖음/습기,비,교차로 - 교차로안,승용,남,32세,상해없음,원동기,남,34세,경상
2022031300100179,2022년 3월 13일 16시,일요일,충청남도 천안시 동남구 광덕면,경상사고,0,0,2,0,차대차 - 추돌,안전거리미확보,건조,맑음,단일로 - 터널,승용,남,65세,상해없음,승용,여,51세,경상
2022031300100252,2022년 3월 13일 19시,일요일,충청남도 천안시 서북구 직산읍,경상사고,0,0,1,0,차대차 - 측면충돌,중앙선침범,건조,맑음,단일로 - 기타,승용,남,45세,상해없음,승용,여,51세,경상
2022031300100253,2022년 3월 13일 19시,일요일,충청남도 천안시 서북구 업성동,경상사고,0,0,1,0,차대차 - 측면충돌,안전운전불이행,젖음/습기,비,교차로 - 교차로안,승용,남,55세,상해없음,승용,남,30세,경상
2022031300100284,2022년 3월 13일 20시,일요일,충청남도 천안시 동남구 구성동,경상사고,0,0,1,0,차대차 - 측면충돌,안전거리미확보,건조,맑음,단일로 - 기타,승용,여,51세,상해없음,승용,여,53세,경상
2022031400100178,2022년 3월 14일 12시,월요일,충청남도 천안시 동남구 대흥동,중상사고,0,1,1,0,차대사람 - 횡단중,신호위반,건조,맑음,교차로 - 교차로안,승용,남,61세,상해없음,보행자,여,23세,경상
2022031400100179,2022년 3월 14일 12시,월요일,충청남도 천안시 동남구 원성동,경상사고,0,0,2,0,차대차 - 측면충돌,안전운전불이행,건조,맑음,단일로 - 기타,승용,여,58세,상해없음,승용,남,40세,경상
2022031400100297,2022년 3월 14일 17시,월요일,충청남도 천안시 동남구 용곡동,경상사고,0,0,1,0,차대차 - 정면충돌,직진우회전진행방해,건조,맑음,교차로 - 교차로안,특수,남,28세,상해없음,승용,여,49세,경상
2022031400100391,2022년 3월 14일 20시,월요일,충청남도 천안시 서북구 성정동,경상사고,0,0,3,0,차대차 - 추돌,안전운전불이행,젖음/습기,흐림,교차로 - 교차로부근,승용,남,34세,상해없음,승용,남,26세,경상
2022031400100415,2022년 3월 14일 21시,월요일,충청남도 천안시 서북구 불당동,경상사고,0,0,2,0,차대차 - 기타,안전운전불이행,건조,맑음,교차로 - 교차로부근,승용,남,18세,상해없음,승용,여,43세,경상
2022031400100444,2022년 3월 14일 23시,월요일,충청남도 천안시 서북구 성정동,경상사고,0,0,1,0,차대사람 - 횡단중,안전운전불이행,건조,맑음,교차로 - 교차로안,승용,여,37세,상해없음,보행자,남,45세,경상
2022031500100028,2022년 3월 15일 06시,화요일,충청남도 천안시 동남구 풍세면,중상사고,0,1,0,1,차대차 - 정면충돌,교차로운행방법위반,건조,맑음,교차로 - 교차로안,승용,여,53세,부상신고,화물,남,63세,중상
2022031500100159,2022년 3월 15일 11시,화요일,충청남도 천안시 서북구 쌍용동,경상사고,0,0,1,0,차대차 - 추돌,안전운전불이행,건조,맑음,교차로 - 교차로부근,승용,여,67세,상해없음,승용,여,52세,경상
2022031500100235,2022년 3월 15일 14시,화요일,충청남도 천안시 서북구 쌍용동,경상사고,0,0,1,0,차대차 - 추돌,안전운전불이행,건조,맑음,교차로 - 교차로부근,승용,여,42세,상해없음,승용,남,50세,경상
2022031500100341,2022년 3월 15일 18시,화요일,충청남도 천안시 서북구 백석동,경상사고,0,0,2,0,차대차 - 측면충돌,직진우회전진행방해,건조,맑음,교차로 - 교차로안,승용,남,47세,상해없음,승용,남,30세,경상
2022031500100373,2022년 3월 15일 19시,화요일,충청남도 천안시 서북구 입장면,경상사고,0,0,1,0,차대차 - 기타,차로위반,건조,맑음,단일로 - 기타,화물,남,64세,상해없음,승용,남,52세,경상
2022031600100003,2022년 3월 16일 00시,수요일,충청남도 천안시 서북구 쌍용동,경상사고,0,0,1,0,차대차 - 기타,안전운전불이행,건조,맑음,교차로 - 교차로부근,승용,남,32세,기타불명,승용,여,21세,경상
2022031600100009,2022년 3월 16일 01시,수요일,충청남도 천안시 동남구 구룡동,경상사고,0,0,1,0,차량단독 - 기타,안전운전불이행,건조,맑음,단일로 - 기타,승용,남,27세,경상,,,,
2022031600100052,2022년 3월 16일 07시,수요일,충청남도 천안시 동남구 봉명동,경상사고,0,0,1,0,차대사람 - 보도통행중,안전운전불이행,건조,맑음,단일로 - 기타,승용,남,71세,기타불명,보행자,여,24세,경상
2022031600100351,2022년 3월 16일 18시,수요일,충청남도 천안시 동남구 용곡동,경상사고,0,0,1,0,차대차 - 측면충돌,안전운전불이행,건조,맑음,교차로 - 교차로안,승용,남,77세,상해없음,이륜,남,26세,경상
2022031600100376,2022년 3월 16일 19시,수요일,충청남도 천안시 서북구 성거읍,경상사고,0,0,1,0,차대사람 - 길가장자리구역통행중,안전운전불이행,건조,맑음,교차로 - 교차로부근,승용,남,24세,상해없음,보행자,남,56세,경상
2022031600100398,2022년 3월 16일 20시,수요일,충청남도 천안시 서북구 쌍용동,경상사고,0,0,2,0,차대차 - 추돌,안전운전불이행,건조,맑음,교차로 - 교차로부근,승용,남,35세,상해없음,승용,남,45세,경상
2022031600100461,2022년 3월 16일 23시,수요일,충청남도 천안시 서북구 성정동,중상사고,0,1,1,0,차대차 - 정면충돌,중앙선침범,건조,맑음,단일로 - 기타,승용,남,41세,상해없음,승용,남,66세,경상
2022031700100018,2022년 3월 17일 03시,목요일,충청남도 천안시 서북구 성환읍,사망사고,1,0,0,0,차대사람 - 기타,안전운전불이행,건조,맑음,단일로 - 기타,승용,남,68세,상해없음,보행자,남,57세,사망
2022031700100172,2022년 3월 17일 13시,목요일,충청남도 천안시 동남구 신부동,중상사고,0,1,0,0,차대차 - 측면충돌,안전운전불이행,건조,맑음,단일로 - 기타,화물,남,46세,상해없음,이륜,남,21세,중상
2022031700100259,2022년 3월 17일 17시,목요일,충청남도 천안시 서북구 두정동,경상사고,0,0,1,0,차대차 - 기타,안전운전불이행,건조,맑음,기타 - 기타,승용,남,41세,상해없음,승용,여,41세,경상
2022031700100297,2022년 3월 17일 18시,목요일,충청남도 천안시 서북구 두정동,경상사고,0,0,1,0,차대차 - 측면충돌,신호위반,젖음/습기,흐림,교차로 - 교차로안,승용,남,31세,상해없음,승용,남,26세,경상
2022031700100345,2022년 3월 17일 19시,목요일,충청남도 천안시 서북구 불당동,경상사고,0,0,2,0,차대차 - 기타,안전운전불이행,건조,맑음,단일로 - 고가도로위,승용,여,52세,상해없음,이륜,남,25세,경상
2022031800100057,2022년 3월 18일 08시,금요일,충청남도 천안시 동남구 신부동,중상사고,0,1,0,0,차대사람 - 횡단중,안전운전불이행,건조,맑음,교차로 - 교차로부근,승용,남,69세,기타불명,보행자,여,18세,중상