사고번호,사고일시,요일,시군구,사고내용,사망자수,중상자수,경상자수,부상신고자수,사고유형,법규위반,노면상태,기상상태,도로형태,가해운전자 차종,가해운전자 성별,가해운전자 연령,가해운전자 상해정도,피해운전자 차종,피해운전자 성별,피해운전자 연령,피해운전자 상해정도
2022031800100122,2022년 3월 18일 12시,금요일,충청남도 천안시 서북구 백석동,경상사고,0,0,1,0,차대차 - 기타,신호위반,건조,맑음,기타 - 기타,이륜,남,20세,상해없음,승용,남,34세,경상
2022031900100066,2022년 3월 19일 09시,토요일,충청남도 천안시 서북구 백석동,경상사고,0,0,1,0,차대차 - 추돌,안전운전불이행,건조,맑음,교차로 - 교차로부근,승용,남,33세,상해없음,승용,여,57세,경상
2022031900100087,2022년 3월 19일 10시,토요일,충청남도 천안시 서북구 불당동,경상사고,0,0,1,0,차대차 - 측면충돌,안전거리미확보,건조,맑음,단일로 - 기타,승용,여,56세,상해없음,승용,여,42세,경상
2022031900100257,2022년 3월 19일 16시,토요일,충청남도 천안시 동남구 목천읍,중상사고,0,1,0,0,차대차 - 측면충돌,중앙선침범,건조,맑음,기타 - 기타,승용,여,25세,상해없음,승용,남,76세,중상
2022031900100281,2022년 3월 19일 17시,토요일,충청남도 천안시 서북구 두정동,경상사고,0,0,1,0,차대차 - 기타,안전운전불이행,건조,맑음,교차로 - 교차로부근,승용,남,71세,상해없음,승용,남,21세,경상
2022031900100358,2022년 3월 19일 20시,토요일,충청남도 천안시 서북구 두정동,경상사고,0,0,1,0,차대차 - 측면충돌,안전거리미확보,젖음/습기,비,교차로 - 교차로부근,승용,남,56세,상해없음,이륜,남,39세,경상
2022031900100359,2022년 3월 19일 20시,토요일,충청남도 천안시 서북구 직산읍,경상사고,0,0,1,0,차대차 - 측면충돌,안전운전불이행,건조,맑음,단일로 - 기타,승용,남,53세,상해없음,승용,여,34세,상해없음
2022032000100063,2022년 3월 20일 11시,일요일,충청남도 천안시 서북구 성정동,중상사고,0,1,1,0,차대차 - 정면충돌,중앙선침범,건조,맑음,단일로 - 기타,승용,남,26세,상해없음,승용,남,49세,중상
2022032000100099,2022년 3월 20일 13시,일요일,충청남도 천안시 서북구 쌍용동,경상사고,0,0,2,0,차대차 - 측면충돌,안전운전불이행,건조,맑음,단일로 - 고가도로위,승용,남,44세,상해없음,이륜,남,38세,경상
2022032000100193,2022년 3월 20일 17시,일요일,충청남도 천안시 동남구 광덕면,경상사고,0,0,7,0,차대차 - 추돌,안전거리미확보,건조,맑음,단일로 - 기타,승용,남,33세,상해없음,승용,남,69세,경상
2022032000100232,2022년 3월 20일 19시,일요일,충청남도 천안시 서북구 신당동,경상사고,0,0,2,0,차대차 - 기타,안전운전불이행,건조,맑음,단일로 - 기타,기타불명,기타불명,미분류,기타불명,특수,남,26세,경상
2022032000100292,2022년 3월 20일 22시,일요일,충청남도 천안시 서북구 성정동,중상사고,0,1,0,0,차량단독 - 공작물충돌,안전운전불이행,건조,맑음,단일로 - 기타,승용,남,40세,상해없음,,,,
2022032000100293,2022년 3월 20일 22시,일요일,충청남도 천안시 서북구 쌍용동,경상사고,0,0,2,0,차대차 - 측면충돌,안전운전불이행,건조,맑음,교차로 - 교차로부근,승용,남,51세,상해없음,승용,남,53세,경상
2022032100100010,2022년 3월 21일 01시,월요일,충청남도 천안시 서북구 성정동,경상사고,0,0,1,0,차대차 - 측면충돌,신호위반,건조,맑음,교차로 - 교차로안,승용,남,20세,상해없음,승용,여,28세,경상
2022032100100011,2022년 3월 21일 01시,월요일,충청남도 천안시 서북구 성정동,중상사고,0,1,0,0,차대차 - 측면충돌,신호위반,건조,맑음,교차로 - 교차로부근,승용,여,20세,상해없음,이륜,남,28세,중상
2022032100100023,2022년 3월 21일 05시,월요일,충청남도 천안시 서북구 두정동,중상사고,0,2,0,0,차대차 - 기타,중앙선침범,건조,맑음,단일로 - 기타,승용,남,24세,상해없음,승용,여,61세,중상
2022032100100042,2022년 3월 21일 07시,월요일,충청남도 천안시 동남구 수신면,경상사고,0,0,1,0,차대차 - 측면충돌,직진우회전진행방해,건조,맑음,교차로 - 교차로안,승용,남,47세,상해없음,승용,남,37세,경상
2022032100100218,2022년 3월 21일 14시,월요일,충청남도 천안시 동남구 다가동,사망사고,1,0,0,0,차량단독 - 전도전복 - 전도,안전운전불이행,건조,맑음,단일로 - 기타,이륜,남,57세,사망,,,,
2022032100100355,2022년 3월 21일 19시,월요일,충청남도 천안시 동남구 목천읍,중상사고,0,1,0,0,차대차 - 추돌,안전운전불이행,건조,맑음,단일로 - 기타,이륜,남,61세,중상,화물,남,58세,상해없음
2022032100100373,2022년 3월 21일 20시,월요일,충청남도 천안시 서북구 쌍용동,경상사고,0,0,1,0,차대차 - 기타,직진우회전진행방해,건조,맑음,교차로 - 교차로안,승용,남,41세,상해없음,자전거,남,39세,경상
2022032100100394,2022년 3월 21일 21시,월요일,충청남도 천안시 서북구 불당동,경상사고,0,0,2,0,차대차 - 추돌,안전운전불이행,건조,맑음,단일로 - 기타,승용,남,39세,상해없음,승용,여,30세,경상
2022032100100409,2022년 3월 21일 22시,월요일,충청남도 천안시 서북구 성정동,경상사고,0,0,1,0,차대사람 - 횡단중,신호위반,건조,맑음,교차로 - 교차로부근,승용,남,42세,상해없음,보행자,남,36세,경상
2022032200100096,2022년 3월 22일 10시,화요일,충청남도 천안시 서북구 성정동,경상사고,0,0,2,0,차대차 - 측면충돌,안전거리미확보,건조,맑음,단일로 - 기타,승용,남,76세,상해없음,승용,남,21세,경상
2022032200100097,2022년 3월 22일 10시,화요일,충청남도 천안시 서북구 직산읍,중상사고,0,2,0,0,차대차 - 기타,안전운전불이행,건조,맑음,교차로 - 교차로안,승용,여,61세,상해없음,승용,여,38세,중상
2022032200100362,2022년 3월 22일 19시,화요일,충청남도 천안시 동남구 신부동,경상사고,0,0,1,0,차대차 - 추돌,안전운전불이행,건조,맑음,교차로 - 교차로부근,승용,남,25세,상해없음,승용,남,62세,경상
2022032200100409,2022년 3월 22일 21시,화요일,충청남도 천안시 서북구 두정동,경상사고,0,0,3,0,차대차 - 기타,안전운전불이행,건조,맑음,교차로 - 교차로횡단보도내,개인형이동수단(PM),남,45세,상해없음,승용,여,29세,경상
2022032200100444,2022년 3월 22일 23시,화요일,충청남도 천안시 서북구 성정동,경상사고,0,0,1,0,차대차 - 기타,교차로운행방법위반,건조,맑음,교차로 - 교차로안,승용,남,23세,상해없음,이륜,남,35세,경상
2022032300100164,2022년 3월 23일 12시,수요일,충청남도 천안시 동남구 신부동,경상사고,0,0,3,0,차대차 - 정면충돌,직진우회전진행방해,건조,맑음,교차로 - 교차로안,승용,여,50세,경상,승용,여,23세,경상
2022032300100181,2022년 3월 23일 13시,수요일,충청남도 천안시 서북구 쌍용동,경상사고,0,0,1,0,차대차 - 기타,안전운전불이행,건조,맑음,교차로 - 교차로부근,승용,남,49세,상해없음,승용,여,48세,경상
2022032300100182,2022년 3월 23일 13시,수요일,충청남도 천안시 서북구 성정동,경상사고,0,0,1,0,차대사람 - 횡단중,안전운전불이행,건조,맑음,단일로 - 기타,승용,남,27세,상해없음,보행자,남,37세,경상
2022032300100253,2022년 3월 23일 16시,수요일,충청남도 천안시 서북구 불당동,경상사고,0,0,1,0,차대차 - 기타,안전운전불이행,건조,맑음,기타 - 기타,이륜,남,25세,상해없음,자전거,남,16세,경상
2022032300100288,2022년 3월 23일 17시,수요일,충청남도 천안시 동남구 유량동,경상사고,0,0,2,0,차대차 - 측면충돌,교차로운행방법위반,건조,맑음,단일로 - 기타,승용,여,42세,상해없음,승용,남,28세,경상
2022032300100320,2022년 3월 23일 18시,수요일,충청남도 천안시 서북구 불당동,경상사고,0,0,2,0,차대차 - 기타,교차로운행방법위반,건조,맑음,교차로 - 교차로안,이륜,남,16세,경상,승용,여,43세,경상
2022032300100321,2022년 3월 23일 18시,수요일,충청남도 천안시 서북구 백석동,경상사고,0,0,1,1,차대차 - 측면충돌,안전운전불이행,건조,맑음,교차로 - 교차로안,승용,여,26세,상해없음,특수,남,30세,경상
2022032300100355,2022년 3월 23일 19시,수요일,충청남도 천안시 서북구 성정동,경상사고,0,0,1,0,차대차 - 측면충돌,안전운전불이행,건조,맑음,단일로 - 기타,승용,여,60세,상해없음,이륜,남,39세,경상
2022032300100443,2022년 3월 23일 23시,수요일,충청남도 천안시 서북구 불당동,경상사고,0,0,3,0,차대차 - 추돌,안전운전불이행,건조,맑음,교차로 - 교차로부근,승용,남,40세,상해없음,승용,남,29세,경상
2022032400100188,2022년 3월 24일 13시,목요일,충청남도 천안시 서북구 불당동,경상사고,0,0,1,0,차대차 - 측면충돌,직진우회전진행방해,건조,맑음,교차로 - 교차로안,승용,여,61세,상해없음,승용,여,42세,경상
2022032400100349,2022년 3월 24일 18시,목요일,충청남도 천안시 동남구 청수동,경상사고,0,0,1,0,차대사람 - 횡단중,신호위반,건조,맑음,교차로 - 교차로안,이륜,남,60세,상해없음,보행자,남,13세,경상
2022032500100070,2022년 3월 25일 08시,금요일,충청남도 천안시 서북구 불당동,경상사고,0,0,1,0,차대차 - 측면충돌,교차로운행방법위반,건조,맑음,교차로 - 교차로안,승용,여,38세,상해없음,승용,남,41세,경상
2022032500100119,2022년 3월 25일 10시,금요일,충청남도 천안시 서북구 직산읍,경상사고,0,0,1,0,차대차 - 기타,안전운전불이행,건조,맑음,단일로 - 기타,건설기계,남,63세,상해없음,승용,여,40세,경상
2022032500100143,2022년 3월 25일 11시,금요일,충청남도 천안시 서북구 불당동,경상사고,0,0,3,0,차대차 - 측면충돌,기타,건조,맑음,단일로 - 기타,승용,남,23세,경상,승용,여,46세,경상
2022032500100179,2022년 3월 25일 12시,금요일,충청남도 천안시 서북구 불당동,중상사고,0,1,0,0,차대사람 - 횡단중,보행자보호의무위반,건조,맑음,교차로 - 교차로횡단보도내,승용,남,30세,상해없음,보행자,여,66세,중상
2022032500100180,2022년 3월 25일 12시,금요일,충청남도 천안시 동남구 목천읍,경상사고,0,0,1,0,차대사람 - 횡단중,안전운전불이행,건조,맑음,기타 - 기타,승용,여,53세,기타불명,보행자,남,57세,경상
2022032500100262,2022년 3월 25일 15시,금요일,충청남도 천안시 서북구 성정동,경상사고,0,0,1,0,차대차 - 측면충돌,안전운전불이행,건조,맑음,단일로 - 기타,건설기계,남,34세,상해없음,승용,남,35세,경상
2022032500100319,2022년 3월 25일 17시,금요일,충청남도 천안시 동남구 신부동,경상사고,0,0,1,0,차대차 - 추돌,안전운전불이행,건조,맑음,기타 - 기타,화물,남,64세,상해없음,이륜,남,22세,경상
2022032500100408,2022년 3월 25일 19시,금요일,충청남도 천안시 서북구 성정동,경상사고,0,0,1,0,차대차 - 후진중충돌,안전운전불이행,건조,맑음,교차로 - 교차로안,승용,여,31세,상해없음,승용,남,33세,경상
2022032500100454,2022년 3월 25일 20시,금요일,충청남도 천안시 서북구 쌍용동,경상사고,0,0,1,0,차대사람 - 횡단중,안전운전불이행,젖음/습기,비,단일로 - 기타,이륜,남,22세,상해없음,보행자,여,56세,경상
2022032500100501,2022년 3월 25일 21시,금요일,충청남도 천안시 동남구 신부동,경상사고,0,0,1,0,차대차 - 측면충돌,안전운전불이행,젖음/습기,비,교차로 - 교차로부근,승용,남,61세,상해없음,승용,여,41세,경상
2022032500100607,2022년 3월 25일 23시,금요일,충청남도 천안시 서북구 성정동,경상사고,0,0,3,0,차대차 - 추돌,안전운전불이행,젖음/습기,비,교차로 - 교차로부근,승용,남,36세,상해없음,이륜,남,57세,경상
2022032500100608,2022년 3월 25일 23시,금요일,충청남도 천안시 서북구 백석동,경상사고,0,0,4,0,차대차 - 추돌,안전운전불이행,젖음/습기,비,교차로 - 교차로부근,승용,남,44세,상해없음,승용,여,36세,경상
2022032500100609,2022년 3월 25일 23시,금요일,충청남도 천안시 서북구 성정동,경상사고,0,0,1,0,차대차 - 추돌,안전운전불이행,건조,맑음,교차로 - 교차로부근,승용,여,59세,상해없음,화물,남,59세,경상
2022032600100139,2022년 3월 26일 11시,토요일,충청남도 천안시 동남구 신부동,경상사고,0,0,2,0,차대차 - 기타,안전운전불이행,건조,맑음,교차로 - 교차로부근,화물,남,55세,상해없음,승용,남,34세,경상
2022032600100164,2022년 3월 26일 12시,토요일,충청남도 천안시 서북구 불당동,경상사고,0,0,1,0,차대차 - 측면충돌,안전거리미확보,건조,맑음,단일로 - 기타,승용,여,49세,상해없음,승용,여,37세,경상
2022032600100186,2022년 3월 26일 13시,토요일,충청남도 천안시 서북구 쌍용동,경상사고,0,0,1,0,차대차 - 추돌,안전운전불이행,건조,맑음,교차로 - 교차로부근,승용,남,39세,상해없음,승용,남,62세,경상
2022032600100305,2022년 3월 26일 17시,토요일,충청남도 천안시 서북구 성성동,경상사고,0,0,1,0,차대차 - 측면충돌,신호위반,건조,흐림,교차로 - 교차로안,승용,남,63세,상해없음,원동기,남,31세,경상
2022032600100376,2022년 3월 26일 20시,토요일,충청남도 천안시 동남구 청당동,경상사고,0,0,2,0,차대차 - 측면충돌,안전운전불이행,건조,맑음,단일로 - 기타,이륜,남,17세,상해없음,승합,여,60세,경상
2022032700100064,2022년 3월 27일 10시,일요일,충청남도 천안시 서북구 성정동,경상사고,0,0,1,0,차량단독 - 기타,기타,건조,맑음,단일로 - 기타,승합,남,61세,상해없음,,,,
2022032700100083,2022년 3월 27일 11시,일요일,충청남도 천안시 동남구 풍세면,경상사고,0,0,1,0,차대차 - 기타,신호위반,건조,맑음,단일로 - 기타,승용,여,69세,상해없음,승용,남,50세,경상
2022032700100264,2022년 3월 27일 18시,일요일,충청남도 천안시 서북구 두정동,경상사고,0,0,1,0,차대사람 - 횡단중,안전운전불이행,건조,맑음,단일로 - 기타,승용,남,43세,상해없음,보행자,남,24세,경상
2022032700100290,2022년 3월 27일 19시,일요일,충청남도 천안시 서북구 성정동,경상사고,0,0,1,0,차대차 - 기타,신호위반,건조,맑음,기타 - 기타,승용,여,26세,경상,승용,남,68세,상해없음
2022032700100319,2022년 3월 27일 20시,일요일,충청남도 천안시 서북구 두정동,경상사고,0,0,1,0,차대차 - 기타,안전운전불이행,건조,맑음,교차로 - 교차로부근,승용,여,49세,상해없음,승용,남,30세,상해없음
2022032700100320,2022년 3월 27일 20시,일요일,충청남도 천안시 서북구 직산읍,경상사고,0,0,1,0,차대차 - 측면충돌,직진우회전진행방해,건조,맑음,교차로 - 교차로안,승용,남,36세,상해없음,이륜,남,22세,경상
2022032800100024,2022년 3월 28일 06시,월요일,충청남도 천안시 서북구 두정동,경상사고,0,0,1,0,차대차 - 기타,안전거리미확보,건조,맑음,교차로 - 교차로안,승용,남,20세,상해없음,승용,남,75세,경상
2022032800100045,2022년 3월 28일 07시,월요일,충청남도 천안시 서북구 성거읍,경상사고,0,0,1,0,차대차 - 측면충돌,교차로운행방법위반,건조,맑음,교차로 - 교차로안,승용,남,32세,상해없음,승용,남,31세,경상
2022032800100078,2022년 3월 28일 08시,월요일,충청남도 천안시 동남구 신부동,경상사고,0,0,1,0,차대차 - 측면충돌,교차로운행방법위반,건조,맑음,교차로 - 교차로안,승용,여,40세,기타불명,승용,여,32세,경상
2022032800100105,2022년 3월 28일 09시,월요일,충청남도 천안시 동남구 용곡동,경상사고,0,0,1,0,차대차 - 측면충돌,교차로운행방법위반,건조,맑음,교차로 - 교차로안,화물,남,61세,상해없음,승용,여,32세,경상
2022032800100135,2022년 3월 28일 10시,월요일,충청남도 천안시 동남구 수신면,경상사고,0,0,1,0,차대차 - 추돌,안전운전불이행,건조,맑음,교차로 - 교차로부근,화물,남,58세,상해없음,화물,남,59세,경상
2022032800100200,2022년 3월 28일 12시,월요일,충청남도 천안시 서북구 두정동,경상사고,0,0,1,0,차대사람 - 기타,기타,건조,맑음,교차로 - 교차로부근,승합,남,59세,상해없음,보행자,여,60세,경상
2022032800100201,2022년 3월 28일 12시,월요일,충청남도 천안시 동남구 신부동,경상사고,0,0,1,0,차대차 - 측면충돌,교차로운행방법위반,건조,맑음,교차로 - 교차로안,승용,남,77세,기타불명,승용,여,42세,경상
2022032800100224,2022년 3월 28일 13시,월요일,충청남도 천안시 동남구 삼룡동,경상사고,0,0,1,0,차대차 - 정면충돌,기타,건조,맑음,기타 - 기타,화물,남,61세,상해없음,승용,여,53세,경상
2022032800100280,2022년 3월 28일 15시,월요일,충청남도 천안시 동남구 봉명동,경상사고,0,0,2,0,차대차 - 기타,안전운전불이행,건조,맑음,단일로 - 기타,승용,여,36세,상해없음,승용,여,48세,경상
2022032800100445,2022년 3월 28일 20시,월요일,충청남도 천안시 서북구 쌍용동,경상사고,0,0,1,0,차대차 - 기타,중앙선침범,건조,맑음,단일로 - 기타,승용,남,26세,상해없음,승용,남,64세,상해없음
2022032800100468,2022년 3월 28일 22시,월요일,충청남도 천안시 동남구 문화동,경상사고,0,0,1,0,차대차 - 측면충돌,신호위반,건조,맑음,교차로 - 교차로안,승용,남,56세,기타불명,이륜,남,27세,경상
2022032800100487,2022년 3월 28일 23시,월요일,충청남도 천안시 서북구 성정동,경상사고,0,0,2,0,차대차 - 측면충돌,안전운전불이행,건조,맑음,단일로 - 기타,승용,남,39세,상해없음,승용,남,37세,경상
2022032900100022,2022년 3월 29일 05시,화요일,충청남도 천안시 동남구 목천읍,경상사고,0,0,1,0,차대차 - 측면충돌,신호위반,건조,맑음,교차로 - 교차로안,승용,남,47세,상해없음,승용,남,28세,경상
2022032900100035,2022년 3월 29일 07시,화요일,충청남도 천안시 동남구 목천읍,경상사고,0,0,4,0,차대차 - 추돌,안전운전불이행,건조,맑음,교차로 - 교차로안,승합,남,50세,상해없음,승용,여,56세,경상
2022032900100085,2022년 3월 29일 09시,화요일,충청남도 천안시 서북구 입장면,경상사고,0,0,1,0,차대차 - 기타,안전운전불이행,건조,맑음,단일로 - 기타,특수,남,62세,기타불명,승용,남,29세,경상
2022032900100118,2022년 3월 29일 10시,화요일,충청남도 천안시 동남구 구룡동,중상사고,0,1,2,0,차대차 - 추돌,안전거리미확보,건조,맑음,교차로 - 교차로부근,화물,남,64세,경상,화물,남,49세,경상
2022032900100119,2022년 3월 29일 10시,화요일,충청남도 천안시 동남구 오룡동,경상사고,0,0,1,0,차대차 - 측면충돌,신호위반,건조,맑음,단일로 - 기타,승용,남,62세,상해없음,승용,남,71세,경상
2022032900100349,2022년 3월 29일 17시,화요일,충청남도 천안시 서북구 쌍용동,경상사고,0,0,1,0,차대차 - 측면충돌,안전운전불이행,건조,맑음,교차로 - 교차로부근,승용,남,32세,상해없음,승용,여,75세,경상
2022032900100477,2022년 3월 29일 21시,화요일,충청남도 천안시 서북구 성정동,중상사고,0,1,0,0,차대차 - 기타,안전운전불이행,건조,맑음,단일로 - 기타,승용,남,49세,기타불명,이륜,남,38세,중상
2022033000100397,2022년 3월 30일 19시,수요일,충청남도 천안시 서북구 쌍용동,경상사고,0,0,1,0,차대차 - 기타,안전운전불이행,건조,맑음,기타 - 기타,승용,남,65세,상해없음,승용,여,22세,경상
2022033000100398,2022년 3월 30일 19시,수요일,충청남도 천안시 서북구 두정동,경상사고,0,0,3,1,차대차 - 측면충돌,신호위반,건조,맑음,교차로 - 교차로부근,이륜,남,33세,부상신고,승용,여,43세,경상
2022033000100423,2022년 3월 30일 20시,수요일,충청남도 천안시 서북구 불당동,경상사고,0,0,1,0,차대차 - 추돌,안전운전불이행,젖음/습기,비,단일로 - 기타,승합,남,56세,상해없음,승용,남,29세,경상
2022033000100487,2022년 3월 30일 23시,수요일,충청남도 천안시 서북구 성정동,경상사고,0,0,2,0,차대차 - 측면충돌,안전운전불이행,건조,맑음,교차로 - 교차로안,승용,여,27세,상해없음,승용,남,30세,경상
2022033100100354,2022년 3월 31일 18시,목요일,충청남도 천안시 서북구 직산읍,경상사고,0,0,1,0,차대차 - 측면충돌,안전거리미확보,건조,맑음,교차로 - 교차로부근,승용,남,69세,상해없음,승용,여,33세,경상
2022040100100126,2022년 4월 1일 10시,금요일,충청남도 천안시 서북구 성정동,경상사고,0,0,2,0,차대차 - 기타,안전운전불이행,건조,맑음,단일로 - 기타,승용,남,26세,상해없음,승용,남,44세,경상
2022040100100127,2022년 4월 1일 10시,금요일,충청남도 천안시 동남구 북면,중상사고,0,3,0,0,차대차 - 정면충돌,중앙선침범,건조,맑음,단일로 - 기타,승용,여,66세,중상,화물,남,62세,중상
2022040100100154,2022년 4월 1일 11시,금요일,충청남도 천안시 서북구 성환읍,중상사고,0,1,2,0,차대사람 - 차도통행중,안전운전불이행,건조,맑음,단일로 - 기타,승용,남,38세,상해없음,보행자,여,64세,경상
2022040100100181,2022년 4월 1일 12시,금요일,충청남도 천안시 서북구 두정동,경상사고,0,0,1,0,차량단독 - 공작물충돌,안전운전불이행,건조,맑음,단일로 - 기타,승용,남,54세,상해없음,,,,
2022040100100334,2022년 4월 1일 17시,금요일,충청남도 천안시 서북구 불당동,중상사고,0,1,0,0,차대사람 - 보도통행중,안전운전불이행,건조,맑음,단일로 - 기타,개인형이동수단(PM),여,17세,상해없음,보행자,여,44세,중상
2022040100100337,2022년 4월 1일 17시,금요일,충청남도 천안시 동남구 다가동,경상사고,0,0,1,0,차대차 - 측면충돌,안전운전불이행,건조,맑음,단일로 - 기타,승용,여,59세,상해없음,승용,남,24세,경상
2022040100100338,2022년 4월 1일 17시,금요일,충청남도 천안시 동남구 구성동,경상사고,0,0,1,0,차대차 - 측면충돌,직진우회전진행방해,건조,맑음,교차로 - 교차로안,승용,남,21세,상해없음,승용,여,30세,경상
2022040100100382,2022년 4월 1일 18시,금요일,충청남도 천안시 동남구 신부동,중상사고,0,1,0,0,차대차 - 측면충돌,신호위반,건조,맑음,단일로 - 기타,승용,여,49세,상해없음,이륜,남,19세,중상
2022040100100457,2022년 4월 1일 20시,금요일,충청남도 천안시 서북구 불당동,경상사고,0,0,1,0,차대차 - 측면충돌,안전운전불이행,건조,맑음,교차로 - 교차로안,이륜,남,20세,상해없음,이륜,남,36세,경상
2022040100100501,2022년 4월 1일 21시,금요일,충청남도 천안시 서북구 부대동,중상사고,0,1,1,0,차대차 - 기타,안전운전불이행,건조,맑음,단일로 - 기타,승용,여,51세,상해없음,승용,여,27세,경상
2022040200100011,2022년 4월 2일 00시,토요일,충청남도 천안시 동남구 동면,경상사고,0,0,1,0,차대차 - 추돌,차로위반,건조,맑음,기타 - 기타,승합,남,46세,기타불명,이륜,남,31세,경상
2022040200100149,2022년 4월 2일 11시,토요일,충청남도 천안시 서북구 성정동,경상사고,0,0,1,0,차대차 - 기타,안전거리미확보,건조,맑음,단일로 - 기타,기타불명,기타불명,미분류,기타불명,승용,남,53세,상해없음
2022040200100151,2022년 4월 2일 11시,토요일,충청남도 천안시 동남구 원성동,중상사고,0,1,0,0,차대차 - 추돌,안전운전불이행,건조,맑음,교차로 - 교차로부근,이륜,여,42세,중상,승용,남,62세,상해없음
2022040200100188,2022년 4월 2일 12시,토요일,충청남도 천안시 서북구 두정동,경상사고,0,0,1,0,차대차 - 추돌,안전운전불이행,건조,맑음,교차로 - 교차로부근,승용,여,22세,상해없음,승용,남,39세,경상
2022040200100189,2022년 4월 2일 12시,토요일,충청남도 천안시 서북구 성거읍,경상사고,0,0,2,0,차대차 - 추돌,안전운전불이행,건조,맑음,단일로 - 기타,승용,남,60세,상해없음,승용,남,33세,경상
2022040200100230,2022년 4월 2일 13시,토요일,충청남도 천안시 서북구 쌍용동,중상사고,0,1,0,0,차대사람 - 기타,안전운전불이행,건조,맑음,기타 - 기타,승용,남,54세,상해없음,보행자,남,34세,중상
2022040200100263,2022년 4월 2일 14시,토요일,충청남도 천안시 동남구 청수동,경상사고,0,0,4,0,차대차 - 측면충돌,교차로운행방법위반,건조,맑음,단일로 - 기타,승용,남,36세,상해없음,승용,남,20세,경상
2022040200100298,2022년 4월 2일 15시,토요일,충청남도 천안시 서북구 쌍용동,경상사고,0,0,1,0,차량단독 - 기타,안전운전불이행,건조,맑음,기타 - 기타,승용,남,52세,경상,,,,
2022040200100452,2022년 4월 2일 19시,토요일,충청남도 천안시 동남구 목천읍,경상사고,0,0,2,0,차대차 - 기타,안전운전불이행,건조,맑음,단일로 - 기타,승용,여,60세,경상,승용,남,43세,경상
2022040300100007,2022년 4월 3일 00시,일요일,충청남도 천안시 동남구 신방동,경상사고,0,0,1,0,차대차 - 추돌,안전운전불이행,건조,맑음,단일로 - 기타,승용,여,35세,상해없음,승용,남,27세,경상
2022040300100052,2022년 4월 3일 09시,일요일,충청남도 천안시 동남구 성남면,중상사고,0,3,1,0,차대차 - 추돌,안전운전불이행,건조,맑음,단일로 - 기타,승용,남,38세,상해없음,승용,남,42세,중상
2022040300100082,2022년 4월 3일 11시,일요일,충청남도 천안시 동남구 봉명동,경상사고,0,0,1,0,차대차 - 측면충돌,차로위반,건조,맑음,단일로 - 기타,승용,남,49세,상해없음,이륜,남,30세,경상
2022040300100108,2022년 4월 3일 12시,일요일,충청남도 천안시 동남구 영성동,경상사고,0,0,1,0,차대사람 - 기타,안전운전불이행,건조,맑음,단일로 - 기타,화물,남,68세,상해없음,보행자,남,55세,경상
2022040300100177,2022년 4월 3일 14시,일요일,충청남도 천안시 동남구 신부동,경상사고,0,0,1,0,차대사람 - 기타,안전운전불이행,건조,맑음,교차로 - 교차로부근,승용,남,30세,기타불명,보행자,남,31세,경상
2022040300100178,2022년 4월 3일 14시,일요일,충청남도 천안시 동남구 신부동,경상사고,0,0,2,0,차대차 - 측면충돌,불법유턴,건조,맑음,단일로 - 기타,승용,남,37세,상해없음,승용,여,42세,경상
2022040300100309,2022년 4월 3일 18시,일요일,충청남도 천안시 서북구 불당동,경상사고,0,0,2,0,차대차 - 추돌,안전운전불이행,건조,맑음,교차로 - 교차로부근,승용,남,22세,상해없음,승용,남,29세,경상
2022040300100341,2022년 4월 3일 19시,일요일,충청남도 천안시 서북구 불당동,중상사고,0,1,0,0,차대차 - 추돌,안전운전불이행,건조,맑음,교차로 - 교차로부근,승용,남,36세,상해없음,이륜,남,29세,중상
2022040300100425,2022년 4월 3일 23시,일요일,충청남도 천안시 서북구 성정동,경상사고,0,0,3,0,차대차 - 추돌,안전운전불이행,건조,맑음,단일로 - 기타,승용,남,38세,상해없음,승용,남,30세,경상
2022040400100045,2022년 4월 4일 06시,월요일,충청남도 천안시 동남구 신부동,중상사고,0,1,1,0,차대차 - 정면충돌,안전운전불이행,건조,맑음,교차로 - 교차로안,승용,여,42세,상해없음,승용,남,33세,중상
2022040400100227,2022년 4월 4일 12시,월요일,충청남도 천안시 서북구 백석동,경상사고,0,0,1,0,차대차 - 기타,안전운전불이행,건조,맑음,단일로 - 기타,승용,남,62세,상해없음,승합,여,55세,경상
2022040400100228,2022년 4월 4일 12시,월요일,충청남도 천안시 서북구 성정동,경상사고,0,0,1,0,차대차 - 측면충돌,중앙선침범,건조,맑음,교차로 - 교차로부근,이륜,남,30세,경상,승용,여,49세,상해없음
2022040400100308,2022년 4월 4일 15시,월요일,충청남도 천안시 서북구 성정동,경상사고,0,0,1,0,차대사람 - 기타,안전운전불이행,건조,맑음,단일로 - 기타,승용,여,21세,상해없음,보행자,남,28세,경상
2022040400100346,2022년 4월 4일 16시,월요일,충청남도 천안시 동남구 성남면,중상사고,0,1,0,0,차대차 - 정면충돌,안전운전불이행,건조,맑음,단일로 - 기타,이륜,남,61세,중상,화물,남,73세,상해없음
2022040400100347,2022년 4월 4일 16시,월요일,충청남도 천안시 동남구 신부동,경상사고,0,0,4,0,차대차 - 측면충돌,교차로운행방법위반,건조,맑음,교차로 - 교차로부근,승합,남,54세,상해없음,승용,남,58세,상해없음