사고번호,사고일시,요일,시군구,사고내용,사망자수,중상자수,경상자수,부상신고자수,사고유형,법규위반,노면상태,기상상태,도로형태,가해운전자 차종,가해운전자 성별,가해운전자 연령,가해운전자 상해정도,피해운전자 차종,피해운전자 성별,피해운전자 연령,피해운전자 상해정도
2022040400100419,2022년 4월 4일 18시,월요일,충청남도 천안시 서북구 두정동,중상사고,0,1,1,0,차대차 - 정면충돌,안전운전불이행,건조,맑음,교차로 - 교차로안,승용,여,26세,상해없음,이륜,남,24세,중상
2022040400100420,2022년 4월 4일 18시,월요일,충청남도 천안시 서북구 두정동,경상사고,0,0,1,0,차대차 - 추돌,안전운전불이행,건조,맑음,교차로 - 교차로부근,승용,남,26세,상해없음,승용,남,71세,경상
2022040400100461,2022년 4월 4일 19시,월요일,충청남도 천안시 서북구 성정동,중상사고,0,1,1,0,차대차 - 기타,안전운전불이행,건조,맑음,기타 - 기타,승용,남,63세,상해없음,이륜,남,25세,중상
2022040400100536,2022년 4월 4일 23시,월요일,충청남도 천안시 서북구 성거읍,경상사고,0,0,1,0,차대차 - 추돌,안전운전불이행,건조,맑음,교차로 - 교차로부근,화물,남,56세,상해없음,승용,남,48세,경상
2022040500100021,2022년 4월 5일 02시,화요일,충청남도 천안시 서북구 쌍용동,경상사고,0,0,1,0,차대차 - 추돌,안전운전불이행,건조,맑음,교차로 - 교차로부근,승용,남,41세,상해없음,승용,남,44세,경상
2022040500100182,2022년 4월 5일 11시,화요일,충청남도 천안시 동남구 사직동,경상사고,0,0,2,0,차대차 - 기타,안전운전불이행,건조,맑음,단일로 - 기타,화물,남,47세,상해없음,승용,남,31세,경상
2022040500100221,2022년 4월 5일 12시,화요일,충청남도 천안시 서북구 두정동,중상사고,0,1,1,0,차대차 - 측면충돌,교차로운행방법위반,건조,맑음,교차로 - 교차로안,이륜,남,37세,중상,승용,남,31세,경상
2022040500100253,2022년 4월 5일 13시,화요일,충청남도 천안시 서북구 두정동,경상사고,0,0,1,0,차대사람 - 기타,안전운전불이행,건조,맑음,단일로 - 기타,이륜,남,38세,상해없음,보행자,여,41세,경상
2022040500100348,2022년 4월 5일 16시,화요일,충청남도 천안시 서북구 불당동,경상사고,0,0,1,0,차대차 - 추돌,안전운전불이행,건조,맑음,단일로 - 기타,승용,남,33세,상해없음,승용,남,30세,경상
2022040500100453,2022년 4월 5일 19시,화요일,충청남도 천안시 서북구 두정동,경상사고,0,0,1,0,차대차 - 기타,안전운전불이행,건조,맑음,기타 - 기타,이륜,남,26세,상해없음,이륜,남,28세,경상
2022040500100454,2022년 4월 5일 19시,화요일,충청남도 천안시 서북구 백석동,경상사고,0,0,1,0,차대차 - 기타,안전운전불이행,건조,맑음,교차로 - 교차로부근,승용,남,32세,상해없음,이륜,남,29세,경상
2022040500100476,2022년 4월 5일 20시,화요일,충청남도 천안시 서북구 성정동,경상사고,0,0,1,0,차대차 - 기타,안전운전불이행,건조,맑음,단일로 - 기타,승용,남,68세,상해없음,이륜,여,22세,경상
2022040500100530,2022년 4월 5일 22시,화요일,충청남도 천안시 서북구 직산읍,경상사고,0,0,1,0,차대차 - 추돌,안전운전불이행,건조,맑음,교차로 - 교차로안,승용,남,39세,상해없음,승용,남,38세,경상
2022040500100556,2022년 4월 5일 23시,화요일,충청남도 천안시 서북구 백석동,경상사고,0,0,1,0,차대차 - 기타,안전운전불이행,건조,맑음,단일로 - 기타,승용,남,22세,상해없음,이륜,남,38세,경상
2022040600100218,2022년 4월 6일 13시,수요일,충청남도 천안시 동남구 목천읍,중상사고,0,1,0,0,차량단독 - 기타,안전운전불이행,건조,맑음,교차로 - 교차로부근,승합,남,53세,상해없음,,,,
2022040600100400,2022년 4월 6일 18시,수요일,충청남도 천안시 서북구 입장면,경상사고,0,0,2,0,차대차 - 정면충돌,중앙선침범,건조,맑음,단일로 - 기타,승용,여,33세,경상,승용,남,41세,경상
2022040600100401,2022년 4월 6일 18시,수요일,충청남도 천안시 동남구 다가동,경상사고,0,0,1,0,차대차 - 정면충돌,안전운전불이행,건조,맑음,단일로 - 기타,승용,여,36세,상해없음,승용,여,32세,경상
2022040600100440,2022년 4월 6일 19시,수요일,충청남도 천안시 서북구 성정동,경상사고,0,0,1,0,차대차 - 측면충돌,기타,건조,맑음,교차로 - 교차로안,이륜,남,39세,경상,승용,여,26세,상해없음
2022040600100474,2022년 4월 6일 20시,수요일,충청남도 천안시 서북구 쌍용동,경상사고,0,0,1,0,차대차 - 정면충돌,안전운전불이행,건조,맑음,단일로 - 기타,승용,남,26세,상해없음,이륜,남,53세,경상
2022040600100475,2022년 4월 6일 20시,수요일,충청남도 천안시 동남구 봉명동,중상사고,0,1,0,0,차대차 - 측면충돌,중앙선침범,건조,맑음,단일로 - 기타,승합,남,27세,상해없음,이륜,남,37세,중상
2022040600100520,2022년 4월 6일 22시,수요일,충청남도 천안시 서북구 백석동,경상사고,0,0,2,0,차대차 - 추돌,안전운전불이행,건조,맑음,단일로 - 기타,승용,남,56세,상해없음,승용,남,46세,경상
2022040700100118,2022년 4월 7일 09시,목요일,충청남도 천안시 동남구 원성동,중상사고,0,1,0,0,차대차 - 측면충돌,교차로운행방법위반,건조,맑음,교차로 - 교차로안,이륜,여,60세,중상,화물,남,67세,상해없음
2022040700100204,2022년 4월 7일 12시,목요일,충청남도 천안시 동남구 영성동,중상사고,0,2,0,0,차대차 - 측면충돌,기타,건조,맑음,단일로 - 기타,화물,남,68세,상해없음,승용,남,66세,중상
2022040700100205,2022년 4월 7일 12시,목요일,충청남도 천안시 동남구 다가동,경상사고,0,0,2,0,차대차 - 측면충돌,불법유턴,건조,맑음,단일로 - 기타,승용,남,30세,상해없음,승용,남,37세,경상
2022040700100467,2022년 4월 7일 19시,목요일,충청남도 천안시 서북구 백석동,경상사고,0,0,1,0,차대차 - 기타,신호위반,건조,맑음,교차로 - 교차로안,승용,여,67세,상해없음,승용,여,52세,경상
2022040700100573,2022년 4월 7일 23시,목요일,충청남도 천안시 동남구 성남면,경상사고,0,0,1,0,차대차 - 측면충돌,안전운전불이행,건조,맑음,단일로 - 기타,승용,남,60세,상해없음,화물,남,56세,경상
2022040800100043,2022년 4월 8일 06시,금요일,충청남도 천안시 서북구 성정동,경상사고,0,0,1,0,차대차 - 기타,신호위반,건조,맑음,교차로 - 교차로안,승용,남,64세,상해없음,승용,남,26세,경상
2022040800100285,2022년 4월 8일 14시,금요일,충청남도 천안시 서북구 불당동,경상사고,0,0,1,0,차대차 - 추돌,안전운전불이행,건조,맑음,단일로 - 기타,승합,남,30세,상해없음,승용,여,39세,경상
2022040800100286,2022년 4월 8일 14시,금요일,충청남도 천안시 동남구 목천읍,경상사고,0,0,2,0,차대차 - 측면충돌,안전운전불이행,건조,맑음,교차로 - 교차로안,승용,여,60세,경상,이륜,남,53세,경상
2022040800100544,2022년 4월 8일 19시,금요일,충청남도 천안시 서북구 두정동,경상사고,0,0,1,0,차대차 - 측면충돌,안전거리미확보,건조,맑음,단일로 - 기타,이륜,남,51세,상해없음,승용,남,58세,경상
2022040800100604,2022년 4월 8일 20시,금요일,충청남도 천안시 서북구 백석동,경상사고,0,0,1,0,차대차 - 기타,안전운전불이행,건조,맑음,교차로 - 교차로안,승용,남,41세,상해없음,이륜,여,21세,경상
2022040800100605,2022년 4월 8일 20시,금요일,충청남도 천안시 서북구 성정동,경상사고,0,0,1,0,차대차 - 기타,안전운전불이행,건조,맑음,교차로 - 교차로안,승용,남,28세,상해없음,승용,남,67세,경상
2022040900100254,2022년 4월 9일 13시,토요일,충청남도 천안시 동남구 원성동,경상사고,0,0,1,0,차대차 - 기타,신호위반,건조,맑음,교차로 - 교차로안,승용,남,68세,상해없음,이륜,남,17세,경상
2022040900100303,2022년 4월 9일 14시,토요일,충청남도 천안시 동남구 문화동,경상사고,0,0,1,0,차대차 - 측면충돌,직진우회전진행방해,건조,맑음,교차로 - 교차로안,화물,남,55세,상해없음,이륜,남,35세,경상
2022040900100351,2022년 4월 9일 15시,토요일,충청남도 천안시 동남구 신부동,경상사고,0,0,1,0,차대차 - 추돌,안전거리미확보,건조,맑음,단일로 - 기타,승용,남,33세,상해없음,승합,남,50세,경상
2022040900100390,2022년 4월 9일 16시,토요일,충청남도 천안시 서북구 쌍용동,사망사고,1,0,0,0,차대사람 - 기타,안전운전불이행,건조,맑음,교차로 - 교차로횡단보도내,화물,남,61세,상해없음,보행자,남,67세,사망
2022040900100435,2022년 4월 9일 17시,토요일,충청남도 천안시 서북구 두정동,경상사고,0,0,1,0,차대사람 - 길가장자리구역통행중,안전운전불이행,건조,맑음,단일로 - 기타,승용,남,57세,상해없음,보행자,여,41세,경상
2022041000100010,2022년 4월 10일 00시,일요일,충청남도 천안시 서북구 두정동,경상사고,0,0,1,0,차대사람 - 길가장자리구역통행중,안전운전불이행,건조,맑음,단일로 - 기타,승용,남,23세,상해없음,보행자,남,24세,경상
2022041000100216,2022년 4월 10일 14시,일요일,충청남도 천안시 서북구 성거읍,경상사고,0,0,1,0,차대사람 - 기타,안전운전불이행,건조,맑음,단일로 - 기타,기타불명,기타불명,미분류,기타불명,보행자,여,63세,경상
2022041000100282,2022년 4월 10일 16시,일요일,충청남도 천안시 서북구 성거읍,중상사고,0,1,0,0,차대차 - 측면충돌,안전운전불이행,건조,맑음,교차로 - 교차로안,승용,남,50세,상해없음,이륜,남,37세,중상
2022041000100319,2022년 4월 10일 17시,일요일,충청남도 천안시 동남구 원성동,경상사고,0,0,1,0,차대사람 - 기타,보행자보호의무위반,건조,맑음,단일로 - 기타,승용,남,28세,상해없음,보행자,남,5세,경상
2022041000100347,2022년 4월 10일 18시,일요일,충청남도 천안시 서북구 쌍용동,경상사고,0,0,4,0,차대차 - 기타,안전운전불이행,건조,맑음,단일로 - 기타,승합,남,51세,기타불명,승용,여,27세,경상
2022041000100365,2022년 4월 10일 19시,일요일,충청남도 천안시 서북구 직산읍,중상사고,0,1,0,0,차대차 - 측면충돌,안전운전불이행,건조,맑음,교차로 - 교차로부근,승용,여,26세,상해없음,원동기,남,42세,중상
2022041100100005,2022년 4월 11일 00시,월요일,충청남도 천안시 서북구 두정동,경상사고,0,0,1,0,차대사람 - 기타,보행자보호의무위반,건조,맑음,교차로 - 교차로횡단보도내,승용,남,30세,상해없음,보행자,여,28세,경상
2022041100100175,2022년 4월 11일 10시,월요일,충청남도 천안시 서북구 불당동,경상사고,0,0,1,0,차대차 - 기타,신호위반,건조,맑음,교차로 - 교차로안,승용,여,64세,상해없음,개인형이동수단(PM),여,22세,경상
2022041100100176,2022년 4월 11일 10시,월요일,충청남도 천안시 서북구 백석동,경상사고,0,0,1,0,차대차 - 측면충돌,교차로운행방법위반,건조,맑음,교차로 - 교차로부근,화물,남,52세,상해없음,승용,여,46세,경상
2022041100100204,2022년 4월 11일 11시,월요일,충청남도 천안시 동남구 봉명동,경상사고,0,0,1,0,차대사람 - 횡단중,보행자보호의무위반,건조,맑음,교차로 - 교차로횡단보도내,승용,여,42세,상해없음,보행자,여,70세,경상
2022041100100233,2022년 4월 11일 12시,월요일,충청남도 천안시 서북구 쌍용동,경상사고,0,0,1,0,차대차 - 기타,직진우회전진행방해,건조,맑음,교차로 - 교차로안,승용,남,35세,상해없음,이륜,남,55세,경상
2022041100100234,2022년 4월 11일 12시,월요일,충청남도 천안시 서북구 직산읍,중상사고,0,1,0,0,차대차 - 추돌,안전운전불이행,건조,맑음,단일로 - 기타,승용,남,53세,상해없음,화물,남,54세,중상
2022041100100342,2022년 4월 11일 15시,월요일,충청남도 천안시 동남구 북면,중상사고,0,1,1,0,차대차 - 추돌,안전운전불이행,건조,맑음,단일로 - 기타,승용,여,71세,상해없음,특수,남,46세,중상
2022041100100382,2022년 4월 11일 16시,월요일,충청남도 천안시 동남구 신부동,중상사고,0,1,0,0,차대사람 - 횡단중,안전운전불이행,건조,맑음,단일로 - 기타,승용,남,38세,상해없음,보행자,여,14세,중상
2022041100100423,2022년 4월 11일 17시,월요일,충청남도 천안시 동남구 청당동,경상사고,0,0,1,0,차대차 - 추돌,안전운전불이행,건조,맑음,단일로 - 기타,승용,남,46세,상해없음,승용,남,53세,경상
2022041100100498,2022년 4월 11일 19시,월요일,충청남도 천안시 동남구 삼룡동,경상사고,0,0,1,0,차대차 - 추돌,안전운전불이행,건조,맑음,단일로 - 기타,화물,남,54세,상해없음,승용,여,34세,경상
2022041200100066,2022년 4월 12일 07시,화요일,충청남도 천안시 서북구 쌍용동,경상사고,0,0,1,0,차대사람 - 기타,기타,건조,맑음,단일로 - 기타,기타불명,기타불명,미분류,기타불명,보행자,여,23세,경상
2022041200100097,2022년 4월 12일 08시,화요일,충청남도 천안시 동남구 목천읍,경상사고,0,0,1,0,차대차 - 추돌,안전운전불이행,건조,맑음,기타 - 기타,승용,여,44세,상해없음,승용,남,67세,경상
2022041200100340,2022년 4월 12일 16시,화요일,충청남도 천안시 서북구 성정동,경상사고,0,0,1,0,차대사람 - 차도통행중,안전운전불이행,건조,맑음,교차로 - 교차로부근,승용,여,51세,상해없음,보행자,남,65세,경상
2022041200100342,2022년 4월 12일 16시,화요일,충청남도 천안시 동남구 성황동,경상사고,0,0,1,0,차대사람 - 횡단중,안전운전불이행,건조,맑음,교차로 - 교차로부근,승용,남,47세,상해없음,보행자,여,12세,경상
2022041200100382,2022년 4월 12일 17시,화요일,충청남도 천안시 서북구 백석동,경상사고,0,0,3,0,차대차 - 추돌,안전거리미확보,건조,맑음,교차로 - 교차로부근,승용,여,43세,경상,화물,남,62세,경상
2022041200100384,2022년 4월 12일 17시,화요일,충청남도 천안시 동남구 쌍용동,경상사고,0,0,1,0,차대사람 - 길가장자리구역통행중,안전운전불이행,건조,맑음,단일로 - 기타,화물,남,71세,상해없음,보행자,남,25세,경상
2022041200100385,2022년 4월 12일 17시,화요일,충청남도 천안시 동남구 안서동,경상사고,0,0,1,0,차대차 - 추돌,안전운전불이행,건조,맑음,단일로 - 기타,승용,남,57세,상해없음,승용,여,40세,경상
2022041200100429,2022년 4월 12일 18시,화요일,충청남도 천안시 동남구 신부동,경상사고,0,0,1,0,차대사람 - 기타,안전운전불이행,건조,맑음,기타 - 기타,승용,여,51세,기타불명,보행자,여,22세,경상
2022041200100519,2022년 4월 12일 21시,화요일,충청남도 천안시 동남구 원성동,중상사고,0,1,0,0,차대차 - 추돌,안전운전불이행,건조,맑음,교차로 - 교차로부근,화물,남,42세,상해없음,승용,여,56세,중상
2022041200100568,2022년 4월 12일 23시,화요일,충청남도 천안시 서북구 성정동,경상사고,0,0,1,0,차대차 - 측면충돌,안전운전불이행,건조,맑음,교차로 - 교차로부근,승용,남,32세,상해없음,승용,남,62세,경상
2022041300100172,2022년 4월 13일 11시,수요일,충청남도 천안시 동남구 신방동,경상사고,0,0,1,0,차대차 - 측면충돌,안전거리미확보,젖음/습기,비,단일로 - 기타,승용,남,70세,상해없음,승용,여,58세,경상
2022041300100440,2022년 4월 13일 19시,수요일,충청남도 천안시 동남구 신부동,경상사고,0,0,1,0,차대차 - 기타,안전운전불이행,젖음/습기,비,단일로 - 기타,승용,남,53세,상해없음,승용,여,24세,경상
2022041300100468,2022년 4월 13일 20시,수요일,충청남도 천안시 동남구 목천읍,경상사고,0,0,1,0,차대차 - 측면충돌,안전운전불이행,젖음/습기,비,교차로 - 교차로안,승용,여,53세,경상,승용,남,58세,상해없음
2022041300100540,2022년 4월 13일 22시,수요일,충청남도 천안시 서북구 백석동,경상사고,0,0,1,0,차대차 - 추돌,안전운전불이행,젖음/습기,비,교차로 - 교차로부근,승용,여,33세,경상,승용,남,51세,상해없음
2022041400100009,2022년 4월 14일 00시,목요일,충청남도 천안시 동남구 봉명동,경상사고,0,0,1,0,차대차 - 기타,안전거리미확보,젖음/습기,비,교차로 - 교차로부근,승용,남,29세,상해없음,승용,남,27세,경상
2022041400100024,2022년 4월 14일 01시,목요일,충청남도 천안시 서북구 성정동,경상사고,0,0,1,0,차대사람 - 기타,안전운전불이행,건조,맑음,교차로 - 교차로안,승용,남,43세,상해없음,보행자,남,37세,경상
2022041400100066,2022년 4월 14일 07시,목요일,충청남도 천안시 서북구 업성동,중상사고,0,1,0,0,차대차 - 기타,안전운전불이행,건조,맑음,교차로 - 교차로안,승용,남,25세,기타불명,승용,남,37세,중상
2022041400100177,2022년 4월 14일 11시,목요일,충청남도 천안시 동남구 대흥동,경상사고,0,0,1,0,차대사람 - 횡단중,안전운전불이행,건조,맑음,단일로 - 기타,승용,남,82세,상해없음,보행자,여,26세,경상
2022041400100251,2022년 4월 14일 13시,목요일,충청남도 천안시 동남구 구성동,중상사고,0,1,0,0,차대사람 - 차도통행중,안전운전불이행,건조,맑음,단일로 - 기타,화물,남,60세,상해없음,보행자,여,80세,중상
2022041400100307,2022년 4월 14일 15시,목요일,충청남도 천안시 서북구 백석동,경상사고,0,0,1,0,차대차 - 추돌,안전운전불이행,건조,맑음,교차로 - 교차로안,승용,남,23세,상해없음,이륜,남,34세,경상
2022041500100015,2022년 4월 15일 01시,금요일,충청남도 천안시 동남구 신부동,중상사고,0,1,0,0,차대차 - 기타,교차로운행방법위반,건조,맑음,교차로 - 교차로부근,승합,남,49세,상해없음,원동기,여,28세,중상
2022041500100038,2022년 4월 15일 06시,금요일,충청남도 천안시 서북구 불당동,경상사고,0,0,1,0,차대사람 - 기타,보행자보호의무위반,건조,맑음,교차로 - 교차로부근,승용,여,44세,상해없음,보행자,남,29세,경상
2022041500100059,2022년 4월 15일 07시,금요일,충청남도 천안시 서북구 불당동,경상사고,0,0,2,0,차대차 - 측면충돌,신호위반,건조,맑음,교차로 - 교차로안,승용,남,38세,상해없음,화물,남,57세,경상
2022041500100094,2022년 4월 15일 08시,금요일,충청남도 천안시 서북구 불당동,경상사고,0,0,1,0,차대차 - 추돌,안전운전불이행,건조,맑음,단일로 - 기타,승용,남,78세,상해없음,승합,여,44세,경상
2022041500100095,2022년 4월 15일 08시,금요일,충청남도 천안시 동남구 대흥동,경상사고,0,0,1,0,차대차 - 기타,안전운전불이행,건조,맑음,교차로 - 교차로안,자전거,남,66세,경상,승용,남,57세,상해없음
2022041500100139,2022년 4월 15일 09시,금요일,충청남도 천안시 서북구 백석동,경상사고,0,0,1,0,차대차 - 기타,교차로운행방법위반,건조,맑음,교차로 - 교차로안,승용,여,61세,상해없음,승용,여,38세,경상
2022041500100140,2022년 4월 15일 09시,금요일,충청남도 천안시 서북구 불당동,경상사고,0,0,1,0,차대사람 - 기타,안전운전불이행,건조,맑음,단일로 - 기타,승합,남,55세,상해없음,보행자,여,74세,경상
2022041500100167,2022년 4월 15일 10시,금요일,충청남도 천안시 동남구 안서동,경상사고,0,0,1,0,차대차 - 기타,안전운전불이행,건조,맑음,단일로 - 기타,승용,남,34세,상해없음,승용,여,46세,경상
2022041500100225,2022년 4월 15일 12시,금요일,충청남도 천안시 서북구 쌍용동,경상사고,0,0,1,0,차대차 - 측면충돌,안전거리미확보,건조,맑음,단일로 - 기타,승용,여,53세,기타불명,특수,남,21세,경상
2022041500100254,2022년 4월 15일 13시,금요일,충청남도 천안시 서북구 입장면,경상사고,0,0,1,0,차대차 - 추돌,안전운전불이행,건조,맑음,단일로 - 기타,승용,여,20세,상해없음,승용,남,57세,경상
2022041500100381,2022년 4월 15일 16시,금요일,충청남도 천안시 서북구 불당동,경상사고,0,0,2,0,차대차 - 측면충돌,안전거리미확보,건조,맑음,단일로 - 기타,승용,여,50세,상해없음,승용,남,32세,경상
2022041500100413,2022년 4월 15일 17시,금요일,충청남도 천안시 서북구 백석동,경상사고,0,0,1,0,차대차 - 추돌,안전운전불이행,건조,맑음,교차로 - 교차로안,승용,남,46세,상해없음,승용,여,58세,경상
2022041500100415,2022년 4월 15일 17시,금요일,충청남도 천안시 동남구 신방동,경상사고,0,0,1,0,차대차 - 측면충돌,신호위반,건조,맑음,교차로 - 교차로안,승용,여,54세,상해없음,승용,여,61세,경상
2022041500100470,2022년 4월 15일 18시,금요일,충청남도 천안시 서북구 백석동,중상사고,0,1,0,0,차대차 - 기타,신호위반,건조,맑음,교차로 - 교차로부근,승용,남,40세,상해없음,이륜,남,27세,중상
2022041500100472,2022년 4월 15일 18시,금요일,충청남도 천안시 동남구 신부동,중상사고,0,1,0,0,차대사람 - 차도통행중,안전운전불이행,건조,맑음,기타 - 기타,승용,여,64세,상해없음,보행자,여,28세,중상
2022041500100584,2022년 4월 15일 21시,금요일,충청남도 천안시 서북구 성정동,경상사고,0,0,1,0,차대차 - 기타,신호위반,건조,맑음,교차로 - 교차로부근,승합,남,46세,기타불명,자전거,남,12세,경상
2022041500100645,2022년 4월 15일 23시,금요일,충청남도 천안시 서북구 성거읍,경상사고,0,0,1,0,차대차 - 추돌,안전운전불이행,건조,맑음,교차로 - 교차로부근,승용,남,36세,상해없음,승용,남,41세,경상
2022041600100012,2022년 4월 16일 00시,토요일,충청남도 천안시 서북구 성정동,경상사고,0,0,1,0,차대차 - 기타,안전운전불이행,건조,맑음,교차로 - 교차로안,승용,남,22세,상해없음,개인형이동수단(PM),남,50세,경상
2022041600100046,2022년 4월 16일 04시,토요일,충청남도 천안시 서북구 백석동,중상사고,0,1,1,0,차대차 - 측면충돌,신호위반,건조,맑음,교차로 - 교차로안,화물,남,39세,중상,승용,여,49세,경상
2022041600100060,2022년 4월 16일 06시,토요일,충청남도 천안시 서북구 백석동,경상사고,0,0,1,0,차대차 - 기타,신호위반,건조,맑음,교차로 - 교차로부근,승용,남,72세,상해없음,자전거,남,47세,경상
2022041600100074,2022년 4월 16일 08시,토요일,충청남도 천안시 서북구 백석동,경상사고,0,0,3,0,차대차 - 기타,신호위반,건조,맑음,교차로 - 교차로안,승용,여,38세,경상,승용,남,30세,경상
2022041600100180,2022년 4월 16일 11시,토요일,충청남도 천안시 서북구 성환읍,경상사고,0,0,2,0,차대차 - 기타,안전운전불이행,건조,맑음,단일로 - 기타,화물,남,63세,기타불명,이륜,남,74세,경상
2022041600100222,2022년 4월 16일 12시,토요일,충청남도 천안시 서북구 불당동,경상사고,0,0,1,0,차대차 - 기타,안전운전불이행,건조,맑음,단일로 - 기타,원동기,남,18세,상해없음,원동기,남,41세,경상
2022041600100262,2022년 4월 16일 13시,토요일,충청남도 천안시 동남구 신부동,경상사고,0,0,2,0,차대차 - 측면충돌,안전거리미확보,건조,맑음,단일로 - 기타,승용,여,33세,상해없음,승용,여,39세,경상
2022041600100316,2022년 4월 16일 14시,토요일,충청남도 천안시 동남구 광덕면,경상사고,0,0,1,0,차대차 - 측면충돌,안전운전불이행,건조,맑음,단일로 - 기타,승용,여,27세,상해없음,자전거,남,47세,경상
2022041600100409,2022년 4월 16일 16시,토요일,충청남도 천안시 동남구 안서동,경상사고,0,0,1,0,차대차 - 측면충돌,교차로운행방법위반,건조,맑음,교차로 - 교차로안,승용,남,62세,상해없음,승용,여,50세,경상
2022041600100410,2022년 4월 16일 16시,토요일,충청남도 천안시 동남구 구성동,중상사고,0,1,0,0,차대차 - 기타,안전운전불이행,건조,맑음,교차로 - 교차로부근,이륜,남,16세,중상,승용,남,56세,상해없음
2022041600100606,2022년 4월 16일 22시,토요일,충청남도 천안시 서북구 쌍용동,경상사고,0,0,1,0,차대사람 - 기타,안전운전불이행,건조,맑음,교차로 - 교차로안,승용,남,29세,상해없음,보행자,남,42세,경상
2022041600100628,2022년 4월 16일 23시,토요일,충청남도 천안시 동남구 안서동,중상사고,0,1,0,0,차대차 - 측면충돌,안전운전불이행,건조,맑음,단일로 - 기타,원동기,남,24세,중상,승용,남,24세,상해없음
2022041700100011,2022년 4월 17일 00시,일요일,충청남도 천안시 서북구 두정동,경상사고,0,0,1,0,차대사람 - 기타,안전운전불이행,건조,맑음,교차로 - 교차로안,승용,여,26세,상해없음,보행자,남,27세,경상
2022041700100057,2022년 4월 17일 05시,일요일,충청남도 천안시 동남구 삼룡동,중상사고,0,1,0,0,차대차 - 추돌,안전운전불이행,건조,맑음,단일로 - 기타,승용,남,19세,상해없음,승용,남,58세,중상
2022041700100062,2022년 4월 17일 06시,일요일,충청남도 천안시 서북구 성거읍,중상사고,0,1,0,0,차대차 - 추돌,안전운전불이행,건조,맑음,단일로 - 기타,승용,남,26세,상해없음,승용,여,55세,중상
2022041700100100,2022년 4월 17일 09시,일요일,충청남도 천안시 서북구 성환읍,경상사고,0,0,1,0,차대차 - 기타,신호위반,건조,맑음,교차로 - 교차로부근,화물,남,45세,상해없음,승용,여,60세,경상
2022041700100122,2022년 4월 17일 10시,일요일,충청남도 천안시 서북구 성정동,경상사고,0,0,1,0,차대차 - 측면충돌,신호위반,건조,맑음,단일로 - 기타,승용,남,56세,상해없음,승용,남,69세,경상
2022041700100123,2022년 4월 17일 10시,일요일,충청남도 천안시 동남구 신부동,경상사고,0,0,2,0,차대차 - 측면충돌,안전운전불이행,건조,맑음,단일로 - 기타,승용,여,55세,경상,승용,여,23세,경상
2022041700100204,2022년 4월 17일 13시,일요일,충청남도 천안시 서북구 불당동,경상사고,0,0,2,2,차대차 - 측면충돌,안전운전불이행,건조,맑음,단일로 - 기타,승용,여,50세,상해없음,승용,여,34세,경상
2022041700100307,2022년 4월 17일 16시,일요일,충청남도 천안시 동남구 다가동,경상사고,0,0,1,0,차대차 - 기타,안전운전불이행,건조,맑음,교차로 - 교차로부근,승용,남,22세,상해없음,승용,남,25세,경상
2022041700100342,2022년 4월 17일 17시,일요일,충청남도 천안시 동남구 광덕면,중상사고,0,1,0,0,차대차 - 정면충돌,중앙선침범,건조,맑음,단일로 - 기타,화물,남,44세,상해없음,승용,남,64세,중상
2022041800100025,2022년 4월 18일 02시,월요일,충청남도 천안시 동남구 삼룡동,사망사고,1,0,0,0,차대사람 - 기타,안전운전불이행,건조,맑음,단일로 - 기타,승용,남,49세,상해없음,보행자,남,78세,사망
2022041800100129,2022년 4월 18일 09시,월요일,충청남도 천안시 서북구 성정동,경상사고,0,0,1,0,차대차 - 기타,교차로운행방법위반,건조,맑음,교차로 - 교차로부근,승용,여,57세,상해없음,승용,남,35세,경상
2022041800100181,2022년 4월 18일 11시,월요일,충청남도 천안시 서북구 성성동,경상사고,0,0,1,0,차대차 - 측면충돌,기타,건조,맑음,교차로 - 교차로안,승용,남,28세,상해없음,승용,남,58세,경상
2022041800100213,2022년 4월 18일 12시,월요일,충청남도 천안시 서북구 쌍용동,경상사고,0,0,1,0,차대차 - 기타,안전운전불이행,건조,맑음,교차로 - 교차로부근,승용,남,68세,상해없음,승용,남,56세,상해없음
2022041800100214,2022년 4월 18일 12시,월요일,충청남도 천안시 동남구 봉명동,경상사고,0,0,4,0,차대차 - 측면충돌,안전거리미확보,건조,맑음,단일로 - 기타,승용,남,39세,상해없음,승용,남,37세,경상
2022041800100362,2022년 4월 18일 16시,월요일,충청남도 천안시 서북구 직산읍,중상사고,0,1,3,0,차대차 - 추돌,안전운전불이행,건조,맑음,교차로 - 교차로부근,승용,남,80세,상해없음,승용,여,36세,경상
2022041800100408,2022년 4월 18일 17시,월요일,충청남도 천안시 동남구 원성동,경상사고,0,0,2,0,차대차 - 측면충돌,차로위반,건조,맑음,단일로 - 기타,승용,여,50세,경상,승용,남,55세,경상
2022041800100440,2022년 4월 18일 18시,월요일,충청남도 천안시 서북구 쌍용동,중상사고,0,1,0,0,차대차 - 기타,안전거리미확보,건조,맑음,단일로 - 기타,승용,남,28세,상해없음,이륜,남,22세,중상
2022041900100006,2022년 4월 19일 00시,화요일,충청남도 천안시 서북구 쌍용동,경상사고,0,0,2,0,차대차 - 측면충돌,신호위반,건조,맑음,교차로 - 교차로안,승용,남,29세,상해없음,승용,남,48세,경상