사고번호,사고일시,요일,시군구,사고내용,사망자수,중상자수,경상자수,부상신고자수,사고유형,법규위반,노면상태,기상상태,도로형태,가해운전자 차종,가해운전자 성별,가해운전자 연령,가해운전자 상해정도,피해운전자 차종,피해운전자 성별,피해운전자 연령,피해운전자 상해정도
2022050300100346,2022년 5월 3일 15시,화요일,충청남도 천안시 서북구 성거읍,중상사고,0,3,0,0,차량단독 - 공작물충돌,안전운전불이행,건조,맑음,교차로 - 교차로안,승용,여,59세,상해없음,,,,
2022050300100389,2022년 5월 3일 16시,화요일,충청남도 천안시 서북구 성정동,경상사고,0,0,1,0,차대차 - 측면충돌,직진우회전진행방해,건조,맑음,교차로 - 교차로안,화물,남,27세,기타불명,승용,남,30세,경상
2022050300100435,2022년 5월 3일 17시,화요일,충청남도 천안시 서북구 불당동,경상사고,0,0,1,0,차대차 - 기타,안전운전불이행,건조,맑음,단일로 - 기타,승용,여,35세,상해없음,승용,남,37세,경상
2022050300100491,2022년 5월 3일 18시,화요일,충청남도 천안시 서북구 성성동,중상사고,0,1,0,0,차대사람 - 기타,보행자보호의무위반,건조,맑음,교차로 - 교차로횡단보도내,승합,남,54세,상해없음,보행자,남,50세,중상
2022050300100528,2022년 5월 3일 19시,화요일,충청남도 천안시 서북구 두정동,경상사고,0,0,1,0,차대사람 - 횡단중,보행자보호의무위반,건조,맑음,교차로 - 교차로부근,이륜,남,47세,상해없음,보행자,여,6세,경상
2022050300100557,2022년 5월 3일 20시,화요일,충청남도 천안시 서북구 성정동,경상사고,0,0,1,0,차대차 - 측면충돌,교차로운행방법위반,건조,맑음,교차로 - 교차로안,승용,남,15세,기타불명,승용,남,67세,경상
2022050400100011,2022년 5월 4일 00시,수요일,충청남도 천안시 서북구 불당동,경상사고,0,0,1,0,차대차 - 측면충돌,안전운전불이행,건조,맑음,단일로 - 기타,승용,여,29세,상해없음,승용,여,49세,경상
2022050400100012,2022년 5월 4일 00시,수요일,충청남도 천안시 서북구 성환읍,경상사고,0,0,1,0,차대차 - 추돌,안전운전불이행,건조,맑음,단일로 - 기타,승용,남,29세,경상,화물,남,42세,상해없음
2022050400100025,2022년 5월 4일 01시,수요일,충청남도 천안시 서북구 두정동,중상사고,0,3,0,0,차대차 - 측면충돌,신호위반,건조,맑음,교차로 - 교차로안,승용,남,34세,상해없음,승용,남,55세,중상
2022050400100051,2022년 5월 4일 05시,수요일,충청남도 천안시 동남구 청당동,중상사고,0,1,2,0,차대차 - 측면충돌,신호위반,건조,맑음,교차로 - 교차로부근,승용,남,29세,중상,화물,남,49세,경상
2022050400100060,2022년 5월 4일 06시,수요일,충청남도 천안시 서북구 입장면,중상사고,0,1,1,0,차대차 - 측면충돌,안전운전불이행,건조,맑음,교차로 - 교차로안,승용,남,56세,상해없음,화물,남,61세,중상
2022050400100084,2022년 5월 4일 07시,수요일,충청남도 천안시 서북구 두정동,경상사고,0,0,1,0,차대차 - 기타,안전운전불이행,건조,맑음,단일로 - 기타,승용,남,30세,상해없음,이륜,남,32세,경상
2022050400100085,2022년 5월 4일 07시,수요일,충청남도 천안시 서북구 두정동,경상사고,0,0,1,0,차대차 - 측면충돌,직진우회전진행방해,건조,맑음,교차로 - 교차로안,승용,여,41세,상해없음,승용,남,31세,경상
2022050400100181,2022년 5월 4일 09시,수요일,충청남도 천안시 동남구 북면,경상사고,0,0,2,0,차대차 - 측면충돌,중앙선침범,건조,맑음,단일로 - 기타,승합,남,67세,상해없음,승용,여,46세,경상
2022050400100302,2022년 5월 4일 12시,수요일,충청남도 천안시 동남구 봉명동,경상사고,0,0,1,0,차대차 - 측면충돌,안전운전불이행,건조,맑음,교차로 - 교차로부근,승용,남,60세,기타불명,화물,남,42세,경상
2022050400100358,2022년 5월 4일 14시,수요일,충청남도 천안시 서북구 성정동,경상사고,0,0,1,0,차대차 - 측면충돌,안전운전불이행,건조,맑음,교차로 - 교차로안,승용,여,45세,상해없음,승용,여,31세,경상
2022050400100397,2022년 5월 4일 15시,수요일,충청남도 천안시 서북구 쌍용동,경상사고,0,0,1,0,차대사람 - 기타,안전거리미확보,건조,맑음,단일로 - 기타,개인형이동수단(PM),남,19세,상해없음,보행자,여,5세,경상
2022050400100430,2022년 5월 4일 16시,수요일,충청남도 천안시 서북구 불당동,경상사고,0,0,4,0,차대차 - 추돌,안전운전불이행,건조,맑음,교차로 - 교차로부근,승용,남,65세,상해없음,승용,남,29세,경상
2022050400100483,2022년 5월 4일 17시,수요일,충청남도 천안시 동남구 다가동,중상사고,0,1,0,0,차대차 - 기타,기타,건조,맑음,단일로 - 기타,승용,남,62세,상해없음,자전거,남,55세,중상
2022050400100643,2022년 5월 4일 20시,수요일,충청남도 천안시 서북구 백석동,경상사고,0,0,1,0,차대차 - 기타,안전운전불이행,건조,맑음,교차로 - 교차로안,이륜,남,44세,경상,승용,여,43세,상해없음
2022050400100726,2022년 5월 4일 23시,수요일,충청남도 천안시 서북구 두정동,경상사고,0,0,2,0,차대사람 - 기타,안전운전불이행,건조,맑음,미분류 - 미분류,승용,남,37세,상해없음,보행자,여,25세,경상
2022050500100027,2022년 5월 5일 01시,목요일,충청남도 천안시 서북구 쌍용동,경상사고,0,0,1,0,차대사람 - 횡단중,안전운전불이행,건조,맑음,단일로 - 기타,승용,남,33세,상해없음,보행자,남,61세,경상
2022050500100028,2022년 5월 5일 01시,목요일,충청남도 천안시 동남구 다가동,경상사고,0,0,1,0,차대차 - 추돌,안전운전불이행,건조,맑음,단일로 - 기타,승용,남,22세,상해없음,승용,남,21세,경상
2022050500100046,2022년 5월 5일 03시,목요일,충청남도 천안시 서북구 두정동,경상사고,0,0,1,0,차대사람 - 횡단중,안전운전불이행,건조,맑음,단일로 - 기타,승용,남,42세,상해없음,보행자,남,25세,경상
2022050500100088,2022년 5월 5일 08시,목요일,충청남도 천안시 동남구 신부동,경상사고,0,0,2,0,차대차 - 측면충돌,안전거리미확보,건조,맑음,단일로 - 기타,승용,남,61세,상해없음,승용,남,64세,경상
2022050500100154,2022년 5월 5일 11시,목요일,충청남도 천안시 서북구 백석동,경상사고,0,0,3,0,차대차 - 추돌,안전운전불이행,건조,맑음,단일로 - 기타,승용,남,52세,상해없음,승용,남,45세,경상
2022050500100264,2022년 5월 5일 14시,목요일,충청남도 천안시 서북구 성성동,경상사고,0,0,1,0,차대차 - 기타,안전거리미확보,건조,맑음,기타 - 기타,승용,여,26세,상해없음,승용,남,25세,경상
2022050500100339,2022년 5월 5일 16시,목요일,충청남도 천안시 서북구 두정동,경상사고,0,0,2,0,차대차 - 기타,안전거리미확보,건조,맑음,교차로 - 교차로부근,승합,남,52세,상해없음,승용,남,23세,경상
2022050500100342,2022년 5월 5일 16시,목요일,충청남도 천안시 동남구 구성동,경상사고,0,0,1,0,차대차 - 기타,안전운전불이행,건조,맑음,교차로 - 교차로부근,승용,남,62세,상해없음,이륜,남,24세,경상
2022050600100146,2022년 5월 6일 10시,금요일,충청남도 천안시 서북구 와촌동,경상사고,0,0,1,0,차대차 - 측면충돌,중앙선침범,건조,맑음,단일로 - 기타,자전거,남,75세,경상,승용,남,51세,기타불명
2022050600100147,2022년 5월 6일 10시,금요일,충청남도 천안시 서북구 백석동,경상사고,0,0,1,0,차대차 - 추돌,안전운전불이행,건조,맑음,교차로 - 교차로부근,승용,남,28세,상해없음,승용,여,29세,경상
2022050600100192,2022년 5월 6일 11시,금요일,충청남도 천안시 동남구 풍세면,중상사고,0,1,3,0,차대차 - 기타,안전운전불이행,건조,맑음,교차로 - 교차로부근,승용,남,45세,경상,승용,여,49세,경상
2022050600100271,2022년 5월 6일 13시,금요일,충청남도 천안시 동남구 사직동,경상사고,0,0,6,0,차대차 - 측면충돌,교차로운행방법위반,건조,맑음,교차로 - 교차로안,이륜,남,67세,경상,승용,여,35세,경상
2022050600100272,2022년 5월 6일 13시,금요일,충청남도 천안시 동남구 원성동,경상사고,0,0,1,0,차대차 - 추돌,신호위반,건조,맑음,기타 - 기타,화물,남,63세,상해없음,화물,남,61세,경상
2022050600100317,2022년 5월 6일 14시,금요일,충청남도 천안시 서북구 백석동,경상사고,0,0,1,0,차대차 - 측면충돌,교차로운행방법위반,건조,맑음,교차로 - 교차로부근,승용,남,32세,상해없음,승용,남,36세,경상
2022050600100319,2022년 5월 6일 14시,금요일,충청남도 천안시 동남구 신방동,경상사고,0,0,1,0,차대차 - 추돌,안전거리미확보,건조,맑음,단일로 - 기타,이륜,남,17세,상해없음,승용,남,65세,경상
2022050600100368,2022년 5월 6일 15시,금요일,충청남도 천안시 서북구 성정동,경상사고,0,0,1,0,차대사람 - 기타,불법유턴,건조,맑음,단일로 - 기타,승용,여,58세,상해없음,보행자,남,40세,경상
2022050600100369,2022년 5월 6일 15시,금요일,충청남도 천안시 서북구 쌍용동,경상사고,0,0,3,0,차대차 - 추돌,안전운전불이행,건조,맑음,교차로 - 교차로부근,승용,남,62세,기타불명,승용,여,41세,경상
2022050600100458,2022년 5월 6일 17시,금요일,충청남도 천안시 서북구 성정동,경상사고,0,0,1,0,차대차 - 측면충돌,기타,건조,맑음,교차로 - 교차로안,원동기,남,22세,상해없음,승용,여,32세,경상
2022050600100516,2022년 5월 6일 18시,금요일,충청남도 천안시 서북구 불당동,경상사고,0,0,1,0,차대차 - 기타,교차로운행방법위반,건조,맑음,교차로 - 교차로안,승용,여,28세,상해없음,원동기,남,39세,경상
2022050600100591,2022년 5월 6일 20시,금요일,충청남도 천안시 동남구 신방동,경상사고,0,0,5,0,차대차 - 추돌,안전운전불이행,건조,맑음,단일로 - 기타,승용,남,30세,상해없음,승용,남,41세,경상
2022050700100007,2022년 5월 7일 00시,토요일,충청남도 천안시 서북구 불당동,경상사고,0,0,1,0,차대차 - 추돌,안전운전불이행,건조,맑음,교차로 - 교차로부근,승용,남,40세,상해없음,승용,남,28세,경상
2022050700100008,2022년 5월 7일 00시,토요일,충청남도 천안시 서북구 쌍용동,경상사고,0,0,1,0,차대차 - 기타,안전운전불이행,건조,맑음,교차로 - 교차로부근,승용,남,34세,상해없음,이륜,남,30세,경상
2022050700100035,2022년 5월 7일 04시,토요일,충청남도 천안시 동남구 구룡동,사망사고,1,0,0,0,차대차 - 추돌,안전운전불이행,건조,맑음,단일로 - 기타,이륜,여,50세,사망,농기계,남,60세,상해없음
2022050700100062,2022년 5월 7일 07시,토요일,충청남도 천안시 서북구 백석동,경상사고,0,0,1,0,차대차 - 추돌,안전운전불이행,건조,맑음,교차로 - 교차로부근,승용,여,28세,상해없음,승용,남,38세,경상
2022050700100142,2022년 5월 7일 11시,토요일,충청남도 천안시 서북구 성거읍,경상사고,0,0,2,0,차대차 - 추돌,기타,건조,맑음,교차로 - 교차로부근,승용,남,28세,상해없음,화물,남,55세,경상
2022050700100382,2022년 5월 7일 17시,토요일,충청남도 천안시 서북구 백석동,경상사고,0,0,2,0,차대차 - 측면충돌,신호위반,건조,맑음,교차로 - 교차로안,승용,여,40세,상해없음,승용,남,26세,경상
2022050700100383,2022년 5월 7일 17시,토요일,충청남도 천안시 서북구 불당동,중상사고,0,1,0,0,차대차 - 측면충돌,안전운전불이행,건조,맑음,단일로 - 기타,승용,남,58세,상해없음,원동기,남,22세,중상
2022050700100482,2022년 5월 7일 20시,토요일,충청남도 천안시 서북구 불당동,중상사고,0,1,0,0,차대차 - 측면충돌,안전운전불이행,건조,맑음,단일로 - 기타,이륜,남,48세,상해없음,승용,남,68세,중상
2022050700100510,2022년 5월 7일 21시,토요일,충청남도 천안시 서북구 두정동,중상사고,0,1,0,1,차대차 - 측면충돌,안전운전불이행,건조,맑음,교차로 - 교차로부근,승용,남,60세,부상신고,이륜,남,42세,중상
2022050700100539,2022년 5월 7일 23시,토요일,충청남도 천안시 서북구 두정동,중상사고,0,1,0,0,차대사람 - 차도통행중,안전운전불이행,건조,맑음,교차로 - 교차로안,승용,남,29세,상해없음,보행자,남,26세,중상
2022050800100026,2022년 5월 8일 02시,일요일,충청남도 천안시 서북구 불당동,중상사고,0,1,1,1,차대차 - 추돌,기타,건조,맑음,교차로 - 교차로부근,승용,여,23세,부상신고,승용,남,34세,경상
2022050800100152,2022년 5월 8일 12시,일요일,충청남도 천안시 서북구 쌍용동,중상사고,0,1,0,0,차대사람 - 횡단중,보행자보호의무위반,건조,맑음,교차로 - 교차로안,승용,남,62세,상해없음,보행자,여,11세,중상
2022050800100153,2022년 5월 8일 12시,일요일,충청남도 천안시 서북구 직산읍,경상사고,0,0,1,0,차대차 - 기타,교차로운행방법위반,건조,맑음,교차로 - 교차로안,이륜,남,28세,경상,승용,여,58세,상해없음
2022050800100193,2022년 5월 8일 13시,일요일,충청남도 천안시 동남구 원성동,중상사고,0,1,1,0,차대차 - 측면충돌,안전운전불이행,건조,맑음,교차로 - 교차로안,승용,남,81세,상해없음,승용,남,42세,경상
2022050800100230,2022년 5월 8일 14시,일요일,충청남도 천안시 서북구 불당동,경상사고,0,0,1,0,차대차 - 기타,안전운전불이행,건조,맑음,단일로 - 기타,승용,여,34세,상해없음,이륜,남,41세,경상
2022050800100410,2022년 5월 8일 20시,일요일,충청남도 천안시 서북구 성정동,경상사고,0,0,1,0,차대차 - 기타,안전운전불이행,건조,맑음,교차로 - 교차로부근,승용,남,60세,상해없음,승용,남,19세,경상
2022050800100472,2022년 5월 8일 22시,일요일,충청남도 천안시 동남구 병천면,경상사고,0,0,3,0,차대차 - 측면충돌,중앙선침범,건조,맑음,교차로 - 교차로부근,승용,남,22세,상해없음,승용,남,26세,경상
2022050900100211,2022년 5월 9일 11시,월요일,충청남도 천안시 동남구 안서동,경상사고,0,0,1,0,차대사람 - 횡단중,안전운전불이행,건조,맑음,교차로 - 교차로안,승용,남,61세,상해없음,보행자,남,22세,경상
2022050900100239,2022년 5월 9일 12시,월요일,충청남도 천안시 동남구 안서동,중상사고,0,1,0,0,차대차 - 정면충돌,안전운전불이행,건조,맑음,기타 - 기타,승용,남,38세,상해없음,이륜,남,29세,중상
2022050900100271,2022년 5월 9일 13시,월요일,충청남도 천안시 서북구 두정동,경상사고,0,0,1,0,차대차 - 측면충돌,안전운전불이행,건조,맑음,교차로 - 교차로안,승용,남,26세,상해없음,승용,여,34세,경상
2022050900100272,2022년 5월 9일 13시,월요일,충청남도 천안시 서북구 쌍용동,경상사고,0,0,1,0,차대차 - 추돌,안전운전불이행,건조,맑음,교차로 - 교차로부근,승용,여,62세,상해없음,승용,남,58세,경상
2022050900100316,2022년 5월 9일 14시,월요일,충청남도 천안시 서북구 불당동,경상사고,0,0,1,0,차대차 - 기타,불법유턴,건조,맑음,단일로 - 기타,승합,남,51세,상해없음,이륜,남,22세,경상
2022050900100409,2022년 5월 9일 16시,월요일,충청남도 천안시 서북구 부대동,경상사고,0,0,1,0,차대차 - 추돌,안전운전불이행,건조,맑음,단일로 - 기타,승용,남,66세,상해없음,승용,여,39세,경상
2022050900100450,2022년 5월 9일 17시,월요일,충청남도 천안시 동남구 청수동,중상사고,0,1,0,0,차대사람 - 횡단중,안전운전불이행,건조,맑음,기타 - 기타,승합,여,57세,상해없음,보행자,여,68세,중상
2022050900100581,2022년 5월 9일 21시,월요일,충청남도 천안시 동남구 신부동,경상사고,0,0,1,0,차대차 - 정면충돌,중앙선침범,건조,맑음,단일로 - 교량,승용,여,59세,상해없음,이륜,남,34세,경상
2022050900100582,2022년 5월 9일 21시,월요일,충청남도 천안시 동남구 목천읍,경상사고,0,0,1,0,차대차 - 측면충돌,불법유턴,건조,맑음,단일로 - 기타,승용,남,82세,상해없음,화물,남,36세,경상
2022051000100156,2022년 5월 10일 09시,화요일,충청남도 천안시 서북구 성환읍,경상사고,0,0,1,0,차대차 - 기타,안전운전불이행,건조,맑음,기타 - 기타,농기계,남,66세,기타불명,승합,남,55세,상해없음
2022051000100555,2022년 5월 10일 20시,화요일,충청남도 천안시 서북구 성정동,경상사고,0,0,1,0,차대차 - 측면충돌,안전거리미확보,건조,맑음,단일로 - 기타,승용,여,30세,상해없음,승용,남,29세,경상
2022051000100582,2022년 5월 10일 21시,화요일,충청남도 천안시 동남구 원성동,경상사고,0,0,1,0,차대사람 - 기타,기타,건조,맑음,단일로 - 기타,승합,남,61세,상해없음,보행자,남,61세,경상
2022051100100163,2022년 5월 11일 10시,수요일,충청남도 천안시 동남구 성황동,중상사고,0,1,0,0,차대사람 - 기타,안전운전불이행,건조,맑음,교차로 - 교차로부근,승용,여,47세,상해없음,보행자,남,46세,중상
2022051100100312,2022년 5월 11일 15시,수요일,충청남도 천안시 서북구 쌍용동,경상사고,0,0,1,0,차대차 - 측면충돌,안전운전불이행,건조,맑음,단일로 - 기타,승용,여,56세,상해없음,승용,남,25세,상해없음
2022051100100400,2022년 5월 11일 17시,수요일,충청남도 천안시 서북구 직산읍,경상사고,0,0,1,0,차대차 - 측면충돌,교차로운행방법위반,건조,맑음,교차로 - 교차로안,승용,여,44세,상해없음,승용,남,54세,경상
2022051100100401,2022년 5월 11일 17시,수요일,충청남도 천안시 서북구 성정동,경상사고,0,0,1,0,차대차 - 후진중충돌,안전운전불이행,건조,맑음,단일로 - 기타,승용,남,31세,상해없음,승용,여,61세,경상
2022051100100560,2022년 5월 11일 22시,수요일,충청남도 천안시 동남구 원성동,중상사고,0,1,0,0,차대차 - 측면충돌,안전운전불이행,건조,맑음,교차로 - 교차로안,승용,여,60세,상해없음,승용,남,29세,중상
2022051200100021,2022년 5월 12일 01시,목요일,충청남도 천안시 서북구 두정동,경상사고,0,0,2,0,차대차 - 측면충돌,기타,건조,맑음,교차로 - 교차로안,원동기,남,40세,경상,승용,여,25세,경상
2022051200100176,2022년 5월 12일 10시,목요일,충청남도 천안시 서북구 불당동,경상사고,0,0,1,1,차대차 - 측면충돌,신호위반,건조,맑음,교차로 - 교차로안,원동기,남,17세,부상신고,화물,남,36세,경상
2022051200100199,2022년 5월 12일 11시,목요일,충청남도 천안시 서북구 성정동,경상사고,0,0,1,0,차대차 - 측면충돌,신호위반,건조,맑음,교차로 - 교차로부근,승용,남,20세,상해없음,자전거,여,34세,경상
2022051200100260,2022년 5월 12일 13시,목요일,충청남도 천안시 서북구 두정동,경상사고,0,0,1,0,차대차 - 측면충돌,교차로운행방법위반,건조,맑음,교차로 - 교차로안,승용,남,44세,상해없음,승용,남,26세,경상
2022051200100294,2022년 5월 12일 14시,목요일,충청남도 천안시 서북구 백석동,경상사고,0,0,1,0,차대차 - 측면충돌,안전거리미확보,건조,맑음,단일로 - 기타,승용,남,62세,상해없음,승용,여,23세,경상
2022051200100412,2022년 5월 12일 17시,목요일,충청남도 천안시 동남구 풍세면,경상사고,0,0,1,0,차대차 - 측면충돌,신호위반,건조,맑음,교차로 - 교차로안,승용,남,25세,상해없음,승용,여,49세,경상
2022051200100464,2022년 5월 12일 18시,목요일,충청남도 천안시 서북구 직산읍,경상사고,0,0,1,0,차대차 - 측면충돌,직진우회전진행방해,건조,맑음,교차로 - 교차로안,화물,남,48세,상해없음,승용,여,20세,경상
2022051200100542,2022년 5월 12일 20시,목요일,충청남도 천안시 동남구 신방동,중상사고,0,1,0,0,차대차 - 추돌,안전운전불이행,건조,맑음,단일로 - 기타,승용,여,49세,상해없음,자전거,남,14세,중상
2022051300100070,2022년 5월 13일 07시,금요일,충청남도 천안시 동남구 원성동,경상사고,0,0,1,0,차대사람 - 기타,안전운전불이행,건조,맑음,단일로 - 기타,승용,여,34세,상해없음,보행자,여,12세,경상
2022051300100106,2022년 5월 13일 08시,금요일,충청남도 천안시 서북구 백석동,중상사고,0,1,0,0,차대차 - 측면충돌,신호위반,건조,맑음,교차로 - 교차로안,승용,여,27세,상해없음,자전거,남,28세,중상
2022051300100148,2022년 5월 13일 09시,금요일,충청남도 천안시 동남구 광덕면,중상사고,0,1,0,0,차대차 - 측면충돌,안전운전불이행,건조,맑음,주차장 - 주차장,승용,여,75세,중상,승용,남,32세,기타불명
2022051300100177,2022년 5월 13일 10시,금요일,충청남도 천안시 동남구 신부동,경상사고,0,0,1,0,차대사람 - 기타,안전운전불이행,건조,맑음,주차장 - 주차장,화물,남,55세,상해없음,보행자,남,57세,경상
2022051300100328,2022년 5월 13일 14시,금요일,충청남도 천안시 동남구 구성동,중상사고,0,1,0,0,차대차 - 기타,직진우회전진행방해,건조,맑음,교차로 - 교차로안,자전거,남,79세,중상,화물,남,43세,상해없음
2022051300100391,2022년 5월 13일 16시,금요일,충청남도 천안시 서북구 백석동,중상사고,0,1,0,0,차대차 - 측면충돌,신호위반,건조,맑음,교차로 - 교차로안,승용,여,31세,상해없음,승용,여,31세,중상
2022051300100484,2022년 5월 13일 18시,금요일,충청남도 천안시 서북구 직산읍,경상사고,0,0,1,0,차대차 - 측면충돌,중앙선침범,건조,맑음,교차로 - 교차로횡단보도내,승용,남,41세,상해없음,이륜,남,21세,경상
2022051300100489,2022년 5월 13일 18시,금요일,충청남도 천안시 동남구 풍세면,경상사고,0,0,1,0,차대차 - 기타,신호위반,건조,맑음,교차로 - 교차로안,승용,남,66세,상해없음,이륜,남,28세,경상
2022051300100542,2022년 5월 13일 19시,금요일,충청남도 천안시 서북구 직산읍,경상사고,0,0,1,0,차대차 - 기타,안전운전불이행,건조,맑음,교차로 - 교차로부근,승용,남,82세,상해없음,승용,여,39세,경상
2022051300100544,2022년 5월 13일 19시,금요일,충청남도 천안시 동남구 원성동,경상사고,0,0,1,0,차대차 - 측면충돌,안전운전불이행,건조,맑음,교차로 - 교차로안,승용,남,54세,상해없음,승용,남,74세,경상
2022051300100588,2022년 5월 13일 20시,금요일,충청남도 천안시 서북구 불당동,경상사고,0,0,4,1,차대차 - 측면충돌,안전운전불이행,건조,맑음,교차로 - 교차로안,승용,남,19세,경상,승용,남,32세,경상
2022051300100620,2022년 5월 13일 21시,금요일,충청남도 천안시 동남구 삼룡동,경상사고,0,0,1,0,차대차 - 기타,안전운전불이행,건조,맑음,단일로 - 기타,승용,남,73세,상해없음,화물,남,64세,경상
2022051400100196,2022년 5월 14일 11시,토요일,충청남도 천안시 동남구 용곡동,경상사고,0,0,1,0,차대차 - 기타,안전운전불이행,건조,맑음,단일로 - 기타,개인형이동수단(PM),남,44세,경상,자전거,여,46세,상해없음
2022051400100366,2022년 5월 14일 15시,토요일,충청남도 천안시 서북구 신당동,중상사고,0,1,1,0,차대차 - 기타,신호위반,건조,맑음,교차로 - 교차로안,승용,남,50세,상해없음,화물,남,55세,경상
2022051400100532,2022년 5월 14일 19시,토요일,충청남도 천안시 서북구 두정동,경상사고,0,0,1,0,차대차 - 측면충돌,안전운전불이행,건조,맑음,단일로 - 기타,이륜,남,18세,상해없음,이륜,남,32세,경상
2022051400100568,2022년 5월 14일 20시,토요일,충청남도 천안시 동남구 쌍용동,중상사고,0,1,0,0,차대사람 - 횡단중,안전운전불이행,건조,맑음,교차로 - 교차로안,승용,남,70세,상해없음,보행자,남,63세,중상
2022051400100569,2022년 5월 14일 20시,토요일,충청남도 천안시 동남구 신방동,경상사고,0,0,2,0,차대차 - 측면충돌,안전운전불이행,건조,맑음,단일로 - 기타,승용,여,55세,상해없음,승용,남,24세,경상
2022051400100647,2022년 5월 14일 23시,토요일,충청남도 천안시 서북구 직산읍,경상사고,0,0,2,0,차대차 - 정면충돌,신호위반,건조,맑음,교차로 - 교차로안,승용,남,36세,상해없음,승용,남,66세,경상
2022051500100055,2022년 5월 15일 03시,일요일,충청남도 천안시 서북구 성정동,중상사고,0,1,0,0,차대사람 - 기타,기타,건조,맑음,교차로 - 교차로안,승용,남,32세,상해없음,보행자,남,47세,중상
2022051500100137,2022년 5월 15일 10시,일요일,충청남도 천안시 서북구 쌍용동,경상사고,0,0,2,0,차대차 - 추돌,안전운전불이행,건조,맑음,교차로 - 교차로부근,승용,남,62세,상해없음,승합,남,51세,경상
2022051500100139,2022년 5월 15일 10시,일요일,충청남도 천안시 동남구 안서동,경상사고,0,0,2,0,차대차 - 추돌,기타,건조,맑음,단일로 - 지하차도(도로)내,승용,남,49세,경상,승용,남,51세,경상
2022051500100402,2022년 5월 15일 18시,일요일,충청남도 천안시 서북구 두정동,경상사고,0,0,1,0,차대사람 - 차도통행중,안전운전불이행,건조,맑음,교차로 - 교차로안,승용,여,63세,상해없음,보행자,남,60세,경상
2022051500100470,2022년 5월 15일 21시,일요일,충청남도 천안시 서북구 성정동,중상사고,0,1,0,0,차대차 - 기타,안전운전불이행,건조,맑음,단일로 - 기타,승용,남,30세,상해없음,이륜,여,27세,중상
2022051500100503,2022년 5월 15일 23시,일요일,충청남도 천안시 동남구 성남면,경상사고,0,0,1,0,차대차 - 기타,안전운전불이행,건조,맑음,단일로 - 기타,승용,남,23세,상해없음,승용,남,35세,경상
2022051600100043,2022년 5월 16일 06시,월요일,충청남도 천안시 서북구 불당동,경상사고,0,0,2,0,차대차 - 측면충돌,신호위반,건조,맑음,단일로 - 지하차도(도로)내,화물,남,48세,상해없음,승용,남,52세,경상
2022051600100189,2022년 5월 16일 10시,월요일,충청남도 천안시 서북구 차암동,경상사고,0,0,1,0,차대차 - 기타,안전거리미확보,건조,맑음,단일로 - 기타,화물,남,73세,상해없음,승용,남,36세,경상
2022051600100190,2022년 5월 16일 10시,월요일,충청남도 천안시 서북구 성정동,경상사고,0,0,1,0,차대차 - 추돌,안전운전불이행,건조,맑음,단일로 - 기타,승용,여,54세,상해없음,원동기,남,54세,경상
2022051600100248,2022년 5월 16일 12시,월요일,충청남도 천안시 서북구 두정동,중상사고,0,1,0,0,차대사람 - 횡단중,보행자보호의무위반,건조,맑음,교차로 - 교차로부근,승용,여,51세,상해없음,보행자,여,42세,중상
2022051600100249,2022년 5월 16일 12시,월요일,충청남도 천안시 서북구 성환읍,중상사고,0,1,0,0,차량단독 - 기타,안전운전불이행,건조,맑음,교차로 - 교차로안,승용,남,51세,상해없음,,,,
2022051600100314,2022년 5월 16일 14시,월요일,충청남도 천안시 서북구 불당동,중상사고,0,1,3,0,차대차 - 기타,신호위반,건조,맑음,교차로 - 교차로안,이륜,남,51세,경상,승합,남,55세,상해없음
2022051600100358,2022년 5월 16일 15시,월요일,충청남도 천안시 서북구 성환읍,경상사고,0,0,1,0,차대차 - 추돌,안전운전불이행,건조,맑음,단일로 - 기타,화물,남,48세,상해없음,화물,남,47세,경상
2022051600100445,2022년 5월 16일 17시,월요일,충청남도 천안시 동남구 병천면,경상사고,0,0,1,0,차대차 - 기타,안전운전불이행,건조,맑음,교차로 - 교차로안,승용,남,28세,상해없음,화물,남,56세,경상
2022051600100483,2022년 5월 16일 18시,월요일,충청남도 천안시 서북구 쌍용동,경상사고,0,0,1,0,차대사람 - 횡단중,안전운전불이행,건조,맑음,단일로 - 기타,승용,남,25세,상해없음,보행자,남,9세,경상
2022051600100484,2022년 5월 16일 18시,월요일,충청남도 천안시 동남구 청당동,경상사고,0,0,1,0,차대차 - 기타,안전운전불이행,건조,맑음,단일로 - 기타,승용,남,48세,상해없음,이륜,남,17세,경상
2022051600100524,2022년 5월 16일 19시,월요일,충청남도 천안시 동남구 청당동,경상사고,0,0,1,0,차대차 - 측면충돌,안전운전불이행,건조,맑음,단일로 - 기타,화물,남,59세,상해없음,승용,여,32세,경상
2022051600100596,2022년 5월 16일 22시,월요일,충청남도 천안시 서북구 부대동,경상사고,0,0,1,2,차대차 - 측면충돌,안전운전불이행,건조,맑음,단일로 - 기타,원동기,남,20세,부상신고,승용,남,34세,경상
2022051700100013,2022년 5월 17일 01시,화요일,충청남도 천안시 서북구 성성동,경상사고,0,0,2,0,차대차 - 추돌,안전운전불이행,건조,맑음,교차로 - 교차로부근,승용,남,28세,상해없음,승용,남,36세,경상