사고번호,사고일시,요일,시군구,사고내용,사망자수,중상자수,경상자수,부상신고자수,사고유형,법규위반,노면상태,기상상태,도로형태,가해운전자 차종,가해운전자 성별,가해운전자 연령,가해운전자 상해정도,피해운전자 차종,피해운전자 성별,피해운전자 연령,피해운전자 상해정도
2022051700100097,2022년 5월 17일 08시,화요일,충청남도 천안시 동남구 청당동,경상사고,0,0,1,0,차대차 - 측면충돌,안전거리미확보,건조,맑음,단일로 - 기타,화물,남,63세,상해없음,승용,남,31세,경상
2022051700100232,2022년 5월 17일 12시,화요일,충청남도 천안시 동남구 동면,경상사고,0,0,2,0,차대차 - 추돌,안전운전불이행,건조,맑음,교차로 - 교차로부근,이륜,남,70세,경상,승용,남,54세,경상
2022051700100302,2022년 5월 17일 14시,화요일,충청남도 천안시 서북구 쌍용동,경상사고,0,0,1,0,차대차 - 측면충돌,안전운전불이행,건조,맑음,교차로 - 교차로안,승용,남,51세,기타불명,승용,남,68세,상해없음
2022051700100336,2022년 5월 17일 15시,화요일,충청남도 천안시 동남구 성남면,경상사고,0,0,3,0,차대차 - 후진중충돌,안전운전불이행,건조,맑음,교차로 - 교차로안,화물,남,37세,경상,승용,여,60세,경상
2022051700100377,2022년 5월 17일 16시,화요일,충청남도 천안시 서북구 성성동,중상사고,0,1,0,0,차대차 - 기타,기타,건조,맑음,교차로 - 교차로부근,승용,남,27세,상해없음,자전거,남,40세,중상
2022051700100417,2022년 5월 17일 17시,화요일,충청남도 천안시 서북구 차암동,경상사고,0,0,1,0,차대차 - 추돌,안전운전불이행,건조,맑음,교차로 - 교차로부근,승용,여,34세,상해없음,승용,여,42세,경상
2022051700100420,2022년 5월 17일 17시,화요일,충청남도 천안시 동남구 목천읍,경상사고,0,0,1,0,차대차 - 측면충돌,안전운전불이행,건조,맑음,교차로 - 교차로부근,승용,여,25세,상해없음,화물,남,49세,경상
2022051700100586,2022년 5월 17일 22시,화요일,충청남도 천안시 서북구 성정동,경상사고,0,0,1,0,차대차 - 기타,신호위반,건조,맑음,교차로 - 교차로안,승용,남,31세,상해없음,이륜,남,25세,경상
2022051700100613,2022년 5월 17일 23시,화요일,충청남도 천안시 서북구 쌍용동,경상사고,0,0,1,0,차대차 - 추돌,안전운전불이행,건조,맑음,교차로 - 교차로부근,승용,남,60세,상해없음,이륜,남,70세,경상
2022051800100007,2022년 5월 18일 00시,수요일,충청남도 천안시 서북구 불당동,경상사고,0,0,1,0,차대차 - 측면충돌,신호위반,건조,맑음,교차로 - 교차로안,승용,남,53세,상해없음,승용,여,24세,경상
2022051800100037,2022년 5월 18일 05시,수요일,충청남도 천안시 서북구 성환읍,경상사고,0,0,2,0,차대차 - 추돌,안전운전불이행,건조,맑음,교차로 - 교차로안,승용,여,47세,상해없음,승용,남,27세,경상
2022051800100104,2022년 5월 18일 08시,수요일,충청남도 천안시 동남구 봉명동,경상사고,0,0,3,0,차대차 - 추돌,안전운전불이행,건조,맑음,교차로 - 교차로안,자전거,남,14세,경상,승용,남,42세,경상
2022051800100342,2022년 5월 18일 15시,수요일,충청남도 천안시 동남구 동면,경상사고,0,0,1,0,차대차 - 측면충돌,안전운전불이행,건조,맑음,교차로 - 교차로안,화물,남,45세,상해없음,승용,남,62세,경상
2022051800100432,2022년 5월 18일 17시,수요일,충청남도 천안시 서북구 차암동,중상사고,0,1,1,0,차대차 - 기타,교차로운행방법위반,건조,맑음,교차로 - 교차로안,승용,남,66세,중상,승용,남,30세,경상
2022051800100574,2022년 5월 18일 21시,수요일,충청남도 천안시 서북구 백석동,경상사고,0,0,2,0,차대차 - 추돌,안전운전불이행,건조,맑음,교차로 - 교차로부근,승용,남,55세,상해없음,승용,남,56세,경상
2022051900100023,2022년 5월 19일 02시,목요일,충청남도 천안시 동남구 목천읍,중상사고,0,1,1,0,차대차 - 측면충돌,교차로운행방법위반,건조,맑음,교차로 - 교차로안,화물,남,51세,중상,화물,남,43세,경상
2022051900100119,2022년 5월 19일 08시,목요일,충청남도 천안시 동남구 목천읍,경상사고,0,0,1,0,차대차 - 측면충돌,안전운전불이행,건조,맑음,단일로 - 기타,승용,남,28세,상해없음,승용,여,45세,경상
2022051900100318,2022년 5월 19일 15시,목요일,충청남도 천안시 서북구 성정동,경상사고,0,0,1,1,차대차 - 측면충돌,직진우회전진행방해,건조,맑음,교차로 - 교차로안,화물,남,52세,부상신고,승용,여,51세,경상
2022052000100018,2022년 5월 20일 01시,금요일,충청남도 천안시 서북구 성정동,중상사고,0,1,0,0,차대차 - 측면충돌,신호위반,건조,맑음,교차로 - 교차로부근,승용,남,33세,상해없음,이륜,남,41세,중상
2022052000100019,2022년 5월 20일 01시,금요일,충청남도 천안시 서북구 성정동,경상사고,0,0,2,0,차대차 - 추돌,안전운전불이행,건조,맑음,교차로 - 교차로부근,승용,여,44세,상해없음,승용,남,25세,경상
2022052000100120,2022년 5월 20일 08시,금요일,충청남도 천안시 동남구 원성동,중상사고,0,1,0,0,차대사람 - 횡단중,신호위반,건조,맑음,교차로 - 교차로횡단보도내,승합,남,53세,상해없음,보행자,여,13세,중상
2022052000100155,2022년 5월 20일 09시,금요일,충청남도 천안시 동남구 신방동,경상사고,0,0,1,0,차대차 - 기타,교차로운행방법위반,건조,맑음,단일로 - 기타,건설기계,남,56세,상해없음,화물,남,31세,경상
2022052000100184,2022년 5월 20일 10시,금요일,충청남도 천안시 동남구 대흥동,중상사고,0,1,0,0,차대사람 - 기타,보행자보호의무위반,건조,맑음,단일로 - 기타,승용,남,51세,상해없음,보행자,여,63세,중상
2022052000100268,2022년 5월 20일 13시,금요일,충청남도 천안시 서북구 쌍용동,경상사고,0,0,2,0,차대차 - 측면충돌,안전운전불이행,건조,맑음,단일로 - 기타,승용,여,42세,상해없음,승용,여,42세,경상
2022052000100446,2022년 5월 20일 17시,금요일,충청남도 천안시 서북구 성거읍,경상사고,0,0,2,0,차대차 - 기타,안전운전불이행,건조,맑음,단일로 - 기타,승용,남,24세,경상,건설기계,남,57세,경상
2022052000100447,2022년 5월 20일 17시,금요일,충청남도 천안시 서북구 성정동,경상사고,0,0,1,0,차대차 - 기타,안전운전불이행,건조,맑음,교차로 - 교차로부근,승용,남,50세,상해없음,이륜,남,34세,경상
2022052000100449,2022년 5월 20일 17시,금요일,충청남도 천안시 동남구 신방동,경상사고,0,0,2,0,차대차 - 측면충돌,안전거리미확보,건조,맑음,단일로 - 기타,화물,남,50세,상해없음,승용,여,52세,경상
2022052000100450,2022년 5월 20일 17시,금요일,충청남도 천안시 동남구 원성동,경상사고,0,0,1,0,차대차 - 측면충돌,안전운전불이행,건조,맑음,단일로 - 기타,이륜,남,59세,경상,승용,남,31세,상해없음
2022052000100590,2022년 5월 20일 20시,금요일,충청남도 천안시 서북구 성거읍,경상사고,0,0,1,0,차대차 - 기타,안전운전불이행,건조,맑음,기타 - 기타,승용,여,41세,상해없음,승용,남,66세,경상
2022052000100624,2022년 5월 20일 21시,금요일,충청남도 천안시 동남구 영성동,경상사고,0,0,1,0,차대차 - 기타,안전운전불이행,건조,맑음,교차로 - 교차로부근,승용,여,76세,상해없음,승용,여,23세,경상
2022052100100119,2022년 5월 21일 09시,토요일,충청남도 천안시 서북구 두정동,중상사고,0,1,0,0,차대사람 - 횡단중,안전운전불이행,건조,맑음,교차로 - 교차로횡단보도내,승용,남,25세,기타불명,보행자,여,50세,중상
2022052100100120,2022년 5월 21일 09시,토요일,충청남도 천안시 서북구 성거읍,경상사고,0,0,3,0,차대차 - 정면충돌,안전운전불이행,건조,맑음,교차로 - 교차로안,승용,여,71세,상해없음,승용,남,56세,경상
2022052100100122,2022년 5월 21일 09시,토요일,충청남도 천안시 동남구 구성동,경상사고,0,0,3,0,차대차 - 추돌,안전운전불이행,건조,맑음,단일로 - 기타,승합,남,55세,상해없음,승용,남,31세,경상
2022052100100197,2022년 5월 21일 11시,토요일,충청남도 천안시 서북구 차암동,경상사고,0,0,1,0,차대차 - 측면충돌,안전운전불이행,건조,맑음,교차로 - 교차로부근,승용,여,28세,기타불명,승용,남,36세,경상
2022052100100609,2022년 5월 21일 23시,토요일,충청남도 천안시 동남구 신부동,경상사고,0,0,1,0,차대차 - 측면충돌,안전거리미확보,건조,맑음,단일로 - 기타,승용,남,61세,상해없음,이륜,남,27세,경상
2022052200100036,2022년 5월 22일 03시,일요일,충청남도 천안시 서북구 두정동,경상사고,0,0,1,0,차대사람 - 차도통행중,안전운전불이행,건조,맑음,단일로 - 기타,이륜,남,33세,상해없음,보행자,남,27세,경상
2022052200100037,2022년 5월 22일 03시,일요일,충청남도 천안시 동남구 광덕면,중상사고,0,1,0,0,차대차 - 추돌,안전운전불이행,건조,맑음,단일로 - 기타,승용,남,23세,상해없음,이륜,남,78세,중상
2022052200100132,2022년 5월 22일 11시,일요일,충청남도 천안시 서북구 성환읍,경상사고,0,0,2,0,차대차 - 추돌,안전운전불이행,건조,맑음,단일로 - 기타,화물,여,60세,기타불명,승용,남,23세,경상
2022052200100198,2022년 5월 22일 13시,일요일,충청남도 천안시 서북구 입장면,사망사고,1,1,0,0,차대차 - 측면충돌,신호위반,건조,맑음,교차로 - 교차로안,이륜,남,74세,사망,이륜,남,30세,중상
2022052200100232,2022년 5월 22일 14시,일요일,충청남도 천안시 서북구 두정동,경상사고,0,0,1,0,차대차 - 후진중충돌,안전운전불이행,건조,맑음,단일로 - 기타,승용,남,50세,상해없음,승용,남,32세,경상
2022052200100233,2022년 5월 22일 14시,일요일,충청남도 천안시 동남구 영성동,경상사고,0,0,1,0,차대사람 - 기타,보행자보호의무위반,건조,맑음,교차로 - 교차로부근,승합,남,32세,상해없음,보행자,여,74세,경상
2022052200100377,2022년 5월 22일 18시,일요일,충청남도 천안시 서북구 두정동,경상사고,0,0,1,0,차대차 - 기타,교차로운행방법위반,건조,맑음,교차로 - 교차로안,이륜,남,46세,상해없음,개인형이동수단(PM),남,15세,경상
2022052200100491,2022년 5월 22일 23시,일요일,충청남도 천안시 동남구 안서동,경상사고,0,0,1,0,차대차 - 측면충돌,안전운전불이행,건조,맑음,단일로 - 기타,승용,남,69세,상해없음,승용,남,24세,상해없음
2022052300100066,2022년 5월 23일 07시,월요일,충청남도 천안시 서북구 직산읍,경상사고,0,0,1,0,차대차 - 기타,중앙선침범,건조,맑음,단일로 - 기타,승용,남,42세,상해없음,승용,남,60세,상해없음
2022052300100067,2022년 5월 23일 07시,월요일,충청남도 천안시 동남구 신부동,경상사고,0,0,1,0,차대차 - 측면충돌,안전운전불이행,건조,맑음,단일로 - 기타,화물,남,52세,상해없음,승용,여,26세,경상
2022052300100096,2022년 5월 23일 08시,월요일,충청남도 천안시 서북구 백석동,중상사고,0,1,0,0,차대사람 - 횡단중,안전운전불이행,건조,맑음,교차로 - 교차로횡단보도내,승용,남,36세,상해없음,보행자,남,65세,중상
2022052300100097,2022년 5월 23일 08시,월요일,충청남도 천안시 서북구 불당동,경상사고,0,0,1,0,차대차 - 추돌,안전운전불이행,건조,맑음,단일로 - 기타,승용,남,49세,상해없음,승용,여,46세,경상
2022052300100145,2022년 5월 23일 09시,월요일,충청남도 천안시 동남구 문화동,경상사고,0,0,2,0,차대차 - 측면충돌,중앙선침범,건조,맑음,교차로 - 교차로부근,승용,남,66세,상해없음,승용,여,77세,경상
2022052300100186,2022년 5월 23일 10시,월요일,충청남도 천안시 서북구 입장면,중상사고,0,1,0,0,차대사람 - 기타,안전운전불이행,건조,맑음,교차로 - 교차로안,승용,여,66세,상해없음,보행자,여,63세,중상
2022052300100351,2022년 5월 23일 15시,월요일,충청남도 천안시 서북구 성환읍,경상사고,0,0,1,0,차대차 - 측면충돌,중앙선침범,건조,맑음,단일로 - 기타,승용,남,65세,상해없음,승용,여,28세,경상
2022052300100405,2022년 5월 23일 16시,월요일,충청남도 천안시 동남구 신부동,중상사고,0,1,0,0,차대차 - 기타,안전운전불이행,건조,맑음,단일로 - 기타,승용,남,63세,상해없음,이륜,여,32세,중상
2022052300100552,2022년 5월 23일 20시,월요일,충청남도 천안시 동남구 봉명동,중상사고,0,1,0,0,차대사람 - 보도통행중,기타,건조,맑음,단일로 - 기타,화물,남,53세,상해없음,보행자,남,28세,중상
2022052300100553,2022년 5월 23일 20시,월요일,충청남도 천안시 동남구 원성동,중상사고,0,1,0,0,차대사람 - 기타,안전운전불이행,건조,맑음,교차로 - 교차로안,원동기,남,70세,상해없음,보행자,여,81세,중상
2022052300100585,2022년 5월 23일 21시,월요일,충청남도 천안시 서북구 백석동,경상사고,0,0,2,0,차대차 - 추돌,중앙선침범,건조,맑음,교차로 - 교차로부근,이륜,남,40세,경상,승용,여,65세,경상
2022052400100012,2022년 5월 24일 01시,화요일,충청남도 천안시 동남구 신방동,경상사고,0,0,1,0,차대차 - 기타,안전운전불이행,건조,맑음,단일로 - 기타,기타불명,기타불명,미분류,기타불명,승용,남,56세,상해없음
2022052400100091,2022년 5월 24일 08시,화요일,충청남도 천안시 동남구 신방동,경상사고,0,0,1,0,차대차 - 측면충돌,안전운전불이행,건조,맑음,교차로 - 교차로부근,자전거,남,69세,기타불명,자전거,여,59세,경상
2022052400100309,2022년 5월 24일 14시,화요일,충청남도 천안시 서북구 두정동,경상사고,0,0,1,0,차대차 - 기타,안전운전불이행,건조,맑음,단일로 - 기타,승용,남,59세,상해없음,이륜,남,37세,경상
2022052400100391,2022년 5월 24일 16시,화요일,충청남도 천안시 서북구 쌍용동,중상사고,0,1,0,0,차대차 - 기타,안전운전불이행,건조,맑음,교차로 - 교차로부근,승용,여,53세,상해없음,자전거,남,10세,중상
2022052400100566,2022년 5월 24일 21시,화요일,충청남도 천안시 서북구 성정동,경상사고,0,0,1,0,차대사람 - 횡단중,기타,건조,맑음,교차로 - 교차로횡단보도내,승용,남,38세,상해없음,보행자,여,37세,경상
2022052500100100,2022년 5월 25일 08시,수요일,충청남도 천안시 서북구 성정동,사망사고,1,0,1,0,차대차 - 기타,신호위반,건조,맑음,단일로 - 기타,화물,남,44세,상해없음,이륜,남,58세,경상
2022052500100101,2022년 5월 25일 08시,수요일,충청남도 천안시 서북구 성환읍,경상사고,0,0,1,0,차대차 - 정면충돌,신호위반,건조,맑음,교차로 - 교차로안,승용,남,24세,상해없음,승용,여,18세,경상
2022052500100281,2022년 5월 25일 13시,수요일,충청남도 천안시 동남구 다가동,경상사고,0,0,2,0,차대차 - 측면충돌,안전운전불이행,건조,맑음,단일로 - 기타,승용,남,67세,상해없음,승용,남,79세,경상
2022052500100365,2022년 5월 25일 15시,수요일,충청남도 천안시 서북구 두정동,경상사고,0,0,1,0,차대차 - 측면충돌,안전거리미확보,건조,맑음,단일로 - 기타,승용,남,64세,상해없음,승합,남,51세,경상
2022052500100366,2022년 5월 25일 15시,수요일,충청남도 천안시 서북구 신당동,중상사고,0,1,0,0,차대사람 - 기타,안전운전불이행,건조,맑음,단일로 - 기타,건설기계,남,54세,기타불명,보행자,남,30세,중상
2022052500100450,2022년 5월 25일 17시,수요일,충청남도 천안시 동남구 신부동,경상사고,0,0,1,0,차대차 - 측면충돌,안전거리미확보,건조,맑음,단일로 - 기타,화물,남,72세,상해없음,승용,여,44세,경상
2022052500100578,2022년 5월 25일 20시,수요일,충청남도 천안시 서북구 두정동,중상사고,0,1,0,0,차대차 - 기타,교차로운행방법위반,건조,맑음,교차로 - 교차로안,기타불명,기타불명,미분류,기타불명,이륜,남,34세,중상
2022052600100050,2022년 5월 26일 04시,목요일,충청남도 천안시 서북구 업성동,경상사고,0,0,1,1,차대차 - 추돌,안전운전불이행,젖음/습기,흐림,단일로 - 기타,승용,남,40세,부상신고,특수,남,27세,경상
2022052600100201,2022년 5월 26일 10시,목요일,충청남도 천안시 서북구 성성동,경상사고,0,0,2,0,차대차 - 기타,차로위반,건조,맑음,단일로 - 기타,승용,여,44세,상해없음,승용,남,62세,경상
2022052600100202,2022년 5월 26일 10시,목요일,충청남도 천안시 동남구 청당동,중상사고,0,1,1,0,차대차 - 추돌,안전운전불이행,건조,맑음,단일로 - 기타,승합,남,46세,상해없음,이륜,남,72세,중상
2022052600100254,2022년 5월 26일 12시,목요일,충청남도 천안시 서북구 불당동,경상사고,0,0,2,0,차대차 - 측면충돌,중앙선침범,건조,맑음,단일로 - 기타,승용,여,51세,상해없음,승용,남,21세,기타불명
2022052600100289,2022년 5월 26일 13시,목요일,충청남도 천안시 서북구 성정동,경상사고,0,0,3,0,차대차 - 정면충돌,교차로운행방법위반,건조,맑음,교차로 - 교차로안,승용,여,55세,경상,이륜,남,16세,경상
2022052600100318,2022년 5월 26일 14시,목요일,충청남도 천안시 서북구 성환읍,중상사고,0,1,1,0,차대차 - 추돌,안전운전불이행,건조,맑음,단일로 - 기타,화물,남,58세,중상,승용,남,47세,경상
2022052600100449,2022년 5월 26일 17시,목요일,충청남도 천안시 동남구 안서동,중상사고,0,1,0,0,차대차 - 추돌,안전운전불이행,건조,맑음,단일로 - 기타,승용,남,51세,상해없음,승용,여,35세,중상
2022052600100450,2022년 5월 26일 17시,목요일,충청남도 천안시 동남구 원성동,경상사고,0,0,1,0,차대차 - 측면충돌,안전거리미확보,건조,맑음,교차로 - 교차로부근,승용,여,60세,상해없음,승용,여,62세,경상
2022052600100592,2022년 5월 26일 20시,목요일,충청남도 천안시 서북구 두정동,경상사고,0,0,1,0,차대차 - 기타,안전운전불이행,건조,맑음,기타 - 기타,승용,여,57세,상해없음,이륜,남,41세,경상
2022052600100619,2022년 5월 26일 21시,목요일,충청남도 천안시 서북구 성정동,경상사고,0,0,1,0,차대차 - 기타,교차로운행방법위반,건조,맑음,교차로 - 교차로안,승용,남,48세,상해없음,화물,남,49세,경상
2022052700100155,2022년 5월 27일 09시,금요일,충청남도 천안시 동남구 신방동,경상사고,0,0,1,0,차대차 - 측면충돌,차로위반,건조,맑음,단일로 - 기타,화물,남,77세,상해없음,승용,여,51세,경상
2022052700100181,2022년 5월 27일 10시,금요일,충청남도 천안시 서북구 성환읍,중상사고,0,1,0,0,차대차 - 측면충돌,안전운전불이행,건조,맑음,교차로 - 교차로안,승용,여,56세,상해없음,승용,여,74세,상해없음
2022052700100182,2022년 5월 27일 10시,금요일,충청남도 천안시 동남구 사직동,중상사고,0,1,0,0,차대차 - 측면충돌,안전운전불이행,건조,맑음,기타 - 기타,화물,남,76세,상해없음,자전거,여,67세,중상
2022052700100213,2022년 5월 27일 11시,금요일,충청남도 천안시 서북구 쌍용동,경상사고,0,0,1,0,차대사람 - 횡단중,안전운전불이행,건조,맑음,단일로 - 기타,이륜,남,63세,상해없음,보행자,여,20세,경상
2022052700100308,2022년 5월 27일 14시,금요일,충청남도 천안시 서북구 불당동,경상사고,0,0,1,0,차대차 - 측면충돌,직진우회전진행방해,건조,맑음,교차로 - 교차로안,승용,남,62세,상해없음,승용,여,40세,경상
2022052700100347,2022년 5월 27일 15시,금요일,충청남도 천안시 서북구 불당동,중상사고,0,1,0,0,차대사람 - 보도통행중,기타,건조,맑음,단일로 - 기타,자전거,여,27세,상해없음,보행자,여,48세,중상
2022052700100349,2022년 5월 27일 15시,금요일,충청남도 천안시 동남구 용곡동,경상사고,0,0,2,0,차대차 - 추돌,안전거리미확보,건조,맑음,교차로 - 교차로부근,승용,여,44세,상해없음,승용,남,71세,경상
2022052700100397,2022년 5월 27일 16시,금요일,충청남도 천안시 서북구 쌍용동,경상사고,0,0,2,0,차대차 - 측면충돌,안전운전불이행,건조,맑음,단일로 - 기타,승용,남,27세,상해없음,승용,여,53세,경상
2022052700100472,2022년 5월 27일 17시,금요일,충청남도 천안시 동남구 삼룡동,경상사고,0,0,2,0,차대차 - 측면충돌,안전운전불이행,건조,맑음,교차로 - 교차로안,승용,여,33세,경상,승용,여,21세,경상
2022052700100530,2022년 5월 27일 18시,금요일,충청남도 천안시 서북구 두정동,중상사고,0,1,1,0,차대차 - 추돌,안전운전불이행,건조,맑음,단일로 - 기타,화물,남,53세,상해없음,승용,여,48세,중상
2022052700100533,2022년 5월 27일 18시,금요일,충청남도 천안시 서북구 성거읍,중상사고,0,2,0,0,차대차 - 기타,안전거리미확보,건조,맑음,단일로 - 기타,승용,여,60세,상해없음,승용,남,40세,중상
2022052700100577,2022년 5월 27일 19시,금요일,충청남도 천안시 서북구 불당동,경상사고,0,0,1,0,차대사람 - 횡단중,안전운전불이행,건조,맑음,단일로 - 기타,승용,남,55세,상해없음,보행자,남,49세,경상
2022052700100617,2022년 5월 27일 20시,금요일,충청남도 천안시 서북구 불당동,경상사고,0,0,1,0,차대차 - 측면충돌,안전운전불이행,건조,맑음,단일로 - 기타,승용,남,37세,상해없음,승합,여,43세,경상
2022052700100642,2022년 5월 27일 21시,금요일,충청남도 천안시 서북구 성정동,경상사고,0,0,1,0,차대사람 - 횡단중,보행자보호의무위반,건조,맑음,교차로 - 교차로횡단보도내,화물,남,38세,상해없음,보행자,남,41세,경상
2022052800100074,2022년 5월 28일 07시,토요일,충청남도 천안시 서북구 성정동,중상사고,0,1,0,0,차대차 - 추돌,안전운전불이행,건조,맑음,교차로 - 교차로부근,승용,여,24세,상해없음,승용,여,59세,중상
2022052800100112,2022년 5월 28일 09시,토요일,충청남도 천안시 동남구 목천읍,경상사고,0,0,2,0,차대차 - 기타,안전운전불이행,건조,맑음,단일로 - 기타,특수,남,46세,상해없음,승용,남,61세,경상
2022052800100191,2022년 5월 28일 11시,토요일,충청남도 천안시 서북구 백석동,경상사고,0,0,1,0,차대차 - 측면충돌,안전운전불이행,건조,맑음,교차로 - 교차로안,승용,여,38세,상해없음,자전거,남,8세,경상
2022052800100312,2022년 5월 28일 14시,토요일,충청남도 천안시 동남구 원성동,경상사고,0,0,1,0,차대차 - 기타,안전거리미확보,건조,맑음,교차로 - 교차로부근,승용,여,35세,상해없음,승용,여,31세,상해없음
2022052800100359,2022년 5월 28일 15시,토요일,충청남도 천안시 서북구 불당동,경상사고,0,0,1,0,차대차 - 기타,안전운전불이행,건조,맑음,단일로 - 기타,자전거,남,13세,경상,승용,남,53세,상해없음
2022052800100569,2022년 5월 28일 21시,토요일,충청남도 천안시 서북구 성환읍,경상사고,0,0,1,0,차대사람 - 기타,안전운전불이행,건조,맑음,교차로 - 교차로안,승용,여,40세,상해없음,보행자,남,59세,경상
2022052800100570,2022년 5월 28일 21시,토요일,충청남도 천안시 서북구 두정동,경상사고,0,0,2,0,차대차 - 기타,안전운전불이행,건조,맑음,교차로 - 교차로부근,승합,남,49세,상해없음,승용,남,28세,경상
2022052900100008,2022년 5월 29일 00시,일요일,충청남도 천안시 서북구 성정동,경상사고,0,0,1,0,차대차 - 기타,안전운전불이행,건조,맑음,단일로 - 기타,승용,남,47세,상해없음,이륜,남,33세,경상
2022052900100209,2022년 5월 29일 13시,일요일,충청남도 천안시 서북구 입장면,경상사고,0,0,2,0,차대차 - 추돌,안전운전불이행,건조,맑음,단일로 - 기타,화물,남,44세,상해없음,승용,남,39세,경상
2022052900100234,2022년 5월 29일 14시,일요일,충청남도 천안시 서북구 성성동,경상사고,0,0,1,0,차대사람 - 횡단중,보행자보호의무위반,건조,맑음,교차로 - 교차로안,이륜,남,35세,상해없음,보행자,여,6세,경상
2022052900100369,2022년 5월 29일 18시,일요일,충청남도 천안시 서북구 성정동,경상사고,0,0,2,0,차대차 - 측면충돌,안전운전불이행,건조,맑음,단일로 - 기타,이륜,남,35세,경상,이륜,남,16세,경상
2022052900100421,2022년 5월 29일 20시,일요일,충청남도 천안시 서북구 두정동,경상사고,0,0,2,0,차대차 - 추돌,안전거리미확보,건조,맑음,교차로 - 교차로부근,승용,남,52세,경상,승합,남,50세,경상
2022052900100423,2022년 5월 29일 20시,일요일,충청남도 천안시 동남구 목천읍,경상사고,0,0,1,0,차대차 - 추돌,안전운전불이행,건조,맑음,단일로 - 기타,승용,여,57세,상해없음,승용,남,27세,경상
2022052900100462,2022년 5월 29일 22시,일요일,충청남도 천안시 서북구 성정동,경상사고,0,0,1,0,차대차 - 기타,신호위반,건조,맑음,교차로 - 교차로안,화물,남,36세,상해없음,승용,남,44세,경상
2022052900100463,2022년 5월 29일 22시,일요일,충청남도 천안시 동남구 신방동,중상사고,0,1,0,0,차대차 - 추돌,안전운전불이행,건조,맑음,단일로 - 기타,이륜,남,17세,중상,화물,남,58세,상해없음
2022053000100116,2022년 5월 30일 09시,월요일,충청남도 천안시 서북구 직산읍,중상사고,0,1,0,0,차량단독 - 공작물충돌,안전운전불이행,건조,맑음,단일로 - 기타,승용,여,78세,상해없음,,,,
2022053000100117,2022년 5월 30일 09시,월요일,충청남도 천안시 동남구 다가동,중상사고,0,1,0,0,차대사람 - 횡단중,안전운전불이행,건조,맑음,단일로 - 기타,화물,남,59세,기타불명,보행자,여,73세,중상
2022053000100118,2022년 5월 30일 09시,월요일,충청남도 천안시 동남구 신방동,중상사고,0,1,0,0,차대사람 - 횡단중,안전운전불이행,건조,맑음,단일로 - 기타,승용,남,58세,상해없음,보행자,여,26세,중상
2022053000100163,2022년 5월 30일 11시,월요일,충청남도 천안시 동남구 목천읍,중상사고,0,1,0,0,차대차 - 추돌,안전거리미확보,건조,맑음,단일로 - 고가도로위,승용,남,43세,중상,승용,남,33세,상해없음
2022053000100337,2022년 5월 30일 16시,월요일,충청남도 천안시 동남구 동면,경상사고,0,0,1,0,차대차 - 측면충돌,안전운전불이행,건조,맑음,교차로 - 교차로부근,승용,여,39세,상해없음,화물,남,39세,경상
2022053100100006,2022년 5월 31일 00시,화요일,충청남도 천안시 동남구 목천읍,사망사고,1,0,1,0,차대차 - 추돌,안전운전불이행,건조,맑음,기타 - 기타,화물,남,57세,사망,화물,남,62세,경상
2022053100100028,2022년 5월 31일 04시,화요일,충청남도 천안시 서북구 두정동,중상사고,0,1,0,0,차대차 - 측면충돌,안전거리미확보,건조,맑음,단일로 - 기타,이륜,남,33세,상해없음,이륜,남,36세,중상
2022053100100044,2022년 5월 31일 06시,화요일,충청남도 천안시 동남구 신방동,경상사고,0,0,2,0,차대차 - 측면충돌,신호위반,건조,맑음,교차로 - 교차로안,화물,남,75세,경상,승용,남,25세,경상
2022053100100117,2022년 5월 31일 08시,화요일,충청남도 천안시 동남구 청당동,경상사고,0,0,2,0,차대차 - 기타,안전거리미확보,건조,맑음,교차로 - 교차로부근,승용,남,47세,상해없음,승용,남,46세,경상
2022053100100118,2022년 5월 31일 08시,화요일,충청남도 천안시 동남구 신방동,중상사고,0,1,0,0,차대사람 - 횡단중,보행자보호의무위반,건조,맑음,교차로 - 교차로부근,승용,여,41세,상해없음,보행자,여,33세,중상
2022053100100272,2022년 5월 31일 12시,화요일,충청남도 천안시 서북구 성성동,경상사고,0,0,1,0,차대차 - 기타,안전운전불이행,건조,맑음,단일로 - 기타,승용,여,28세,기타불명,승용,남,33세,경상
2022053100100344,2022년 5월 31일 14시,화요일,충청남도 천안시 서북구 직산읍,중상사고,0,1,0,0,차대사람 - 기타,안전운전불이행,건조,맑음,교차로 - 교차로안,승용,남,40세,상해없음,보행자,남,67세,중상
2022053100100625,2022년 5월 31일 20시,화요일,충청남도 천안시 서북구 불당동,중상사고,0,1,0,0,차대차 - 기타,안전운전불이행,건조,맑음,단일로 - 기타,원동기,남,21세,상해없음,승합,남,59세,상해없음
2022053100100704,2022년 5월 31일 23시,화요일,충청남도 천안시 서북구 불당동,경상사고,0,0,1,0,차대차 - 측면충돌,신호위반,건조,맑음,교차로 - 교차로안,승용,여,42세,상해없음,이륜,남,19세,경상