사고번호,사고일시,요일,시군구,사고내용,사망자수,중상자수,경상자수,부상신고자수,사고유형,법규위반,노면상태,기상상태,도로형태,가해운전자 차종,가해운전자 성별,가해운전자 연령,가해운전자 상해정도,피해운전자 차종,피해운전자 성별,피해운전자 연령,피해운전자 상해정도
2022082100100105,2022년 8월 21일 10시,일요일,충청남도 천안시 동남구 봉명동,중상사고,0,1,0,0,차대사람 - 횡단중,안전운전불이행,건조,맑음,교차로 - 교차로안,승용,여,66세,상해없음,보행자,여,77세,중상
2022082100100278,2022년 8월 21일 16시,일요일,충청남도 천안시 동남구 원성동,경상사고,0,0,1,0,차대차 - 측면충돌,차로위반,건조,맑음,단일로 - 기타,승용,남,43세,상해없음,승용,남,21세,경상
2022082100100442,2022년 8월 21일 23시,일요일,충청남도 천안시 서북구 성정동,중상사고,0,1,0,0,차대차 - 기타,기타,건조,맑음,기타 - 기타,화물,남,29세,기타불명,개인형이동수단(PM),남,17세,중상
2022082200100182,2022년 8월 22일 10시,월요일,충청남도 천안시 서북구 성정동,경상사고,0,0,1,0,차대사람 - 기타,기타,건조,맑음,단일로 - 기타,개인형이동수단(PM),여,22세,상해없음,보행자,남,26세,경상
2022082200100215,2022년 8월 22일 11시,월요일,충청남도 천안시 서북구 불당동,경상사고,0,0,1,0,차대차 - 측면충돌,안전운전불이행,건조,맑음,단일로 - 기타,승용,남,36세,상해없음,승용,여,28세,경상
2022082200100418,2022년 8월 22일 18시,월요일,충청남도 천안시 동남구 신방동,경상사고,0,0,1,0,차대차 - 측면충돌,교차로운행방법위반,건조,맑음,교차로 - 교차로안,승용,여,26세,상해없음,승용,남,55세,경상
2022082200100502,2022년 8월 22일 21시,월요일,충청남도 천안시 서북구 불당동,경상사고,0,0,1,0,차대차 - 추돌,안전운전불이행,건조,맑음,단일로 - 기타,승용,여,39세,상해없음,승용,남,51세,경상
2022082200100503,2022년 8월 22일 21시,월요일,충청남도 천안시 서북구 성정동,중상사고,0,1,0,0,차대사람 - 횡단중,신호위반,건조,맑음,단일로 - 기타,승용,여,30세,상해없음,보행자,남,47세,중상
2022082200100525,2022년 8월 22일 22시,월요일,충청남도 천안시 서북구 성환읍,중상사고,0,1,0,0,차대차 - 측면충돌,안전거리미확보,건조,맑음,교차로 - 교차로안,승용,남,40세,상해없음,이륜,남,30세,중상
2022082200100541,2022년 8월 22일 23시,월요일,충청남도 천안시 동남구 청수동,경상사고,0,0,1,0,차대사람 - 횡단중,신호위반,건조,맑음,단일로 - 기타,이륜,남,34세,상해없음,보행자,남,26세,경상
2022082300100021,2022년 8월 23일 01시,화요일,충청남도 천안시 서북구 성거읍,경상사고,0,0,1,0,차대사람 - 기타,안전운전불이행,건조,맑음,단일로 - 기타,승용,남,52세,상해없음,보행자,남,25세,경상
2022082300100026,2022년 8월 23일 02시,화요일,충청남도 천안시 서북구 성거읍,중상사고,0,1,0,0,차대사람 - 기타,안전운전불이행,건조,맑음,교차로 - 교차로부근,승용,남,58세,상해없음,보행자,남,51세,중상
2022082300100055,2022년 8월 23일 06시,화요일,충청남도 천안시 서북구 두정동,경상사고,0,0,2,0,차대차 - 기타,교차로운행방법위반,건조,맑음,교차로 - 교차로안,승용,남,22세,상해없음,승용,남,23세,경상
2022082300100071,2022년 8월 23일 07시,화요일,충청남도 천안시 서북구 입장면,경상사고,0,0,1,0,차대차 - 측면충돌,신호위반,젖음/습기,비,교차로 - 교차로안,승용,남,53세,상해없음,승용,남,22세,경상
2022082300100098,2022년 8월 23일 08시,화요일,충청남도 천안시 서북구 두정동,경상사고,0,0,1,0,차대차 - 기타,신호위반,젖음/습기,비,단일로 - 기타,승합,남,49세,상해없음,화물,남,63세,경상
2022082300100213,2022년 8월 23일 12시,화요일,충청남도 천안시 동남구 대흥동,경상사고,0,0,1,0,차대차 - 측면충돌,안전운전불이행,건조,맑음,교차로 - 교차로안,승용,남,82세,상해없음,자전거,남,65세,경상
2022082300100259,2022년 8월 23일 13시,화요일,충청남도 천안시 서북구 입장면,경상사고,0,0,1,0,차대차 - 기타,안전운전불이행,젖음/습기,흐림,단일로 - 기타,화물,남,48세,상해없음,승용,남,61세,경상
2022082300100378,2022년 8월 23일 16시,화요일,충청남도 천안시 서북구 성정동,경상사고,0,0,1,0,차대차 - 기타,안전운전불이행,건조,맑음,단일로 - 기타,기타불명,기타불명,미분류,기타불명,이륜,남,28세,경상
2022082300100430,2022년 8월 23일 17시,화요일,충청남도 천안시 서북구 성거읍,경상사고,0,0,1,0,차대차 - 추돌,안전운전불이행,건조,맑음,교차로 - 교차로안,승용,남,36세,상해없음,승용,여,31세,경상
2022082300100431,2022년 8월 23일 17시,화요일,충청남도 천안시 동남구 신부동,중상사고,0,1,0,0,차대차 - 기타,안전운전불이행,건조,맑음,기타 - 기타,승용,남,62세,상해없음,자전거,남,21세,중상
2022082300100518,2022년 8월 23일 19시,화요일,충청남도 천안시 서북구 성성동,경상사고,0,0,1,0,차대차 - 측면충돌,안전운전불이행,건조,맑음,단일로 - 기타,승용,여,40세,상해없음,승용,남,28세,경상
2022082400100020,2022년 8월 24일 01시,수요일,충청남도 천안시 서북구 성거읍,중상사고,0,1,0,0,차대차 - 추돌,안전운전불이행,건조,맑음,단일로 - 기타,승용,남,22세,중상,화물,남,52세,상해없음
2022082400100070,2022년 8월 24일 07시,수요일,충청남도 천안시 서북구 직산읍,경상사고,0,0,1,0,차대차 - 측면충돌,안전거리미확보,건조,맑음,단일로 - 기타,승용,남,35세,상해없음,승용,남,32세,경상
2022082400100102,2022년 8월 24일 08시,수요일,충청남도 천안시 서북구 백석동,경상사고,0,0,2,0,차대차 - 추돌,안전운전불이행,건조,맑음,단일로 - 고가도로위,화물,남,42세,상해없음,승용,남,35세,상해없음
2022082400100103,2022년 8월 24일 08시,수요일,충청남도 천안시 서북구 불당동,경상사고,0,0,2,0,차대차 - 기타,교차로운행방법위반,건조,맑음,교차로 - 교차로안,승용,여,36세,기타불명,승용,여,28세,경상
2022082400100317,2022년 8월 24일 14시,수요일,충청남도 천안시 서북구 불당동,경상사고,0,0,1,0,차대차 - 기타,신호위반,건조,맑음,교차로 - 교차로안,승용,남,52세,상해없음,이륜,남,23세,경상
2022082400100339,2022년 8월 24일 15시,수요일,충청남도 천안시 동남구 목천읍,경상사고,0,0,1,0,차대차 - 후진중충돌,안전운전불이행,건조,맑음,교차로 - 교차로부근,승용,여,26세,상해없음,승용,남,58세,경상
2022082400100379,2022년 8월 24일 16시,수요일,충청남도 천안시 서북구 불당동,경상사고,0,0,1,0,차대차 - 추돌,안전운전불이행,건조,맑음,단일로 - 기타,이륜,남,28세,상해없음,이륜,남,33세,경상
2022082400100427,2022년 8월 24일 17시,수요일,충청남도 천안시 동남구 봉명동,경상사고,0,0,1,0,차대차 - 후진중충돌,안전운전불이행,건조,맑음,단일로 - 기타,승용,남,62세,상해없음,승용,남,44세,경상
2022082400100504,2022년 8월 24일 19시,수요일,충청남도 천안시 동남구 풍세면,경상사고,0,0,1,0,차대차 - 기타,신호위반,건조,맑음,단일로 - 기타,승용,여,29세,상해없음,승용,남,54세,경상
2022082400100593,2022년 8월 24일 22시,수요일,충청남도 천안시 동남구 신부동,중상사고,0,1,1,0,차대차 - 측면충돌,교차로운행방법위반,건조,맑음,교차로 - 교차로안,승용,남,25세,경상,이륜,남,17세,중상
2022082400100612,2022년 8월 24일 23시,수요일,충청남도 천안시 서북구 쌍용동,경상사고,0,0,1,0,차대차 - 측면충돌,안전운전불이행,건조,맑음,교차로 - 교차로안,승용,남,37세,상해없음,이륜,남,30세,경상
2022082500100064,2022년 8월 25일 07시,목요일,충청남도 천안시 서북구 백석동,경상사고,0,0,1,0,차대차 - 기타,안전운전불이행,건조,맑음,단일로 - 기타,승용,남,44세,상해없음,자전거,남,47세,경상
2022082500100151,2022년 8월 25일 10시,목요일,충청남도 천안시 동남구 쌍용동,경상사고,0,0,1,0,차대차 - 기타,신호위반,건조,맑음,기타 - 기타,승용,여,46세,상해없음,승용,여,48세,경상
2022082500100152,2022년 8월 25일 10시,목요일,충청남도 천안시 동남구 구성동,경상사고,0,0,1,0,차대사람 - 차도통행중,안전운전불이행,건조,맑음,주차장 - 주차장,화물,남,48세,상해없음,보행자,남,56세,경상
2022082500100181,2022년 8월 25일 11시,목요일,충청남도 천안시 동남구 사직동,경상사고,0,0,1,0,차대사람 - 횡단중,안전운전불이행,건조,맑음,교차로 - 교차로부근,승용,남,75세,기타불명,보행자,남,60세,경상
2022082500100219,2022년 8월 25일 12시,목요일,충청남도 천안시 동남구 목천읍,사망사고,1,0,0,0,차대사람 - 차도통행중,기타,건조,맑음,단일로 - 기타,승용,남,41세,상해없음,보행자,남,50세,사망
2022082500100220,2022년 8월 25일 12시,목요일,충청남도 천안시 동남구 신부동,경상사고,0,0,1,0,차대차 - 측면충돌,안전운전불이행,건조,맑음,교차로 - 교차로안,승용,여,38세,기타불명,승용,여,59세,경상
2022082500100257,2022년 8월 25일 13시,목요일,충청남도 천안시 서북구 불당동,경상사고,0,0,2,0,차대차 - 측면충돌,안전거리미확보,건조,맑음,단일로 - 기타,승용,여,51세,경상,승용,여,51세,상해없음
2022082500100258,2022년 8월 25일 13시,목요일,충청남도 천안시 서북구 성성동,경상사고,0,0,1,0,차대차 - 기타,안전운전불이행,건조,맑음,단일로 - 기타,특수,남,62세,상해없음,승용,남,60세,경상
2022082500100392,2022년 8월 25일 17시,목요일,충청남도 천안시 서북구 성환읍,중상사고,0,1,0,0,차대차 - 정면충돌,중앙선침범,건조,맑음,단일로 - 기타,승용,남,26세,상해없음,이륜,남,62세,중상
2022082500100525,2022년 8월 25일 21시,목요일,충청남도 천안시 서북구 쌍용동,경상사고,0,0,2,0,차대차 - 기타,신호위반,건조,맑음,교차로 - 교차로횡단보도내,승용,남,68세,경상,개인형이동수단(PM),남,17세,경상
2022082500100573,2022년 8월 25일 23시,목요일,충청남도 천안시 서북구 두정동,사망사고,1,0,0,0,차대사람 - 기타,안전운전불이행,건조,맑음,단일로 - 기타,승용,남,37세,상해없음,보행자,남,40세,사망
2022082600100045,2022년 8월 26일 05시,금요일,충청남도 천안시 서북구 성환읍,사망사고,1,0,0,0,차대사람 - 기타,안전운전불이행,건조,맑음,교차로 - 교차로부근,승용,남,34세,상해없음,보행자,남,73세,사망
2022082600100142,2022년 8월 26일 09시,금요일,충청남도 천안시 동남구 신부동,경상사고,0,0,1,0,차대차 - 측면충돌,안전운전불이행,건조,맑음,교차로 - 교차로안,승용,남,47세,상해없음,승용,남,75세,경상
2022082600100266,2022년 8월 26일 13시,금요일,충청남도 천안시 동남구 병천면,경상사고,0,0,1,0,차대차 - 측면충돌,중앙선침범,건조,맑음,단일로 - 기타,화물,남,49세,상해없음,승합,남,55세,경상
2022082600100335,2022년 8월 26일 15시,금요일,충청남도 천안시 동남구 안서동,경상사고,0,0,2,0,차대차 - 추돌,안전운전불이행,건조,맑음,단일로 - 기타,승합,남,52세,상해없음,승용,여,52세,경상
2022082600100380,2022년 8월 26일 16시,금요일,충청남도 천안시 서북구 성거읍,경상사고,0,0,1,0,차대차 - 측면충돌,안전거리미확보,건조,맑음,단일로 - 기타,화물,남,48세,상해없음,승용,여,35세,경상
2022082600100480,2022년 8월 26일 18시,금요일,충청남도 천안시 동남구 용곡동,경상사고,0,0,1,0,차대차 - 측면충돌,교차로운행방법위반,건조,맑음,교차로 - 교차로안,승용,여,50세,상해없음,자전거,남,46세,경상
2022082600100570,2022년 8월 26일 20시,금요일,충청남도 천안시 서북구 쌍용동,경상사고,0,0,1,0,차대차 - 측면충돌,신호위반,건조,맑음,교차로 - 교차로안,이륜,남,17세,상해없음,이륜,남,39세,경상
2022082600100622,2022년 8월 26일 22시,금요일,충청남도 천안시 서북구 불당동,경상사고,0,0,3,0,차대차 - 추돌,안전운전불이행,건조,맑음,교차로 - 교차로부근,승용,여,29세,상해없음,승용,남,24세,경상
2022082600100644,2022년 8월 26일 23시,금요일,충청남도 천안시 동남구 성남면,중상사고,0,1,0,0,차대차 - 기타,안전운전불이행,건조,맑음,단일로 - 기타,승용,남,39세,상해없음,승용,남,57세,중상
2022082700100035,2022년 8월 27일 02시,토요일,충청남도 천안시 서북구 쌍용동,경상사고,0,0,1,0,차대차 - 기타,안전운전불이행,건조,맑음,교차로 - 교차로부근,승용,여,29세,상해없음,이륜,남,38세,경상
2022082700100109,2022년 8월 27일 08시,토요일,충청남도 천안시 서북구 성환읍,중상사고,0,3,0,0,차대차 - 추돌,안전운전불이행,건조,맑음,단일로 - 기타,승용,남,66세,중상,승용,남,46세,기타불명
2022082700100136,2022년 8월 27일 09시,토요일,충청남도 천안시 동남구 신방동,경상사고,0,0,2,0,차대차 - 측면충돌,차로위반,건조,맑음,기타 - 기타,승용,여,27세,상해없음,승용,남,24세,경상
2022082700100206,2022년 8월 27일 11시,토요일,충청남도 천안시 동남구 삼룡동,경상사고,0,0,1,0,차대차 - 기타,신호위반,건조,맑음,교차로 - 교차로부근,승용,남,69세,상해없음,화물,남,39세,상해없음
2022082700100245,2022년 8월 27일 12시,토요일,충청남도 천안시 동남구 봉명동,경상사고,0,0,1,0,차대차 - 측면충돌,안전운전불이행,건조,맑음,단일로 - 기타,승용,여,47세,상해없음,승용,여,57세,경상
2022082700100378,2022년 8월 27일 15시,토요일,충청남도 천안시 서북구 쌍용동,경상사고,0,0,1,0,차량단독 - 전도전복 - 전도,안전운전불이행,건조,맑음,단일로 - 기타,개인형이동수단(PM),남,31세,경상,,,,
2022082700100381,2022년 8월 27일 15시,토요일,충청남도 천안시 동남구 원성동,경상사고,0,0,1,0,차대차 - 측면충돌,안전운전불이행,건조,맑음,교차로 - 교차로안,승용,남,52세,상해없음,승용,남,38세,경상
2022082700100427,2022년 8월 27일 16시,토요일,충청남도 천안시 서북구 쌍용동,경상사고,0,0,1,0,차대차 - 측면충돌,안전운전불이행,건조,맑음,교차로 - 교차로안,승용,여,61세,상해없음,이륜,남,27세,경상
2022082700100581,2022년 8월 27일 20시,토요일,충청남도 천안시 동남구 신부동,경상사고,0,0,1,0,차대사람 - 길가장자리구역통행중,안전운전불이행,건조,맑음,단일로 - 기타,승용,여,22세,상해없음,보행자,여,29세,경상
2022082700100631,2022년 8월 27일 23시,토요일,충청남도 천안시 서북구 백석동,경상사고,0,0,1,0,차대차 - 기타,안전운전불이행,건조,맑음,단일로 - 기타,기타불명,기타불명,미분류,기타불명,이륜,남,18세,경상
2022082800100021,2022년 8월 28일 01시,일요일,충청남도 천안시 동남구 원성동,중상사고,0,1,0,0,차대사람 - 횡단중,안전운전불이행,건조,맑음,교차로 - 교차로안,승용,남,67세,상해없음,보행자,남,38세,중상
2022082800100028,2022년 8월 28일 02시,일요일,충청남도 천안시 서북구 두정동,경상사고,0,0,1,0,차대차 - 기타,안전운전불이행,건조,맑음,단일로 - 기타,승용,여,25세,상해없음,승용,남,48세,기타불명
2022082800100148,2022년 8월 28일 11시,일요일,충청남도 천안시 서북구 성정동,경상사고,0,0,3,0,차대차 - 추돌,안전운전불이행,건조,맑음,교차로 - 교차로부근,기타불명,기타불명,미분류,기타불명,승용,남,54세,경상
2022082800100219,2022년 8월 28일 13시,일요일,충청남도 천안시 서북구 불당동,경상사고,0,0,1,0,차대차 - 기타,안전거리미확보,건조,맑음,교차로 - 교차로부근,승용,남,24세,상해없음,승용,남,34세,경상
2022082800100220,2022년 8월 28일 13시,일요일,충청남도 천안시 서북구 불당동,경상사고,0,0,1,0,차대차 - 측면충돌,안전운전불이행,건조,맑음,단일로 - 기타,승용,남,23세,상해없음,승용,남,46세,경상
2022082800100251,2022년 8월 28일 14시,일요일,충청남도 천안시 서북구 직산읍,경상사고,0,0,4,0,차대차 - 기타,교차로운행방법위반,건조,맑음,단일로 - 기타,승합,남,48세,기타불명,승용,남,38세,경상
2022082800100253,2022년 8월 28일 14시,일요일,충청남도 천안시 동남구 신방동,경상사고,0,0,2,0,차대차 - 측면충돌,차로위반,건조,맑음,교차로 - 교차로부근,승용,남,38세,상해없음,승용,여,45세,경상
2022082800100289,2022년 8월 28일 15시,일요일,충청남도 천안시 동남구 유량동,경상사고,0,0,1,0,차대차 - 측면충돌,차로위반,건조,맑음,기타 - 기타,화물,남,43세,상해없음,화물,남,45세,경상
2022082800100350,2022년 8월 28일 17시,일요일,충청남도 천안시 동남구 원성동,경상사고,0,0,3,0,차대차 - 추돌,안전운전불이행,건조,맑음,교차로 - 교차로부근,승용,남,61세,상해없음,승용,여,25세,경상
2022082800100382,2022년 8월 28일 18시,일요일,충청남도 천안시 동남구 목천읍,중상사고,0,1,7,0,차대차 - 측면충돌,안전운전불이행,건조,맑음,기타 - 기타,승합,남,72세,기타불명,승합,남,50세,경상
2022082800100411,2022년 8월 28일 19시,일요일,충청남도 천안시 서북구 입장면,중상사고,0,2,3,1,차대차 - 측면충돌,신호위반,건조,맑음,단일로 - 기타,승용,남,33세,부상신고,승합,여,41세,중상
2022082800100412,2022년 8월 28일 19시,일요일,충청남도 천안시 서북구 성정동,경상사고,0,0,1,0,차대차 - 측면충돌,안전운전불이행,건조,맑음,단일로 - 기타,승용,여,51세,상해없음,이륜,남,50세,경상
2022082800100444,2022년 8월 28일 20시,일요일,충청남도 천안시 서북구 두정동,경상사고,0,0,1,0,차대차 - 추돌,안전운전불이행,건조,맑음,단일로 - 기타,승용,남,38세,상해없음,승용,남,53세,경상
2022082800100472,2022년 8월 28일 21시,일요일,충청남도 천안시 동남구 안서동,중상사고,0,1,0,0,차대차 - 측면충돌,안전운전불이행,건조,맑음,교차로 - 교차로안,승용,남,30세,상해없음,승용,남,35세,중상
2022082900100044,2022년 8월 29일 06시,월요일,충청남도 천안시 동남구 신부동,경상사고,0,0,1,0,차대차 - 측면충돌,안전운전불이행,건조,맑음,단일로 - 기타,승합,남,55세,상해없음,화물,남,41세,경상
2022082900100423,2022년 8월 29일 17시,월요일,충청남도 천안시 서북구 입장면,경상사고,0,0,2,0,차대차 - 기타,안전운전불이행,젖음/습기,비,단일로 - 기타,화물,남,68세,상해없음,승용,남,23세,경상
2022082900100471,2022년 8월 29일 18시,월요일,충청남도 천안시 서북구 불당동,경상사고,0,0,3,0,차대차 - 기타,신호위반,건조,맑음,단일로 - 기타,승용,여,54세,상해없음,승용,여,37세,경상
2022082900100472,2022년 8월 29일 18시,월요일,충청남도 천안시 서북구 직산읍,경상사고,0,0,1,0,차대차 - 정면충돌,중앙선침범,건조,맑음,단일로 - 기타,승용,남,33세,상해없음,승용,여,32세,경상
2022082900100513,2022년 8월 29일 19시,월요일,충청남도 천안시 동남구 목천읍,경상사고,0,0,2,0,차대차 - 정면충돌,중앙선침범,건조,맑음,단일로 - 기타,승용,남,42세,상해없음,승용,남,55세,경상
2022083000100076,2022년 8월 30일 07시,화요일,충청남도 천안시 동남구 성황동,경상사고,0,0,1,0,차대차 - 측면충돌,안전운전불이행,젖음/습기,비,교차로 - 교차로안,승용,여,62세,상해없음,승합,남,50세,경상
2022083000100412,2022년 8월 30일 17시,화요일,충청남도 천안시 동남구 청당동,경상사고,0,0,1,0,차대차 - 추돌,안전운전불이행,젖음/습기,비,단일로 - 기타,화물,남,57세,상해없음,승용,여,56세,경상
2022083000100414,2022년 8월 30일 17시,화요일,충청남도 천안시 동남구 병천면,경상사고,0,0,1,0,차대차 - 측면충돌,안전운전불이행,젖음/습기,비,단일로 - 기타,승용,여,82세,상해없음,화물,남,32세,경상
2022083000100489,2022년 8월 30일 19시,화요일,충청남도 천안시 서북구 불당동,경상사고,0,0,1,0,차대차 - 추돌,안전운전불이행,젖음/습기,비,단일로 - 기타,이륜,남,44세,상해없음,승용,여,49세,경상
2022083000100523,2022년 8월 30일 20시,화요일,충청남도 천안시 서북구 두정동,경상사고,0,0,1,0,차대사람 - 기타,안전운전불이행,건조,맑음,단일로 - 기타,승용,남,61세,상해없음,보행자,여,28세,경상
2022083100100009,2022년 8월 31일 00시,수요일,충청남도 천안시 서북구 백석동,경상사고,0,0,2,0,차대차 - 추돌,안전운전불이행,건조,맑음,교차로 - 교차로부근,승용,남,39세,상해없음,승용,남,61세,경상
2022083100100136,2022년 8월 31일 09시,수요일,충청남도 천안시 서북구 성성동,경상사고,0,0,1,0,차대차 - 측면충돌,안전운전불이행,건조,맑음,주차장 - 주차장,승용,남,30세,상해없음,승용,여,30세,경상
2022083100100188,2022년 8월 31일 11시,수요일,충청남도 천안시 동남구 구성동,경상사고,0,0,1,0,차대차 - 후진중충돌,안전운전불이행,건조,맑음,교차로 - 교차로부근,승용,여,50세,상해없음,승용,여,33세,경상
2022083100100279,2022년 8월 31일 14시,수요일,충청남도 천안시 서북구 성환읍,경상사고,0,0,1,0,차대사람 - 횡단중,안전운전불이행,건조,맑음,단일로 - 기타,승용,여,69세,상해없음,보행자,여,81세,경상
2022083100100280,2022년 8월 31일 14시,수요일,충청남도 천안시 동남구 신부동,경상사고,0,0,1,0,차대차 - 추돌,안전운전불이행,젖음/습기,비,단일로 - 기타,승용,여,52세,상해없음,승용,여,47세,경상
2022083100100422,2022년 8월 31일 18시,수요일,충청남도 천안시 서북구 성정동,중상사고,0,1,2,0,차대차 - 추돌,안전운전불이행,건조,맑음,단일로 - 기타,승용,남,35세,상해없음,승용,남,34세,중상
2022083100100423,2022년 8월 31일 18시,수요일,충청남도 천안시 서북구 쌍용동,경상사고,0,0,1,0,차대차 - 기타,신호위반,건조,맑음,교차로 - 교차로안,승용,여,47세,상해없음,승용,여,61세,경상
2022083100100514,2022년 8월 31일 21시,수요일,충청남도 천안시 서북구 불당동,경상사고,0,0,2,0,차대차 - 추돌,안전운전불이행,건조,맑음,단일로 - 기타,승용,남,40세,상해없음,승용,여,42세,경상
2022090100100107,2022년 9월 1일 08시,목요일,충청남도 천안시 서북구 성환읍,경상사고,0,0,1,0,차대차 - 측면충돌,직진우회전진행방해,건조,맑음,교차로 - 교차로안,승합,남,63세,상해없음,승용,여,72세,경상
2022090100100356,2022년 9월 1일 15시,목요일,충청남도 천안시 서북구 성정동,경상사고,0,0,1,0,차대차 - 측면충돌,안전운전불이행,건조,맑음,단일로 - 기타,승용,여,65세,상해없음,이륜,남,67세,경상
2022090100100399,2022년 9월 1일 16시,목요일,충청남도 천안시 서북구 두정동,경상사고,0,0,1,0,차대차 - 측면충돌,안전운전불이행,건조,맑음,단일로 - 기타,이륜,남,20세,경상,승합,남,52세,상해없음
2022090100100460,2022년 9월 1일 17시,목요일,충청남도 천안시 서북구 직산읍,경상사고,0,0,1,0,차대차 - 기타,안전운전불이행,건조,맑음,단일로 - 기타,승용,남,47세,상해없음,승용,남,48세,경상
2022090100100464,2022년 9월 1일 17시,목요일,충청남도 천안시 동남구 안서동,경상사고,0,0,1,0,차대사람 - 기타,안전운전불이행,건조,맑음,단일로 - 기타,승용,여,26세,상해없음,보행자,여,20세,경상
2022090100100465,2022년 9월 1일 17시,목요일,충청남도 천안시 동남구 청당동,경상사고,0,0,1,0,차대차 - 추돌,안전운전불이행,건조,맑음,단일로 - 기타,승용,여,43세,상해없음,이륜,여,29세,경상
2022090100100501,2022년 9월 1일 18시,목요일,충청남도 천안시 서북구 신당동,경상사고,0,0,1,0,차대차 - 기타,안전거리미확보,건조,맑음,교차로 - 교차로안,승용,여,48세,기타불명,승용,남,37세,경상
2022090100100538,2022년 9월 1일 19시,목요일,충청남도 천안시 서북구 쌍용동,경상사고,0,0,1,0,차대차 - 측면충돌,안전운전불이행,건조,맑음,교차로 - 교차로부근,승합,남,48세,상해없음,승합,남,63세,상해없음
2022090100100575,2022년 9월 1일 20시,목요일,충청남도 천안시 서북구 불당동,경상사고,0,0,1,0,차대차 - 기타,안전운전불이행,건조,맑음,단일로 - 기타,승용,여,48세,상해없음,승용,남,49세,경상
2022090100100605,2022년 9월 1일 21시,목요일,충청남도 천안시 동남구 신방동,경상사고,0,0,1,0,차대차 - 기타,중앙선침범,건조,맑음,교차로 - 교차로부근,자전거,남,67세,경상,승용,남,29세,상해없음
2022090100100635,2022년 9월 1일 23시,목요일,충청남도 천안시 서북구 쌍용동,중상사고,0,2,2,0,차대차 - 정면충돌,중앙선침범,건조,맑음,교차로 - 교차로부근,승용,남,32세,상해없음,승용,남,53세,중상
2022090200100030,2022년 9월 2일 03시,금요일,충청남도 천안시 동남구 목천읍,경상사고,0,0,2,0,차대차 - 추돌,안전운전불이행,건조,맑음,단일로 - 기타,화물,남,58세,상해없음,승용,남,28세,경상
2022090200100210,2022년 9월 2일 10시,금요일,충청남도 천안시 서북구 쌍용동,경상사고,0,0,1,0,차대차 - 기타,안전운전불이행,건조,맑음,단일로 - 기타,승용,여,29세,상해없음,승용,여,53세,경상
2022090200100244,2022년 9월 2일 11시,금요일,충청남도 천안시 동남구 청수동,중상사고,0,1,0,0,차대차 - 정면충돌,안전운전불이행,건조,맑음,교차로 - 교차로안,승용,여,45세,상해없음,이륜,남,42세,중상
2022090200100306,2022년 9월 2일 13시,금요일,충청남도 천안시 서북구 성거읍,경상사고,0,0,1,0,차대차 - 기타,신호위반,건조,맑음,교차로 - 교차로안,승용,남,26세,경상,화물,남,53세,상해없음
2022090200100350,2022년 9월 2일 14시,금요일,충청남도 천안시 동남구 광덕면,경상사고,0,0,3,0,차대차 - 추돌,안전운전불이행,건조,맑음,단일로 - 터널,승합,남,27세,상해없음,승용,여,71세,경상
2022090200100392,2022년 9월 2일 15시,금요일,충청남도 천안시 동남구 원성동,경상사고,0,0,1,0,차대사람 - 횡단중,신호위반,건조,맑음,교차로 - 교차로횡단보도내,자전거,남,15세,상해없음,보행자,여,21세,경상
2022090200100645,2022년 9월 2일 20시,금요일,충청남도 천안시 서북구 성환읍,중상사고,0,1,0,0,차대차 - 기타,신호위반,건조,맑음,교차로 - 교차로안,승용,여,57세,상해없음,승용,남,30세,중상
2022090300100009,2022년 9월 3일 00시,토요일,충청남도 천안시 서북구 두정동,경상사고,0,0,2,0,차대차 - 기타,안전운전불이행,건조,맑음,교차로 - 교차로안,승용,남,42세,상해없음,승용,남,56세,경상
2022090300100219,2022년 9월 3일 11시,토요일,충청남도 천안시 서북구 두정동,경상사고,0,0,2,0,차대차 - 기타,신호위반,건조,맑음,교차로 - 교차로안,승용,남,52세,상해없음,승용,여,33세,경상
2022090300100258,2022년 9월 3일 12시,토요일,충청남도 천안시 서북구 성환읍,경상사고,0,0,1,0,차대차 - 기타,안전거리미확보,건조,맑음,단일로 - 기타,승용,남,76세,상해없음,승용,여,42세,경상
2022090300100259,2022년 9월 3일 12시,토요일,충청남도 천안시 서북구 성정동,중상사고,0,1,0,0,차대사람 - 차도통행중,안전운전불이행,건조,맑음,교차로 - 교차로안,이륜,남,33세,기타불명,보행자,남,76세,중상
2022090300100302,2022년 9월 3일 13시,토요일,충청남도 천안시 동남구 원성동,경상사고,0,0,1,0,차대사람 - 기타,안전운전불이행,건조,맑음,기타 - 기타,승합,남,53세,상해없음,보행자,여,43세,경상
2022090300100348,2022년 9월 3일 14시,토요일,충청남도 천안시 동남구 목천읍,경상사고,0,0,2,0,차대차 - 후진중충돌,불법유턴,건조,맑음,기타 - 기타,화물,남,64세,상해없음,승용,남,32세,경상
2022090300100383,2022년 9월 3일 15시,토요일,충청남도 천안시 동남구 봉명동,경상사고,0,0,1,0,차대차 - 측면충돌,교차로운행방법위반,건조,맑음,교차로 - 교차로안,승용,남,55세,상해없음,자전거,남,45세,경상
2022090300100596,2022년 9월 3일 22시,토요일,충청남도 천안시 서북구 성정동,경상사고,0,0,5,0,차대차 - 추돌,안전운전불이행,건조,맑음,단일로 - 기타,승용,남,28세,상해없음,승용,여,45세,경상