사고번호,사고일시,요일,시군구,사고내용,사망자수,중상자수,경상자수,부상신고자수,사고유형,법규위반,노면상태,기상상태,도로형태,가해운전자 차종,가해운전자 성별,가해운전자 연령,가해운전자 상해정도,피해운전자 차종,피해운전자 성별,피해운전자 연령,피해운전자 상해정도
2022090400100092,2022년 9월 4일 09시,일요일,충청남도 천안시 서북구 두정동,중상사고,0,1,0,0,차대차 - 측면충돌,중앙선침범,건조,맑음,단일로 - 기타,승용,남,22세,상해없음,승용,남,57세,중상
2022090400100164,2022년 9월 4일 12시,일요일,충청남도 천안시 서북구 신당동,경상사고,0,0,1,0,차대차 - 기타,차로위반,건조,맑음,단일로 - 기타,승용,여,31세,상해없음,승용,남,28세,상해없음
2022090400100192,2022년 9월 4일 13시,일요일,충청남도 천안시 동남구 신방동,중상사고,0,1,0,0,차대차 - 측면충돌,안전운전불이행,건조,맑음,단일로 - 기타,승용,여,74세,상해없음,승용,남,42세,중상
2022090400100256,2022년 9월 4일 15시,일요일,충청남도 천안시 서북구 불당동,경상사고,0,0,1,0,차대차 - 추돌,안전운전불이행,젖음/습기,흐림,교차로 - 교차로부근,승용,남,43세,상해없음,승용,남,57세,경상
2022090400100299,2022년 9월 4일 16시,일요일,충청남도 천안시 서북구 쌍용동,경상사고,0,0,1,0,차대차 - 측면충돌,안전운전불이행,건조,맑음,단일로 - 기타,승용,여,48세,상해없음,승용,남,46세,상해없음
2022090500100006,2022년 9월 5일 00시,월요일,충청남도 천안시 서북구 불당동,중상사고,0,1,0,0,차대차 - 측면충돌,신호위반,젖음/습기,비,교차로 - 교차로안,승용,남,31세,상해없음,원동기,남,44세,중상
2022090500100022,2022년 9월 5일 02시,월요일,충청남도 천안시 동남구 신방동,경상사고,0,0,1,0,차대차 - 기타,안전운전불이행,건조,맑음,교차로 - 교차로안,승용,여,42세,상해없음,승합,남,40세,경상
2022090500100030,2022년 9월 5일 04시,월요일,충청남도 천안시 동남구 안서동,사망사고,1,0,0,0,차대사람 - 기타,기타,젖음/습기,비,단일로 - 기타,승용,남,52세,상해없음,보행자,남,20세,사망
2022090500100036,2022년 9월 5일 05시,월요일,충청남도 천안시 서북구 백석동,경상사고,0,0,2,0,차대차 - 측면충돌,직진우회전진행방해,건조,맑음,교차로 - 교차로안,승용,남,35세,상해없음,승용,남,50세,경상
2022090500100037,2022년 9월 5일 05시,월요일,충청남도 천안시 동남구 청당동,경상사고,0,0,1,0,차대차 - 측면충돌,안전운전불이행,젖음/습기,비,교차로 - 교차로부근,화물,남,71세,상해없음,승용,남,51세,경상
2022090500100069,2022년 9월 5일 07시,월요일,충청남도 천안시 서북구 불당동,경상사고,0,0,1,0,차대차 - 측면충돌,신호위반,젖음/습기,비,교차로 - 교차로안,승용,여,65세,상해없음,승용,여,24세,경상
2022090500100146,2022년 9월 5일 09시,월요일,충청남도 천안시 서북구 직산읍,경상사고,0,0,1,0,차대차 - 기타,안전거리미확보,젖음/습기,비,단일로 - 기타,승용,여,56세,상해없음,승용,여,59세,경상
2022090500100147,2022년 9월 5일 09시,월요일,충청남도 천안시 서북구 불당동,경상사고,0,0,1,0,차대차 - 기타,안전거리미확보,젖음/습기,흐림,단일로 - 기타,승용,남,69세,상해없음,승용,여,46세,경상
2022090500100263,2022년 9월 5일 13시,월요일,충청남도 천안시 서북구 두정동,중상사고,0,1,0,0,차대차 - 기타,불법유턴,건조,맑음,단일로 - 기타,승용,남,68세,상해없음,이륜,남,42세,중상
2022090500100292,2022년 9월 5일 14시,월요일,충청남도 천안시 서북구 불당동,경상사고,0,0,1,0,차대차 - 기타,안전운전불이행,젖음/습기,비,교차로 - 교차로안,승용,여,43세,상해없음,승용,남,60세,경상
2022090500100314,2022년 9월 5일 15시,월요일,충청남도 천안시 서북구 두정동,경상사고,0,0,1,0,차대차 - 측면충돌,신호위반,젖음/습기,비,교차로 - 교차로안,승합,남,52세,상해없음,승합,남,40세,경상
2022090500100440,2022년 9월 5일 18시,월요일,충청남도 천안시 서북구 두정동,경상사고,0,0,1,0,차대차 - 측면충돌,안전운전불이행,젖음/습기,비,교차로 - 교차로안,승용,여,43세,상해없음,승용,남,33세,경상
2022090600100043,2022년 9월 6일 03시,화요일,충청남도 천안시 서북구 백석동,중상사고,0,1,1,0,차대차 - 측면충돌,신호위반,젖음/습기,맑음,교차로 - 교차로안,화물,남,41세,상해없음,승용,남,39세,중상
2022090600100092,2022년 9월 6일 08시,화요일,충청남도 천안시 서북구 성정동,경상사고,0,0,2,0,차대차 - 기타,안전운전불이행,건조,맑음,교차로 - 교차로안,승용,남,24세,상해없음,승용,남,30세,경상
2022090600100186,2022년 9월 6일 12시,화요일,충청남도 천안시 동남구 신방동,경상사고,0,0,1,0,차대차 - 추돌,안전거리미확보,건조,맑음,교차로 - 교차로부근,화물,남,52세,상해없음,승용,남,22세,경상
2022090600100187,2022년 9월 6일 12시,화요일,충청남도 천안시 동남구 병천면,경상사고,0,0,1,0,차대차 - 기타,안전운전불이행,건조,맑음,교차로 - 교차로안,승용,남,76세,상해없음,화물,남,53세,경상
2022090600100297,2022년 9월 6일 15시,화요일,충청남도 천안시 서북구 성정동,경상사고,0,0,1,0,차대차 - 기타,안전운전불이행,건조,맑음,단일로 - 기타,기타불명,기타불명,미분류,기타불명,승용,여,54세,경상
2022090600100336,2022년 9월 6일 16시,화요일,충청남도 천안시 서북구 성거읍,경상사고,0,0,1,0,차대차 - 기타,안전거리미확보,건조,맑음,기타 - 기타,화물,남,63세,상해없음,자전거,남,84세,경상
2022090600100448,2022년 9월 6일 18시,화요일,충청남도 천안시 서북구 불당동,경상사고,0,0,1,0,차대차 - 측면충돌,안전운전불이행,건조,맑음,단일로 - 기타,승용,남,29세,상해없음,승용,남,59세,경상
2022090600100540,2022년 9월 6일 21시,화요일,충청남도 천안시 서북구 쌍용동,경상사고,0,0,1,0,차대차 - 기타,신호위반,건조,맑음,교차로 - 교차로안,자전거,남,13세,경상,승용,남,28세,상해없음
2022090700100018,2022년 9월 7일 01시,수요일,충청남도 천안시 동남구 봉명동,중상사고,0,1,0,0,차대사람 - 차도통행중,안전운전불이행,건조,맑음,교차로 - 교차로부근,승용,여,50세,상해없음,보행자,남,44세,중상
2022090700100030,2022년 9월 7일 02시,수요일,충청남도 천안시 서북구 두정동,중상사고,0,1,1,0,차대사람 - 기타,안전운전불이행,건조,맑음,기타 - 기타,이륜,남,27세,중상,보행자,남,44세,경상
2022090700100086,2022년 9월 7일 07시,수요일,충청남도 천안시 서북구 차암동,경상사고,0,0,1,0,차대차 - 기타,안전운전불이행,건조,맑음,단일로 - 기타,승용,여,44세,상해없음,승용,남,43세,경상
2022090700100132,2022년 9월 7일 08시,수요일,충청남도 천안시 동남구 영성동,중상사고,0,1,0,0,차대차 - 기타,교차로운행방법위반,건조,맑음,교차로 - 교차로안,화물,남,45세,상해없음,이륜,남,72세,중상
2022090700100231,2022년 9월 7일 10시,수요일,충청남도 천안시 서북구 성정동,경상사고,0,0,1,0,차량단독 - 기타,안전운전불이행,건조,맑음,교차로 - 교차로부근,승합,남,54세,상해없음,,,,
2022090700100232,2022년 9월 7일 10시,수요일,충청남도 천안시 서북구 성환읍,경상사고,0,0,1,0,차대차 - 추돌,안전운전불이행,건조,맑음,교차로 - 교차로부근,화물,남,56세,상해없음,승용,남,25세,경상
2022090700100274,2022년 9월 7일 11시,수요일,충청남도 천안시 서북구 성성동,경상사고,0,0,1,0,차대차 - 측면충돌,직진우회전진행방해,건조,맑음,교차로 - 교차로부근,화물,남,49세,상해없음,승용,여,30세,경상
2022090700100456,2022년 9월 7일 16시,수요일,충청남도 천안시 서북구 성정동,경상사고,0,0,2,0,차대차 - 추돌,안전운전불이행,건조,맑음,단일로 - 기타,승용,남,50세,상해없음,승용,여,30세,경상
2022090700100457,2022년 9월 7일 16시,수요일,충청남도 천안시 서북구 백석동,중상사고,0,1,0,0,차대차 - 측면충돌,신호위반,건조,맑음,교차로 - 교차로횡단보도내,승용,여,46세,상해없음,자전거,남,10세,중상
2022090700100511,2022년 9월 7일 17시,수요일,충청남도 천안시 동남구 다가동,경상사고,0,0,2,0,차대차 - 기타,교차로운행방법위반,건조,맑음,교차로 - 교차로안,승용,남,76세,상해없음,승용,남,48세,경상
2022090700100563,2022년 9월 7일 18시,수요일,충청남도 천안시 서북구 두정동,경상사고,0,0,1,0,차대차 - 측면충돌,중앙선침범,건조,맑음,단일로 - 기타,승용,남,30세,상해없음,이륜,남,22세,경상
2022090700100682,2022년 9월 7일 21시,수요일,충청남도 천안시 동남구 신부동,중상사고,0,1,0,0,차대차 - 측면충돌,교차로운행방법위반,건조,맑음,교차로 - 교차로안,이륜,남,61세,중상,승용,남,29세,상해없음
2022090800100278,2022년 9월 8일 12시,목요일,충청남도 천안시 동남구 원성동,경상사고,0,0,1,0,차대사람 - 횡단중,안전운전불이행,건조,맑음,교차로 - 교차로안,승용,여,69세,상해없음,보행자,남,65세,경상
2022090800100312,2022년 9월 8일 13시,목요일,충청남도 천안시 서북구 직산읍,경상사고,0,0,2,0,차대차 - 추돌,안전거리미확보,건조,맑음,단일로 - 기타,승용,남,30세,상해없음,승용,남,60세,경상
2022090800100364,2022년 9월 8일 14시,목요일,충청남도 천안시 서북구 불당동,경상사고,0,0,1,0,차대차 - 추돌,안전운전불이행,건조,맑음,단일로 - 기타,승용,남,52세,상해없음,승용,여,48세,경상
2022090800100365,2022년 9월 8일 14시,목요일,충청남도 천안시 서북구 백석동,경상사고,0,0,1,0,차대차 - 측면충돌,기타,건조,맑음,교차로 - 교차로안,승용,남,30세,상해없음,화물,남,60세,경상
2022090800100419,2022년 9월 8일 15시,목요일,충청남도 천안시 서북구 성환읍,경상사고,0,0,1,1,차대차 - 정면충돌,중앙선침범,건조,맑음,단일로 - 기타,원동기,남,62세,부상신고,승용,남,42세,경상
2022090800100421,2022년 9월 8일 15시,목요일,충청남도 천안시 동남구 신방동,경상사고,0,0,1,0,차대차 - 정면충돌,안전운전불이행,건조,맑음,교차로 - 교차로안,화물,남,57세,상해없음,승용,남,58세,상해없음
2022090800100487,2022년 9월 8일 16시,목요일,충청남도 천안시 서북구 두정동,경상사고,0,0,1,0,차대차 - 측면충돌,신호위반,건조,맑음,교차로 - 교차로부근,승용,남,86세,상해없음,승용,여,52세,경상
2022090800100570,2022년 9월 8일 17시,목요일,충청남도 천안시 서북구 성정동,중상사고,0,2,1,0,차대차 - 측면충돌,안전거리미확보,건조,맑음,교차로 - 교차로부근,승용,남,56세,상해없음,승용,남,32세,경상
2022090800100572,2022년 9월 8일 17시,목요일,충청남도 천안시 동남구 쌍용동,중상사고,0,1,0,0,차대차 - 기타,교차로운행방법위반,건조,맑음,교차로 - 교차로안,승용,남,62세,상해없음,자전거,남,70세,중상
2022090800100640,2022년 9월 8일 18시,목요일,충청남도 천안시 서북구 백석동,경상사고,0,0,1,0,차대차 - 정면충돌,불법유턴,건조,맑음,단일로 - 기타,승용,남,40세,상해없음,이륜,남,42세,경상
2022090800100763,2022년 9월 8일 21시,목요일,충청남도 천안시 동남구 목천읍,경상사고,0,0,6,0,차대차 - 측면충돌,안전운전불이행,건조,맑음,단일로 - 기타,승용,남,26세,상해없음,승용,남,38세,경상
2022090900100035,2022년 9월 9일 02시,금요일,충청남도 천안시 서북구 불당동,중상사고,0,2,0,0,차대차 - 정면충돌,기타,건조,맑음,교차로 - 교차로안,승용,남,32세,상해없음,승용,여,48세,중상
2022090900100119,2022년 9월 9일 09시,금요일,충청남도 천안시 서북구 두정동,경상사고,0,0,3,0,차대차 - 측면충돌,안전운전불이행,건조,맑음,교차로 - 교차로부근,승용,남,37세,경상,승용,여,32세,경상
2022090900100321,2022년 9월 9일 15시,금요일,충청남도 천안시 서북구 직산읍,경상사고,0,0,1,0,차대차 - 기타,안전운전불이행,건조,맑음,단일로 - 기타,기타불명,기타불명,미분류,기타불명,승용,남,37세,경상
2022090900100400,2022년 9월 9일 18시,금요일,충청남도 천안시 서북구 두정동,경상사고,0,0,1,0,차대차 - 측면충돌,신호위반,건조,맑음,교차로 - 교차로안,승용,남,54세,상해없음,승용,남,31세,경상
2022090900100402,2022년 9월 9일 18시,금요일,충청남도 천안시 동남구 구성동,경상사고,0,0,1,0,차대차 - 기타,안전운전불이행,건조,맑음,교차로 - 교차로안,승용,남,46세,상해없음,개인형이동수단(PM),여,16세,경상
2022091000100364,2022년 9월 10일 22시,토요일,충청남도 천안시 동남구 청당동,경상사고,0,0,1,0,차대차 - 기타,안전운전불이행,건조,맑음,교차로 - 교차로안,승용,남,53세,상해없음,승용,여,33세,경상
2022091100100144,2022년 9월 11일 13시,일요일,충청남도 천안시 동남구 대흥동,경상사고,0,0,1,0,차대사람 - 횡단중,신호위반,건조,맑음,교차로 - 교차로안,승용,남,62세,상해없음,보행자,남,51세,경상
2022091100100303,2022년 9월 11일 19시,일요일,충청남도 천안시 서북구 성정동,경상사고,0,0,1,0,차대사람 - 횡단중,보행자보호의무위반,건조,맑음,교차로 - 교차로안,승용,남,24세,상해없음,보행자,남,54세,경상
2022091200100006,2022년 9월 12일 00시,월요일,충청남도 천안시 동남구 목천읍,경상사고,0,0,4,0,차대차 - 측면충돌,안전운전불이행,건조,맑음,교차로 - 교차로안,승용,남,25세,상해없음,화물,남,61세,경상
2022091200100038,2022년 9월 12일 02시,월요일,충청남도 천안시 서북구 쌍용동,중상사고,0,1,0,0,차대차 - 측면충돌,교차로운행방법위반,건조,맑음,교차로 - 교차로안,승용,남,50세,상해없음,승용,남,40세,중상
2022091200100191,2022년 9월 12일 14시,월요일,충청남도 천안시 서북구 성환읍,경상사고,0,0,1,0,차대차 - 추돌,안전운전불이행,건조,맑음,교차로 - 교차로부근,승합,남,54세,상해없음,승용,여,46세,경상
2022091200100195,2022년 9월 12일 14시,월요일,충청남도 천안시 동남구 신부동,경상사고,0,0,5,0,차대차 - 추돌,안전운전불이행,건조,맑음,단일로 - 기타,승용,남,58세,상해없음,승용,남,21세,경상
2022091200100248,2022년 9월 12일 16시,월요일,충청남도 천안시 동남구 신부동,경상사고,0,0,1,0,차대차 - 측면충돌,교차로운행방법위반,건조,맑음,교차로 - 교차로안,승용,남,60세,상해없음,승용,남,51세,경상
2022091200100295,2022년 9월 12일 18시,월요일,충청남도 천안시 서북구 성정동,경상사고,0,0,1,0,차대사람 - 횡단중,안전운전불이행,건조,맑음,교차로 - 교차로부근,승용,여,57세,상해없음,보행자,여,70세,경상
2022091200100325,2022년 9월 12일 19시,월요일,충청남도 천안시 동남구 다가동,경상사고,0,0,1,0,차대차 - 측면충돌,중앙선침범,건조,맑음,단일로 - 기타,승용,남,52세,상해없음,승용,여,77세,경상
2022091200100355,2022년 9월 12일 20시,월요일,충청남도 천안시 서북구 쌍용동,경상사고,0,0,3,0,차대차 - 측면충돌,안전거리미확보,건조,맑음,교차로 - 교차로안,화물,남,28세,상해없음,승용,여,63세,경상
2022091200100377,2022년 9월 12일 21시,월요일,충청남도 천안시 서북구 성환읍,사망사고,1,0,1,0,차대사람 - 기타,기타,건조,맑음,단일로 - 기타,승용,남,25세,사망,보행자,여,23세,경상
2022091300100080,2022년 9월 13일 08시,화요일,충청남도 천안시 동남구 성황동,중상사고,0,1,0,0,차량단독 - 전도전복 - 전도,기타,건조,맑음,교차로 - 교차로부근,자전거,남,52세,중상,,,,
2022091300100168,2022년 9월 13일 11시,화요일,충청남도 천안시 서북구 성정동,경상사고,0,0,1,0,차대차 - 추돌,안전운전불이행,건조,맑음,단일로 - 기타,승용,여,33세,상해없음,승용,남,30세,경상
2022091300100226,2022년 9월 13일 13시,화요일,충청남도 천안시 서북구 불당동,경상사고,0,0,1,0,차대차 - 측면충돌,신호위반,건조,맑음,교차로 - 교차로안,승용,여,56세,상해없음,이륜,남,21세,경상
2022091300100296,2022년 9월 13일 15시,화요일,충청남도 천안시 동남구 다가동,중상사고,0,1,0,0,차대사람 - 기타,안전운전불이행,건조,맑음,단일로 - 기타,승용,남,41세,상해없음,보행자,여,77세,중상
2022091300100431,2022년 9월 13일 19시,화요일,충청남도 천안시 서북구 불당동,경상사고,0,0,2,0,차대차 - 측면충돌,안전운전불이행,건조,맑음,교차로 - 교차로부근,승용,남,24세,경상,승용,여,39세,경상
2022091300100460,2022년 9월 13일 20시,화요일,충청남도 천안시 동남구 청수동,경상사고,0,0,1,0,차대차 - 기타,안전운전불이행,건조,맑음,교차로 - 교차로안,승용,여,44세,상해없음,이륜,남,34세,경상
2022091300100479,2022년 9월 13일 21시,화요일,충청남도 천안시 서북구 두정동,경상사고,0,0,1,0,차대차 - 후진중충돌,안전운전불이행,건조,맑음,기타 - 기타,승용,남,58세,상해없음,승용,남,31세,경상
2022091300100516,2022년 9월 13일 23시,화요일,충청남도 천안시 서북구 쌍용동,중상사고,0,1,2,0,차대차 - 추돌,안전운전불이행,건조,맑음,단일로 - 고가도로위,승용,여,24세,상해없음,화물,남,47세,경상
2022091400100006,2022년 9월 14일 00시,수요일,충청남도 천안시 동남구 원성동,경상사고,0,0,1,0,차대차 - 추돌,안전운전불이행,건조,맑음,교차로 - 교차로부근,승용,남,37세,상해없음,승용,남,36세,경상
2022091400100136,2022년 9월 14일 09시,수요일,충청남도 천안시 동남구 봉명동,중상사고,0,1,0,0,차대차 - 기타,안전운전불이행,건조,흐림,기타 - 기타,승용,여,36세,상해없음,자전거,여,60세,중상
2022091400100162,2022년 9월 14일 10시,수요일,충청남도 천안시 동남구 목천읍,중상사고,0,1,0,0,차대사람 - 기타,안전운전불이행,건조,맑음,기타 - 기타,화물,남,40세,상해없음,보행자,남,62세,중상
2022091400100222,2022년 9월 14일 12시,수요일,충청남도 천안시 서북구 두정동,중상사고,0,1,0,0,차대차 - 기타,중앙선침범,건조,맑음,기타 - 기타,승용,여,58세,상해없음,이륜,남,28세,중상
2022091400100223,2022년 9월 14일 12시,수요일,충청남도 천안시 서북구 쌍용동,경상사고,0,0,1,0,차대사람 - 기타,안전운전불이행,건조,맑음,단일로 - 기타,승용,여,32세,상해없음,보행자,여,66세,경상
2022091400100253,2022년 9월 14일 13시,수요일,충청남도 천안시 서북구 두정동,경상사고,0,0,1,0,차대차 - 추돌,안전운전불이행,건조,맑음,교차로 - 교차로부근,화물,남,48세,상해없음,승용,남,40세,경상
2022091400100305,2022년 9월 14일 15시,수요일,충청남도 천안시 서북구 성정동,중상사고,0,1,0,0,차대차 - 기타,안전운전불이행,건조,맑음,교차로 - 교차로안,승용,남,25세,상해없음,이륜,남,25세,중상
2022091400100414,2022년 9월 14일 18시,수요일,충청남도 천안시 서북구 성정동,경상사고,0,0,1,0,차대차 - 기타,안전운전불이행,건조,맑음,단일로 - 기타,자전거,남,10세,경상,승용,여,53세,상해없음
2022091500100094,2022년 9월 15일 08시,목요일,충청남도 천안시 동남구 용곡동,경상사고,0,0,1,0,차대차 - 추돌,안전운전불이행,건조,맑음,단일로 - 기타,승용,여,31세,상해없음,승합,여,46세,경상
2022091500100131,2022년 9월 15일 09시,목요일,충청남도 천안시 동남구 광덕면,경상사고,0,0,1,0,차대차 - 추돌,안전운전불이행,건조,맑음,기타 - 기타,승용,남,37세,상해없음,승용,여,49세,경상
2022091500100155,2022년 9월 15일 10시,목요일,충청남도 천안시 서북구 성환읍,경상사고,0,0,1,0,차대차 - 측면충돌,교차로운행방법위반,건조,맑음,교차로 - 교차로안,화물,남,64세,상해없음,승용,여,64세,경상
2022091500100262,2022년 9월 15일 14시,목요일,충청남도 천안시 서북구 불당동,경상사고,0,0,1,0,차대차 - 측면충돌,안전운전불이행,건조,맑음,단일로 - 기타,승용,여,35세,상해없음,승용,남,33세,경상
2022091500100283,2022년 9월 15일 15시,목요일,충청남도 천안시 서북구 성정동,중상사고,0,1,0,0,차대사람 - 횡단중,보행자보호의무위반,건조,맑음,교차로 - 교차로안,원동기,남,17세,상해없음,보행자,여,68세,중상
2022091500100396,2022년 9월 15일 18시,목요일,충청남도 천안시 동남구 삼룡동,경상사고,0,0,1,0,차대차 - 측면충돌,신호위반,건조,맑음,교차로 - 교차로안,승용,남,73세,상해없음,승용,여,53세,경상
2022091500100438,2022년 9월 15일 19시,목요일,충청남도 천안시 서북구 불당동,중상사고,0,1,0,0,차대차 - 측면충돌,안전운전불이행,건조,맑음,단일로 - 기타,승용,남,60세,상해없음,자전거,남,40세,중상
2022091500100526,2022년 9월 15일 23시,목요일,충청남도 천안시 서북구 불당동,경상사고,0,0,2,0,차대차 - 기타,안전거리미확보,건조,맑음,교차로 - 교차로안,승용,남,38세,상해없음,승용,남,36세,경상
2022091600100047,2022년 9월 16일 05시,금요일,충청남도 천안시 서북구 성환읍,사망사고,1,0,0,0,차대사람 - 횡단중,보행자보호의무위반,건조,맑음,단일로 - 기타,승용,여,53세,상해없음,보행자,남,80세,사망
2022091600100246,2022년 9월 16일 12시,금요일,충청남도 천안시 서북구 차암동,경상사고,0,0,3,0,차대차 - 측면충돌,직진우회전진행방해,건조,맑음,교차로 - 교차로안,승용,남,50세,상해없음,승용,남,32세,경상
2022091600100305,2022년 9월 16일 14시,금요일,충청남도 천안시 서북구 불당동,경상사고,0,0,1,0,차대차 - 측면충돌,직진우회전진행방해,건조,맑음,교차로 - 교차로안,승용,여,27세,상해없음,승용,여,39세,경상
2022091600100379,2022년 9월 16일 16시,금요일,충청남도 천안시 서북구 쌍용동,경상사고,0,0,1,0,차대사람 - 횡단중,보행자보호의무위반,건조,맑음,교차로 - 교차로부근,화물,남,34세,상해없음,보행자,여,30세,경상
2022091600100434,2022년 9월 16일 17시,금요일,충청남도 천안시 동남구 청당동,경상사고,0,0,1,0,차대차 - 측면충돌,안전운전불이행,건조,맑음,단일로 - 기타,승용,남,67세,상해없음,승용,남,41세,경상
2022091600100491,2022년 9월 16일 18시,금요일,충청남도 천안시 동남구 용곡동,경상사고,0,0,4,0,차대차 - 추돌,안전운전불이행,건조,맑음,단일로 - 기타,승용,남,30세,상해없음,승용,남,27세,경상
2022091600100558,2022년 9월 16일 19시,금요일,충청남도 천안시 동남구 병천면,경상사고,0,0,1,0,차대차 - 기타,안전운전불이행,건조,맑음,단일로 - 기타,이륜,남,48세,경상,화물,남,54세,상해없음
2022091600100559,2022년 9월 16일 19시,금요일,충청남도 천안시 동남구 다가동,경상사고,0,0,1,0,차대차 - 측면충돌,신호위반,건조,맑음,단일로 - 기타,승용,남,61세,상해없음,이륜,남,50세,경상
2022091600100610,2022년 9월 16일 20시,금요일,충청남도 천안시 서북구 쌍용동,경상사고,0,0,1,0,차대차 - 기타,안전운전불이행,건조,맑음,교차로 - 교차로안,승용,남,26세,상해없음,이륜,남,28세,경상
2022091600100611,2022년 9월 16일 20시,금요일,충청남도 천안시 서북구 성정동,경상사고,0,0,4,0,차대차 - 측면충돌,안전거리미확보,건조,맑음,단일로 - 기타,승용,남,57세,상해없음,승용,남,51세,경상
2022091600100693,2022년 9월 16일 23시,금요일,충청남도 천안시 서북구 성정동,경상사고,0,0,1,0,차대사람 - 횡단중,신호위반,건조,맑음,교차로 - 교차로부근,기타불명,기타불명,미분류,기타불명,보행자,여,26세,경상
2022091700100086,2022년 9월 17일 06시,토요일,충청남도 천안시 서북구 입장면,경상사고,0,0,1,0,차대차 - 측면충돌,안전운전불이행,건조,맑음,교차로 - 교차로안,승용,남,30세,상해없음,승용,남,45세,경상
2022091700100103,2022년 9월 17일 07시,토요일,충청남도 천안시 동남구 풍세면,경상사고,0,0,1,0,차대차 - 기타,안전운전불이행,건조,맑음,기타 - 기타,승용,남,63세,기타불명,화물,남,65세,경상
2022091700100121,2022년 9월 17일 08시,토요일,충청남도 천안시 서북구 쌍용동,경상사고,0,0,1,0,차대차 - 측면충돌,안전거리미확보,건조,맑음,단일로 - 기타,승용,남,33세,기타불명,승용,남,64세,경상
2022091700100147,2022년 9월 17일 09시,토요일,충청남도 천안시 동남구 청당동,경상사고,0,0,1,0,차대차 - 기타,안전운전불이행,건조,맑음,기타 - 기타,승용,여,59세,경상,특수,남,63세,상해없음
2022091700100205,2022년 9월 17일 11시,토요일,충청남도 천안시 서북구 성환읍,경상사고,0,0,1,0,차대차 - 측면충돌,교차로운행방법위반,건조,맑음,교차로 - 교차로안,승용,남,43세,상해없음,화물,남,62세,경상
2022091700100248,2022년 9월 17일 12시,토요일,충청남도 천안시 서북구 불당동,경상사고,0,0,1,0,차대차 - 기타,안전운전불이행,건조,맑음,교차로 - 교차로횡단보도내,승용,여,38세,상해없음,자전거,남,9세,경상
2022091700100355,2022년 9월 17일 15시,토요일,충청남도 천안시 서북구 백석동,경상사고,0,0,2,0,차대차 - 기타,안전거리미확보,건조,맑음,교차로 - 교차로부근,승용,여,53세,상해없음,승용,여,36세,경상
2022091700100505,2022년 9월 17일 19시,토요일,충청남도 천안시 서북구 백석동,경상사고,0,0,1,0,차대차 - 기타,불법유턴,건조,맑음,교차로 - 교차로부근,자전거,남,10세,경상,승용,여,47세,상해없음
2022091700100506,2022년 9월 17일 19시,토요일,충청남도 천안시 서북구 쌍용동,중상사고,0,1,0,0,차대사람 - 차도통행중,안전운전불이행,건조,맑음,단일로 - 기타,개인형이동수단(PM),남,17세,상해없음,보행자,여,58세,중상
2022091700100548,2022년 9월 17일 20시,토요일,충청남도 천안시 서북구 쌍용동,경상사고,0,0,5,0,차대차 - 측면충돌,안전운전불이행,건조,맑음,단일로 - 기타,승합,남,45세,상해없음,승용,남,31세,경상
2022091700100602,2022년 9월 17일 22시,토요일,충청남도 천안시 서북구 두정동,경상사고,0,0,1,0,차대차 - 측면충돌,안전운전불이행,건조,맑음,교차로 - 교차로안,승용,여,44세,상해없음,승용,여,52세,경상
2022091700100603,2022년 9월 17일 22시,토요일,충청남도 천안시 서북구 백석동,경상사고,0,0,1,0,차대차 - 측면충돌,안전운전불이행,건조,맑음,단일로 - 기타,승용,남,61세,상해없음,이륜,남,49세,경상
2022091700100620,2022년 9월 17일 23시,토요일,충청남도 천안시 서북구 두정동,경상사고,0,0,1,0,차대차 - 측면충돌,안전운전불이행,건조,맑음,교차로 - 교차로안,이륜,남,17세,상해없음,이륜,남,38세,경상
2022091700100621,2022년 9월 17일 23시,토요일,충청남도 천안시 서북구 두정동,경상사고,0,0,1,0,차대차 - 후진중충돌,안전운전불이행,건조,맑음,단일로 - 기타,승용,남,26세,상해없음,승용,남,38세,경상
2022091800100110,2022년 9월 18일 11시,일요일,충청남도 천안시 동남구 성남면,경상사고,0,0,2,0,차대차 - 추돌,안전운전불이행,건조,맑음,단일로 - 기타,승용,남,20세,기타불명,승용,남,38세,경상
2022091800100202,2022년 9월 18일 14시,일요일,충청남도 천안시 동남구 원성동,사망사고,1,0,0,0,차대차 - 측면충돌,안전운전불이행,건조,맑음,교차로 - 교차로부근,승합,남,60세,상해없음,승용,남,29세,상해없음
2022091800100316,2022년 9월 18일 18시,일요일,충청남도 천안시 서북구 불당동,경상사고,0,0,1,0,차대차 - 기타,신호위반,건조,맑음,교차로 - 교차로안,승용,남,32세,상해없음,이륜,남,21세,경상
2022091800100436,2022년 9월 18일 23시,일요일,충청남도 천안시 서북구 두정동,중상사고,0,1,1,0,차대사람 - 횡단중,보행자보호의무위반,건조,맑음,단일로 - 기타,승용,남,67세,상해없음,보행자,남,41세,중상
2022091900100028,2022년 9월 19일 04시,월요일,충청남도 천안시 서북구 성정동,경상사고,0,0,1,0,차대사람 - 기타,안전운전불이행,건조,맑음,단일로 - 기타,승용,남,25세,상해없음,보행자,남,46세,경상
2022091900100047,2022년 9월 19일 06시,월요일,충청남도 천안시 서북구 성정동,경상사고,0,0,2,0,차대차 - 기타,안전운전불이행,건조,맑음,교차로 - 교차로안,승용,남,27세,경상,승용,남,30세,경상