사고번호,사고일시,요일,시군구,사고내용,사망자수,중상자수,경상자수,부상신고자수,사고유형,법규위반,노면상태,기상상태,도로형태,가해운전자 차종,가해운전자 성별,가해운전자 연령,가해운전자 상해정도,피해운전자 차종,피해운전자 성별,피해운전자 연령,피해운전자 상해정도
2022091900100267,2022년 9월 19일 14시,월요일,충청남도 천안시 서북구 백석동,경상사고,0,0,1,0,차대차 - 측면충돌,안전운전불이행,건조,맑음,단일로 - 기타,승용,여,65세,상해없음,승용,여,29세,경상
2022091900100343,2022년 9월 19일 16시,월요일,충청남도 천안시 서북구 불당동,중상사고,0,1,0,0,차대사람 - 횡단중,신호위반,건조,맑음,교차로 - 교차로안,승용,여,52세,상해없음,보행자,여,16세,중상
2022091900100432,2022년 9월 19일 18시,월요일,충청남도 천안시 서북구 쌍용동,경상사고,0,0,1,0,차대차 - 정면충돌,신호위반,건조,맑음,교차로 - 교차로안,승용,남,65세,기타불명,승용,남,27세,경상
2022091900100503,2022년 9월 19일 20시,월요일,충청남도 천안시 서북구 성정동,경상사고,0,0,1,0,차대사람 - 기타,안전운전불이행,건조,맑음,교차로 - 교차로안,승용,남,52세,상해없음,보행자,여,59세,경상
2022092000100206,2022년 9월 20일 11시,화요일,충청남도 천안시 동남구 안서동,중상사고,0,1,1,0,차대차 - 추돌,안전거리미확보,건조,맑음,단일로 - 기타,화물,남,30세,경상,이륜,남,46세,중상
2022092000100354,2022년 9월 20일 15시,화요일,충청남도 천안시 동남구 목천읍,경상사고,0,0,3,0,차대차 - 정면충돌,안전운전불이행,건조,맑음,단일로 - 기타,승용,남,75세,상해없음,승용,남,61세,경상
2022092000100533,2022년 9월 20일 19시,화요일,충청남도 천안시 동남구 신방동,경상사고,0,0,1,0,차대차 - 기타,안전거리미확보,건조,맑음,단일로 - 기타,승용,여,19세,상해없음,이륜,남,42세,경상
2022092000100565,2022년 9월 20일 20시,화요일,충청남도 천안시 서북구 백석동,경상사고,0,0,1,0,차대차 - 기타,안전운전불이행,건조,맑음,교차로 - 교차로부근,승용,남,46세,상해없음,승용,남,32세,경상
2022092000100597,2022년 9월 20일 21시,화요일,충청남도 천안시 서북구 성정동,사망사고,1,0,0,0,차대사람 - 횡단중,기타,건조,맑음,단일로 - 고가도로위,승용,여,46세,상해없음,보행자,남,64세,사망
2022092000100599,2022년 9월 20일 21시,화요일,충청남도 천안시 동남구 안서동,경상사고,0,0,1,0,차대차 - 측면충돌,불법유턴,건조,맑음,단일로 - 기타,승용,여,40세,상해없음,원동기,남,23세,경상
2022092000100620,2022년 9월 20일 22시,화요일,충청남도 천안시 서북구 성정동,경상사고,0,0,1,0,차대차 - 측면충돌,중앙선침범,건조,맑음,단일로 - 기타,승용,남,35세,상해없음,원동기,남,16세,경상
2022092000100622,2022년 9월 20일 22시,화요일,충청남도 천안시 동남구 병천면,경상사고,0,0,1,0,차대사람 - 횡단중,안전운전불이행,건조,맑음,교차로 - 교차로안,승용,남,58세,상해없음,보행자,여,23세,경상
2022092100100029,2022년 9월 21일 05시,수요일,충청남도 천안시 서북구 직산읍,사망사고,1,0,0,0,차량단독 - 공작물충돌,안전운전불이행,건조,맑음,단일로 - 기타,승용,남,28세,사망,,,,
2022092100100030,2022년 9월 21일 05시,수요일,충청남도 천안시 서북구 성정동,경상사고,0,0,1,0,차대차 - 기타,안전운전불이행,건조,맑음,단일로 - 기타,승용,남,63세,상해없음,승용,남,29세,경상
2022092100100039,2022년 9월 21일 06시,수요일,충청남도 천안시 동남구 신방동,경상사고,0,0,1,0,차대사람 - 횡단중,보행자보호의무위반,건조,맑음,교차로 - 교차로횡단보도내,승용,남,57세,상해없음,보행자,여,75세,경상
2022092100100097,2022년 9월 21일 08시,수요일,충청남도 천안시 서북구 성거읍,경상사고,0,0,1,0,차대차 - 추돌,안전운전불이행,건조,맑음,교차로 - 교차로부근,승용,남,40세,상해없음,승용,여,39세,경상
2022092100100098,2022년 9월 21일 08시,수요일,충청남도 천안시 서북구 백석동,경상사고,0,0,1,0,차대차 - 기타,신호위반,건조,맑음,단일로 - 기타,승용,남,70세,상해없음,승용,남,40세,경상
2022092100100144,2022년 9월 21일 09시,수요일,충청남도 천안시 서북구 성정동,경상사고,0,0,1,1,차대차 - 측면충돌,안전운전불이행,건조,맑음,단일로 - 기타,승용,여,57세,부상신고,승용,여,35세,경상
2022092100100180,2022년 9월 21일 10시,수요일,충청남도 천안시 서북구 성정동,경상사고,0,0,1,0,차대차 - 기타,안전거리미확보,건조,맑음,교차로 - 교차로안,승용,남,27세,상해없음,이륜,남,56세,경상
2022092100100181,2022년 9월 21일 10시,수요일,충청남도 천안시 서북구 쌍용동,경상사고,0,0,2,0,차대차 - 측면충돌,안전운전불이행,건조,맑음,교차로 - 교차로안,화물,남,61세,상해없음,승용,남,42세,경상
2022092100100258,2022년 9월 21일 12시,수요일,충청남도 천안시 동남구 신부동,경상사고,0,0,1,0,차대차 - 측면충돌,차로위반,건조,맑음,교차로 - 교차로부근,승용,여,26세,상해없음,승용,남,28세,경상
2022092100100407,2022년 9월 21일 16시,수요일,충청남도 천안시 서북구 쌍용동,경상사고,0,0,1,0,차대차 - 측면충돌,안전거리미확보,건조,맑음,교차로 - 교차로부근,승용,여,51세,상해없음,승용,남,61세,경상
2022092100100408,2022년 9월 21일 16시,수요일,충청남도 천안시 동남구 봉명동,사망사고,1,0,0,0,차대사람 - 횡단중,보행자보호의무위반,건조,맑음,기타 - 기타,특수,남,25세,상해없음,보행자,여,67세,사망
2022092100100409,2022년 9월 21일 16시,수요일,충청남도 천안시 동남구 신부동,경상사고,0,0,2,0,차대차 - 기타,기타,건조,맑음,기타 - 기타,특수,남,52세,상해없음,승용,여,44세,경상
2022092100100524,2022년 9월 21일 18시,수요일,충청남도 천안시 동남구 신부동,경상사고,0,0,1,0,차대차 - 추돌,안전운전불이행,건조,맑음,단일로 - 기타,승용,남,67세,상해없음,승용,남,33세,경상
2022092100100562,2022년 9월 21일 19시,수요일,충청남도 천안시 서북구 성정동,경상사고,0,0,1,0,차대사람 - 횡단중,보행자보호의무위반,건조,맑음,교차로 - 교차로횡단보도내,승용,남,56세,상해없음,보행자,남,44세,경상
2022092100100601,2022년 9월 21일 20시,수요일,충청남도 천안시 서북구 성정동,경상사고,0,0,1,0,차대차 - 기타,안전운전불이행,건조,맑음,교차로 - 교차로안,승용,여,61세,상해없음,이륜,남,31세,경상
2022092100100630,2022년 9월 21일 21시,수요일,충청남도 천안시 서북구 두정동,경상사고,0,0,1,0,차대차 - 측면충돌,안전운전불이행,건조,맑음,교차로 - 교차로부근,승용,여,50세,상해없음,이륜,남,17세,경상
2022092200100005,2022년 9월 22일 00시,목요일,충청남도 천안시 서북구 성정동,중상사고,0,1,1,0,차대차 - 측면충돌,중앙선침범,건조,맑음,교차로 - 교차로부근,승용,여,41세,상해없음,승용,남,61세,경상
2022092200100115,2022년 9월 22일 08시,목요일,충청남도 천안시 서북구 두정동,경상사고,0,0,1,0,차대차 - 측면충돌,안전운전불이행,건조,맑음,단일로 - 기타,승용,여,50세,상해없음,승용,남,42세,경상
2022092200100116,2022년 9월 22일 08시,목요일,충청남도 천안시 서북구 성거읍,중상사고,0,1,0,0,차대차 - 추돌,안전운전불이행,건조,흐림,교차로 - 교차로부근,승용,남,22세,상해없음,승용,여,63세,중상
2022092200100119,2022년 9월 22일 08시,목요일,충청남도 천안시 동남구 신부동,경상사고,0,0,1,0,차대사람 - 횡단중,보행자보호의무위반,건조,맑음,교차로 - 교차로안,승용,여,39세,상해없음,보행자,여,52세,경상
2022092200100120,2022년 9월 22일 08시,목요일,충청남도 천안시 동남구 구성동,중상사고,0,1,1,0,차대차 - 측면충돌,안전운전불이행,건조,맑음,교차로 - 교차로안,원동기,남,79세,중상,승용,여,49세,경상
2022092200100164,2022년 9월 22일 09시,목요일,충청남도 천안시 동남구 청당동,경상사고,0,0,2,0,차대차 - 기타,신호위반,건조,맑음,교차로 - 교차로안,승용,여,27세,상해없음,승용,남,31세,경상
2022092200100204,2022년 9월 22일 10시,목요일,충청남도 천안시 서북구 두정동,경상사고,0,0,1,0,차량단독 - 기타,안전운전불이행,건조,맑음,기타 - 기타,승합,남,59세,기타불명,,,,
2022092200100205,2022년 9월 22일 10시,목요일,충청남도 천안시 동남구 풍세면,중상사고,0,1,0,0,차대차 - 기타,안전운전불이행,건조,맑음,교차로 - 교차로안,승용,여,75세,기타불명,자전거,남,82세,중상
2022092200100207,2022년 9월 22일 10시,목요일,충청남도 천안시 동남구 구룡동,경상사고,0,0,1,0,차대차 - 측면충돌,안전운전불이행,건조,맑음,단일로 - 기타,승용,남,66세,상해없음,승용,남,38세,경상
2022092200100231,2022년 9월 22일 11시,목요일,충청남도 천안시 동남구 구룡동,경상사고,0,0,1,1,차대차 - 기타,안전운전불이행,건조,맑음,교차로 - 교차로안,승용,여,47세,경상,승용,여,58세,부상신고
2022092200100354,2022년 9월 22일 15시,목요일,충청남도 천안시 서북구 불당동,중상사고,0,1,2,0,차대차 - 기타,신호위반,건조,맑음,교차로 - 교차로안,원동기,남,18세,중상,승용,여,40세,경상
2022092200100357,2022년 9월 22일 15시,목요일,충청남도 천안시 동남구 오룡동,경상사고,0,0,3,0,차대차 - 측면충돌,신호위반,건조,맑음,교차로 - 교차로안,승용,남,67세,상해없음,승용,남,60세,경상
2022092200100393,2022년 9월 22일 16시,목요일,충청남도 천안시 동남구 안서동,중상사고,0,1,0,0,차대사람 - 기타,안전운전불이행,건조,맑음,단일로 - 기타,승용,남,31세,상해없음,보행자,여,55세,중상
2022092200100531,2022년 9월 22일 19시,목요일,충청남도 천안시 서북구 성정동,중상사고,0,1,0,0,차대사람 - 기타,보행자보호의무위반,건조,맑음,기타 - 기타,승용,여,56세,상해없음,보행자,남,56세,중상
2022092200100569,2022년 9월 22일 20시,목요일,충청남도 천안시 동남구 삼룡동,경상사고,0,0,2,0,차대차 - 기타,교차로운행방법위반,건조,맑음,교차로 - 교차로안,승용,남,35세,상해없음,승용,남,38세,경상
2022092200100570,2022년 9월 22일 20시,목요일,충청남도 천안시 동남구 신부동,중상사고,0,1,0,0,차대사람 - 횡단중,신호위반,건조,맑음,교차로 - 교차로안,이륜,남,26세,상해없음,보행자,남,39세,중상
2022092200100593,2022년 9월 22일 21시,목요일,충청남도 천안시 동남구 청수동,경상사고,0,0,2,0,차대차 - 기타,안전운전불이행,건조,맑음,교차로 - 교차로안,승용,남,43세,경상,승용,여,29세,경상
2022092200100635,2022년 9월 22일 23시,목요일,충청남도 천안시 서북구 성정동,경상사고,0,0,1,0,차대차 - 추돌,안전운전불이행,건조,맑음,단일로 - 기타,이륜,남,19세,상해없음,승용,여,32세,경상
2022092300100025,2022년 9월 23일 04시,금요일,충청남도 천안시 동남구 목천읍,경상사고,0,0,1,0,차대차 - 측면충돌,안전운전불이행,건조,맑음,단일로 - 기타,승용,남,28세,상해없음,화물,남,46세,경상
2022092300100048,2022년 9월 23일 06시,금요일,충청남도 천안시 서북구 성거읍,경상사고,0,0,1,0,차대차 - 기타,신호위반,건조,맑음,교차로 - 교차로안,승용,남,41세,상해없음,화물,남,59세,경상
2022092300100095,2022년 9월 23일 08시,금요일,충청남도 천안시 서북구 두정동,중상사고,0,1,0,0,차대사람 - 기타,보행자보호의무위반,건조,맑음,교차로 - 교차로횡단보도내,승합,남,62세,상해없음,보행자,남,64세,중상
2022092300100096,2022년 9월 23일 08시,금요일,충청남도 천안시 서북구 직산읍,경상사고,0,0,1,0,차대차 - 기타,안전거리미확보,건조,맑음,단일로 - 기타,화물,남,70세,상해없음,승용,남,49세,경상
2022092300100168,2022년 9월 23일 10시,금요일,충청남도 천안시 동남구 신부동,경상사고,0,0,1,0,차대차 - 기타,안전운전불이행,건조,맑음,단일로 - 기타,승용,남,69세,상해없음,승용,여,49세,기타불명
2022092300100278,2022년 9월 23일 13시,금요일,충청남도 천안시 동남구 성남면,경상사고,0,0,1,0,차대차 - 측면충돌,안전운전불이행,건조,맑음,단일로 - 기타,건설기계,남,65세,상해없음,화물,남,48세,경상
2022092300100363,2022년 9월 23일 15시,금요일,충청남도 천안시 서북구 쌍용동,경상사고,0,0,2,0,차대차 - 추돌,안전운전불이행,건조,맑음,단일로 - 기타,화물,남,37세,상해없음,승용,여,47세,경상
2022092300100459,2022년 9월 23일 17시,금요일,충청남도 천안시 서북구 입장면,중상사고,0,2,2,0,차대차 - 측면충돌,직진우회전진행방해,건조,맑음,교차로 - 교차로안,승용,남,30세,경상,승용,남,45세,중상
2022092300100505,2022년 9월 23일 18시,금요일,충청남도 천안시 서북구 성정동,경상사고,0,0,2,0,차대차 - 측면충돌,신호위반,건조,맑음,교차로 - 교차로안,승용,남,48세,상해없음,승용,남,48세,경상
2022092300100506,2022년 9월 23일 18시,금요일,충청남도 천안시 동남구 수신면,경상사고,0,0,2,0,차대차 - 추돌,안전운전불이행,건조,맑음,단일로 - 기타,승용,남,30세,상해없음,승용,남,21세,상해없음
2022092300100562,2022년 9월 23일 19시,금요일,충청남도 천안시 서북구 와촌동,중상사고,0,1,0,0,차대차 - 측면충돌,직진우회전진행방해,건조,맑음,교차로 - 교차로안,승용,남,35세,상해없음,자전거,남,71세,중상
2022092300100566,2022년 9월 23일 19시,금요일,충청남도 천안시 동남구 신부동,경상사고,0,0,1,0,차대차 - 기타,안전운전불이행,건조,맑음,단일로 - 기타,승합,남,48세,상해없음,승용,남,26세,경상
2022092400100009,2022년 9월 24일 00시,토요일,충청남도 천안시 서북구 성정동,경상사고,0,0,1,0,차대사람 - 횡단중,중앙선침범,건조,맑음,기타 - 기타,자전거,남,14세,상해없음,보행자,남,22세,경상
2022092400100010,2022년 9월 24일 00시,토요일,충청남도 천안시 동남구 신부동,경상사고,0,0,1,0,차대차 - 추돌,안전운전불이행,건조,맑음,단일로 - 기타,승용,남,25세,상해없음,승용,남,66세,상해없음
2022092400100073,2022년 9월 24일 07시,토요일,충청남도 천안시 동남구 신부동,경상사고,0,0,1,0,차대차 - 측면충돌,신호위반,건조,맑음,교차로 - 교차로안,승용,남,26세,기타불명,승용,여,57세,경상
2022092400100121,2022년 9월 24일 09시,토요일,충청남도 천안시 동남구 용곡동,경상사고,0,0,6,0,차대차 - 추돌,안전운전불이행,건조,맑음,단일로 - 기타,승용,남,54세,상해없음,승용,여,35세,경상
2022092400100239,2022년 9월 24일 12시,토요일,충청남도 천안시 서북구 두정동,경상사고,0,0,1,0,차대차 - 기타,안전운전불이행,건조,맑음,교차로 - 교차로부근,화물,남,46세,상해없음,원동기,남,49세,경상
2022092400100240,2022년 9월 24일 12시,토요일,충청남도 천안시 서북구 백석동,경상사고,0,0,1,0,차대차 - 측면충돌,안전거리미확보,건조,맑음,단일로 - 기타,이륜,남,33세,상해없음,승합,남,35세,경상
2022092400100300,2022년 9월 24일 13시,토요일,충청남도 천안시 동남구 사직동,경상사고,0,0,1,0,차대사람 - 차도통행중,안전운전불이행,건조,맑음,단일로 - 기타,승용,여,76세,기타불명,보행자,여,88세,경상
2022092400100461,2022년 9월 24일 17시,토요일,충청남도 천안시 서북구 불당동,경상사고,0,0,3,0,차대차 - 추돌,안전운전불이행,건조,맑음,단일로 - 기타,승합,남,52세,상해없음,승합,남,47세,상해없음
2022092400100600,2022년 9월 24일 21시,토요일,충청남도 천안시 서북구 불당동,경상사고,0,0,3,0,차대차 - 추돌,안전운전불이행,건조,맑음,단일로 - 기타,승합,남,47세,상해없음,승합,남,58세,상해없음
2022092400100601,2022년 9월 24일 21시,토요일,충청남도 천안시 서북구 백석동,경상사고,0,0,1,0,차대차 - 추돌,안전운전불이행,건조,맑음,교차로 - 교차로안,승용,남,25세,상해없음,승용,여,41세,경상
2022092500100079,2022년 9월 25일 08시,일요일,충청남도 천안시 서북구 성정동,경상사고,0,0,1,0,차대사람 - 기타,안전운전불이행,건조,맑음,단일로 - 기타,승용,남,51세,상해없음,보행자,여,65세,경상
2022092500100115,2022년 9월 25일 10시,일요일,충청남도 천안시 서북구 두정동,경상사고,0,0,5,0,차대차 - 기타,안전운전불이행,건조,맑음,단일로 - 기타,승용,남,60세,상해없음,승용,여,57세,경상
2022092500100137,2022년 9월 25일 11시,일요일,충청남도 천안시 동남구 광덕면,경상사고,0,0,1,0,차대차 - 기타,중앙선침범,건조,맑음,단일로 - 기타,건설기계,남,34세,상해없음,자전거,남,56세,경상
2022092500100218,2022년 9월 25일 14시,일요일,충청남도 천안시 서북구 쌍용동,경상사고,0,0,3,0,차대차 - 측면충돌,안전거리미확보,건조,맑음,교차로 - 교차로안,승용,여,60세,상해없음,승용,남,36세,경상
2022092500100433,2022년 9월 25일 21시,일요일,충청남도 천안시 동남구 신방동,경상사고,0,0,3,0,차대차 - 측면충돌,차로위반,건조,맑음,단일로 - 기타,승용,여,28세,경상,승용,남,34세,경상
2022092600100004,2022년 9월 26일 00시,월요일,충청남도 천안시 동남구 신부동,경상사고,0,0,1,0,차대차 - 측면충돌,중앙선침범,건조,맑음,교차로 - 교차로부근,이륜,남,32세,상해없음,승용,남,59세,경상
2022092600100005,2022년 9월 26일 00시,월요일,충청남도 천안시 동남구 신부동,중상사고,0,2,0,0,차대사람 - 횡단중,신호위반,건조,맑음,단일로 - 기타,이륜,남,16세,중상,보행자,남,23세,중상
2022092600100013,2022년 9월 26일 02시,월요일,충청남도 천안시 동남구 구성동,경상사고,0,0,2,0,차대차 - 측면충돌,신호위반,건조,맑음,교차로 - 교차로안,화물,남,53세,상해없음,승용,여,23세,경상
2022092600100108,2022년 9월 26일 08시,월요일,충청남도 천안시 동남구 원성동,경상사고,0,0,1,0,차대차 - 추돌,안전운전불이행,건조,맑음,단일로 - 기타,화물,남,51세,상해없음,승용,여,44세,경상
2022092600100184,2022년 9월 26일 10시,월요일,충청남도 천안시 서북구 두정동,경상사고,0,0,2,0,차대차 - 기타,안전운전불이행,건조,맑음,단일로 - 기타,승용,남,42세,상해없음,화물,남,44세,경상
2022092600100275,2022년 9월 26일 13시,월요일,충청남도 천안시 서북구 불당동,경상사고,0,0,1,0,차대차 - 기타,교차로운행방법위반,건조,맑음,기타 - 기타,승용,남,28세,상해없음,승용,여,30세,경상
2022092600100277,2022년 9월 26일 13시,월요일,충청남도 천안시 동남구 원성동,경상사고,0,0,1,0,차대차 - 기타,안전운전불이행,건조,맑음,단일로 - 기타,화물,남,71세,상해없음,화물,남,46세,경상
2022092600100307,2022년 9월 26일 14시,월요일,충청남도 천안시 서북구 성거읍,경상사고,0,0,5,0,차대차 - 기타,신호위반,건조,맑음,교차로 - 교차로안,승합,남,56세,상해없음,승용,여,61세,경상
2022092600100308,2022년 9월 26일 14시,월요일,충청남도 천안시 동남구 구성동,중상사고,0,1,0,0,차대사람 - 횡단중,보행자보호의무위반,건조,맑음,교차로 - 교차로횡단보도내,승용,여,41세,상해없음,보행자,남,9세,중상
2022092600100373,2022년 9월 26일 16시,월요일,충청남도 천안시 서북구 직산읍,경상사고,0,0,1,0,차대차 - 기타,안전거리미확보,건조,맑음,기타 - 기타,승합,남,69세,상해없음,화물,남,50세,경상
2022092600100413,2022년 9월 26일 17시,월요일,충청남도 천안시 서북구 성환읍,경상사고,0,0,1,0,차대차 - 기타,안전운전불이행,건조,흐림,기타 - 기타,승합,여,45세,상해없음,승용,여,47세,경상
2022092600100416,2022년 9월 26일 17시,월요일,충청남도 천안시 동남구 신방동,경상사고,0,0,1,0,차대차 - 측면충돌,안전거리미확보,건조,맑음,단일로 - 기타,승용,남,42세,상해없음,이륜,남,39세,경상
2022092600100458,2022년 9월 26일 18시,월요일,충청남도 천안시 서북구 부대동,경상사고,0,0,2,0,차대차 - 기타,안전운전불이행,건조,맑음,기타 - 기타,승용,남,44세,상해없음,화물,남,73세,경상
2022092600100562,2022년 9월 26일 21시,월요일,충청남도 천안시 동남구 병천면,경상사고,0,0,1,0,차대차 - 기타,교차로운행방법위반,건조,맑음,교차로 - 교차로안,승용,남,41세,경상,승용,남,36세,상해없음
2022092700100201,2022년 9월 27일 11시,화요일,충청남도 천안시 서북구 두정동,경상사고,0,0,1,0,차대차 - 측면충돌,안전운전불이행,건조,맑음,단일로 - 기타,승용,여,46세,상해없음,승용,남,39세,경상
2022092700100473,2022년 9월 27일 18시,화요일,충청남도 천안시 동남구 신부동,경상사고,0,0,3,0,차대차 - 측면충돌,교차로운행방법위반,건조,맑음,교차로 - 교차로안,승용,남,76세,경상,승용,남,33세,경상
2022092700100474,2022년 9월 27일 18시,화요일,충청남도 천안시 동남구 유량동,경상사고,0,0,1,0,차대차 - 측면충돌,안전운전불이행,건조,맑음,교차로 - 교차로안,승용,남,46세,상해없음,이륜,남,34세,경상
2022092700100611,2022년 9월 27일 21시,화요일,충청남도 천안시 동남구 신부동,경상사고,0,0,1,0,차대사람 - 보도통행중,보행자보호의무위반,건조,흐림,교차로 - 교차로횡단보도내,승용,남,36세,상해없음,보행자,여,21세,경상
2022092800100009,2022년 9월 28일 00시,수요일,충청남도 천안시 서북구 두정동,중상사고,0,1,0,0,차대차 - 측면충돌,안전운전불이행,건조,맑음,단일로 - 기타,승용,남,29세,상해없음,이륜,남,37세,중상
2022092800100047,2022년 9월 28일 06시,수요일,충청남도 천안시 서북구 백석동,경상사고,0,0,1,0,차대차 - 기타,안전거리미확보,건조,맑음,단일로 - 기타,특수,남,64세,상해없음,승용,남,40세,경상
2022092800100331,2022년 9월 28일 15시,수요일,충청남도 천안시 동남구 원성동,경상사고,0,0,1,0,차대차 - 기타,안전운전불이행,건조,맑음,교차로 - 교차로부근,승용,남,70세,상해없음,화물,남,60세,경상
2022092800100533,2022년 9월 28일 20시,수요일,충청남도 천안시 서북구 성정동,경상사고,0,0,1,0,차대사람 - 차도통행중,안전운전불이행,건조,맑음,기타 - 기타,기타불명,기타불명,미분류,기타불명,보행자,여,76세,경상
2022092800100585,2022년 9월 28일 22시,수요일,충청남도 천안시 동남구 신부동,중상사고,0,1,1,0,차대차 - 기타,중앙선침범,건조,맑음,단일로 - 기타,원동기,남,32세,경상,개인형이동수단(PM),남,15세,중상
2022092900100144,2022년 9월 29일 09시,목요일,충청남도 천안시 서북구 두정동,경상사고,0,0,1,0,차대차 - 측면충돌,안전운전불이행,건조,맑음,교차로 - 교차로부근,승용,남,40세,상해없음,승용,남,51세,경상
2022092900100243,2022년 9월 29일 12시,목요일,충청남도 천안시 동남구 풍세면,사망사고,2,1,1,0,차대차 - 추돌,안전운전불이행,건조,맑음,단일로 - 교량,화물,남,63세,사망,승용,여,42세,사망
2022092900100311,2022년 9월 29일 14시,목요일,충청남도 천안시 서북구 쌍용동,중상사고,0,1,0,0,차대차 - 측면충돌,안전운전불이행,건조,맑음,교차로 - 교차로부근,원동기,여,17세,중상,승용,여,54세,상해없음
2022092900100561,2022년 9월 29일 20시,목요일,충청남도 천안시 서북구 불당동,경상사고,0,0,2,0,차대차 - 기타,안전운전불이행,건조,맑음,단일로 - 기타,승용,남,60세,상해없음,승용,남,46세,경상
2022092900100590,2022년 9월 29일 21시,목요일,충청남도 천안시 동남구 풍세면,중상사고,0,1,2,0,차대차 - 추돌,안전운전불이행,건조,맑음,단일로 - 기타,승용,여,34세,상해없음,승용,남,59세,상해없음
2022092900100606,2022년 9월 29일 22시,목요일,충청남도 천안시 서북구 두정동,사망사고,1,0,0,0,차대차 - 기타,신호위반,건조,맑음,교차로 - 교차로부근,이륜,남,46세,사망,승용,여,34세,상해없음
2022092900100607,2022년 9월 29일 22시,목요일,충청남도 천안시 서북구 입장면,사망사고,1,0,0,0,차대사람 - 기타,안전운전불이행,건조,맑음,단일로 - 기타,승합,남,57세,상해없음,보행자,남,44세,사망
2022093000100035,2022년 9월 30일 02시,금요일,충청남도 천안시 서북구 성정동,경상사고,0,0,2,0,차대차 - 기타,신호위반,건조,맑음,교차로 - 교차로안,승용,남,27세,경상,승용,남,25세,경상
2022093000100058,2022년 9월 30일 05시,금요일,충청남도 천안시 서북구 쌍용동,중상사고,0,1,0,0,차대차 - 추돌,안전운전불이행,건조,맑음,단일로 - 기타,승용,남,42세,상해없음,이륜,남,70세,중상
2022093000100068,2022년 9월 30일 06시,금요일,충청남도 천안시 서북구 불당동,중상사고,0,1,2,1,차대차 - 측면충돌,기타,건조,맑음,교차로 - 교차로안,승용,남,45세,부상신고,승용,남,39세,경상
2022093000100119,2022년 9월 30일 08시,금요일,충청남도 천안시 서북구 쌍용동,경상사고,0,0,2,0,차대차 - 추돌,안전운전불이행,건조,맑음,단일로 - 기타,승용,여,26세,상해없음,승용,남,69세,경상
2022093000100289,2022년 9월 30일 13시,금요일,충청남도 천안시 동남구 다가동,경상사고,0,0,1,0,차대차 - 정면충돌,안전운전불이행,건조,맑음,교차로 - 교차로안,이륜,남,73세,상해없음,승용,여,46세,경상
2022093000100320,2022년 9월 30일 14시,금요일,충청남도 천안시 동남구 목천읍,경상사고,0,0,1,0,차대차 - 추돌,안전운전불이행,건조,맑음,교차로 - 교차로안,화물,남,51세,상해없음,승용,여,56세,경상
2022093000100399,2022년 9월 30일 16시,금요일,충청남도 천안시 동남구 청당동,경상사고,0,0,1,0,차대사람 - 횡단중,보행자보호의무위반,건조,맑음,단일로 - 기타,화물,남,23세,상해없음,보행자,여,19세,경상
2022093000100455,2022년 9월 30일 17시,금요일,충청남도 천안시 서북구 성환읍,경상사고,0,0,1,0,차대차 - 기타,안전운전불이행,건조,맑음,기타 - 기타,화물,남,47세,상해없음,승용,남,48세,경상
2022093000100456,2022년 9월 30일 17시,금요일,충청남도 천안시 동남구 신부동,경상사고,0,0,1,0,차대차 - 측면충돌,교차로운행방법위반,건조,맑음,교차로 - 교차로안,승용,남,54세,상해없음,승용,여,77세,경상
2022100100100259,2022년 10월 1일 12시,토요일,충청남도 천안시 서북구 쌍용동,사망사고,1,0,0,0,차대차 - 측면충돌,교차로운행방법위반,건조,맑음,교차로 - 교차로안,승용,남,78세,상해없음,사륜오토바이(ATV),남,25세,사망
2022100100100374,2022년 10월 1일 15시,토요일,충청남도 천안시 동남구 신부동,경상사고,0,0,1,0,차대차 - 후진중충돌,불법유턴,건조,맑음,교차로 - 교차로부근,승용,남,22세,상해없음,승용,남,28세,경상
2022100100100375,2022년 10월 1일 15시,토요일,충청남도 천안시 서북구 성거읍,경상사고,0,0,2,0,차대차 - 측면충돌,안전운전불이행,건조,맑음,단일로 - 기타,화물,남,64세,상해없음,승용,남,54세,경상
2022100100100489,2022년 10월 1일 18시,토요일,충청남도 천안시 서북구 쌍용동,경상사고,0,0,3,0,차대차 - 추돌,안전운전불이행,건조,맑음,교차로 - 교차로부근,이륜,남,39세,기타불명,승용,여,47세,경상
2022100100100490,2022년 10월 1일 18시,토요일,충청남도 천안시 서북구 성환읍,경상사고,0,0,1,0,차대차 - 측면충돌,교차로운행방법위반,건조,맑음,교차로 - 교차로안,승용,남,51세,상해없음,승용,남,31세,경상
2022100100100493,2022년 10월 1일 18시,토요일,충청남도 천안시 동남구 원성동,경상사고,0,0,1,0,차대차 - 측면충돌,안전운전불이행,건조,맑음,단일로 - 기타,승용,여,48세,상해없음,승용,여,36세,경상
2022100200100022,2022년 10월 2일 01시,일요일,충청남도 천안시 동남구 봉명동,경상사고,0,0,1,0,차대차 - 추돌,안전운전불이행,건조,맑음,단일로 - 기타,승용,남,26세,상해없음,승용,남,65세,경상
2022100200100116,2022년 10월 2일 11시,일요일,충청남도 천안시 서북구 두정동,경상사고,0,0,1,0,차대차 - 측면충돌,신호위반,건조,맑음,교차로 - 교차로안,승용,남,51세,상해없음,승용,여,27세,경상